渠道,产品名称,品牌,口味,不加税价格 (¥),单包含税价 (¥),美元价格 ($),毛重 (g),运费 (¥),价格/500g (¥),平摊运费 (¥/包),平摊运费后烟丝成本/20支,20支成品烟价 (¥),规格 (g),库存,分类
ribenyan,加热烟弹套餐2606O——TEREA烟弹15款各1包,加热烟套餐 ,,,9300,,,,,,,,,,套餐
ribenyan,香烟套餐2604L——9款各1包 含和平铁罐,香烟套餐 ,,,6200,,,,,,,,,,套餐
ribenyan,香烟套餐2601E——8款各1包 含和平铁罐,香烟套餐 ,,,6060,,,,,,,,,,套餐
ribenyan,香烟套餐2601D——12款各1包,香烟套餐 ,,,6550,,,,,,,,,,套餐
ribenyan,香烟套餐2601G——12款各1包,香烟套餐 ,,,6970,,,,,,,,,,套餐
ribenyan,美国精神/AmericanSpirit 有机烟叶 绿松石 12mg 14支装,AmericanSpirit 美国精神,,,420,,,,,,,,,,日本香烟
ribenyan,美国精神/AmericanSpirit 有机烟叶 金色 6mg 14支装,AmericanSpirit 美国精神,,,420,,,,,,,,,,日本香烟
ribenyan,美国精神/AmericanSpirit 淡味 8mg 14支装,AmericanSpirit 美国精神,,,420,,,,,,,,,,日本香烟
ribenyan,美国精神/AmericanSpirit 有机薄荷 淡味 9mg 14支装,AmericanSpirit 美国精神,,,420,,,,,,,,,,日本香烟
ribenyan,美国精神/AmericanSpirit 有机烟叶 ONE 1mg 14支装,AmericanSpirit 美国精神,,,420,,,,,,,,,,日本香烟
ribenyan,美国精神/AmericanSpirit 有机薄荷 超淡 5mg 14支装,AmericanSpirit 美国精神,,,420,,,,,,,,,,日本香烟
ribenyan,美国精神/AmericanSpirit 有机薄荷 ONE 1mg 14支装,AmericanSpirit 美国精神,,,420,,,,,,,,,,日本香烟
ribenyan,骆驼/Camel Craft 14mg 硬盒,Camel 骆驼,,,450,,,,,,,,,,日本香烟
ribenyan,骆驼/Camel Craft 12mg 硬盒,Camel 骆驼,,,450,,,,,,,,,,日本香烟
ribenyan,骆驼/Camel Craft 薄荷 梨爆珠 5mg 硬盒,Camel 骆驼,,,450,,,,,,,,,,日本香烟
ribenyan,骆驼/Camel Craft 薄荷 莓果爆珠 5mg 长支 细支,Camel 骆驼,,,450,,,,,,,,,,日本香烟
ribenyan,骆驼/Camel Craft 薄荷 梨爆珠 8mg 硬盒,Camel 骆驼,,,450,,,,,,,,,,日本香烟
ribenyan,骆驼/Camel Craft 薄荷 莓果爆珠 8mg 硬盒,Camel 骆驼,,,450,,,,,,,,,,日本香烟
ribenyan,骆驼/Camel Craft 薄荷 莓果爆珠 5mg 硬盒,Camel 骆驼,,,450,,,,,,,,,,日本香烟
ribenyan,骆驼/Camel Craft 薄荷 莓果爆珠 1mg 长支 细支,Camel 骆驼,,,450,,,,,,,,,,日本香烟
ribenyan,骆驼/Camel Craft 10mg 硬盒,Camel 骆驼,,,450,,,,,,,,,,日本香烟
ribenyan,骆驼/Camel Craft 6mg 硬盒,Camel 骆驼,,,450,,,,,,,,,,日本香烟
ribenyan,骆驼/Camel Craft 1mg 长支 细支,Camel 骆驼,,,450,,,,,,,,,,日本香烟
ribenyan,骆驼/Camel Craft 薄荷 5mg 硬盒,Camel 骆驼,,,450,,,,,,,,,,日本香烟
ribenyan,骆驼/Camel Craft 薄荷 5mg 长支 细支,Camel 骆驼,,,450,,,,,,,,,,日本香烟
ribenyan,骆驼/Camel Craft 薄荷 莓果爆珠 1mg 长支 硬盒,Camel 骆驼,,,450,,,,,,,,,,日本香烟
ribenyan,骆驼/Camel Craft 1mg 长支 硬盒,Camel 骆驼,,,450,,,,,,,,,,日本香烟
ribenyan,骆驼/Camel Craft 3mg 硬盒,Camel 骆驼,,,450,,,,,,,,,,日本香烟
ribenyan,骆驼/Camel Craft 薄荷 1mg 长支 硬盒,Camel 骆驼,,,450,,,,,,,,,,日本香烟
ribenyan,回声/Echo 香烟,Echo 回声,,,500,,,,,,,,,,日本香烟
ribenyan,Floyd 6,FLOYD ,,,540,,,,,,,,,,日本香烟
ribenyan,Floyd 1,FLOYD ,,,540,,,,,,,,,,日本香烟
ribenyan,喜力/Hi-lite 17mg 软盒,Hi-lite 喜力,,,520,,,,,,,,,,日本香烟
ribenyan,喜力/Hi-lite 薄荷 10mg,Hi-lite 喜力,,,520,,,,,,,,,,日本香烟
ribenyan,希望/Hope 原味 14mg 10支 硬盒,Hope 希望,,,300,,,,,,,,,,日本香烟
ribenyan,希望/Hope 淡味 9mg 10支 硬盒,Hope 希望,,,300,,,,,,,,,,日本香烟
ribenyan,希望/Hope 超淡 6mg 10支 硬盒,Hope 希望,,,300,,,,,,,,,,日本香烟
ribenyan,梅比乌斯/MEVIUS Premium薄荷 紫色爆珠 8mg 硬盒,MEVIUS 梅比乌斯,,,580,,,,,,,,,,日本香烟
ribenyan,梅比乌斯/MEVIUS Premium薄荷 紫色爆珠 5mg 硬盒,MEVIUS 梅比乌斯,,,580,,,,,,,,,,日本香烟
ribenyan,梅比乌斯/MEVIUS E系列 薄荷 紫色爆珠 5mg 长支 细支,MEVIUS 梅比乌斯,,,500,,,,,,,,,,日本香烟
ribenyan,梅比乌斯/MEVIUS Premium薄荷 黄色爆珠 5mg 硬盒,MEVIUS 梅比乌斯,,,580,,,,,,,,,,日本香烟
ribenyan,梅比乌斯/MEVIUS 特淡 3mg 软盒,MEVIUS 梅比乌斯,,,580,,,,,,,,,,日本香烟
ribenyan,梅比乌斯/MEVIUS RICH 12mg 软盒,MEVIUS 梅比乌斯,,,580,,,,,,,,,,日本香烟
ribenyan,梅比乌斯/MEVIUS 超淡 6mg 软盒,MEVIUS 梅比乌斯,,,580,,,,,,,,,,日本香烟
ribenyan,梅比乌斯/MEVIUS 1mg 软盒,MEVIUS 梅比乌斯,,,580,,,,,,,,,,日本香烟
ribenyan,梅比乌斯/MEVIUS 10mg 软盒,MEVIUS 梅比乌斯,,,580,,,,,,,,,,日本香烟
ribenyan,梅比乌斯/MEVIUS E系列 12mg 硬盒,MEVIUS 梅比乌斯,,,500,,,,,,,,,,日本香烟
ribenyan,梅比乌斯/MEVIUS E系列 薄荷 紫色爆珠 1mg 长支 细支,MEVIUS 梅比乌斯,,,500,,,,,,,,,,日本香烟
ribenyan,梅比乌斯/MEVIUS E系列 薄荷 冰风暴 5mg 硬盒,MEVIUS 梅比乌斯,,,500,,,,,,,,,,日本香烟
ribenyan,梅比乌斯/MEVIUS E系列 3mg 长支 细支 硬盒,MEVIUS 梅比乌斯,,,500,,,,,,,,,,日本香烟
ribenyan,梅比乌斯/MEVIUS 淡味 8mg 软盒,MEVIUS 梅比乌斯,,,580,,,,,,,,,,日本香烟
ribenyan,梅比乌斯/MEVIUS Premium薄荷 黄色爆珠 1mg 长支 硬盒,MEVIUS 梅比乌斯,,,580,,,,,,,,,,日本香烟
ribenyan,梅比乌斯/MEVIUS E系列 薄荷 冰风暴 1mg 长支 细支,MEVIUS 梅比乌斯,,,500,,,,,,,,,,日本香烟
ribenyan,梅比乌斯/MEVIUS Premium薄荷 紫色爆珠 1mg 长支 硬盒,MEVIUS 梅比乌斯,,,580,,,,,,,,,,日本香烟
ribenyan,梅比乌斯/MEVIUS E系列 薄荷 紫色爆珠 8mg 硬盒,MEVIUS 梅比乌斯,,,500,,,,,,,,,,日本香烟
ribenyan,梅比乌斯/MEVIUS 10mg 硬盒,MEVIUS 梅比乌斯,,,580,,,,,,,,,,日本香烟
ribenyan,梅比乌斯/MEVIUS RICH 12mg 硬盒,MEVIUS 梅比乌斯,,,580,,,,,,,,,,日本香烟
ribenyan,梅比乌斯/MEVIUS 10mg 长支 硬盒,MEVIUS 梅比乌斯,,,580,,,,,,,,,,日本香烟
ribenyan,梅比乌斯/MEVIUS 特淡 3mg 硬盒,MEVIUS 梅比乌斯,,,580,,,,,,,,,,日本香烟
ribenyan,梅比乌斯/MEVIUS E系列 1mg 长支 硬盒,MEVIUS 梅比乌斯,,,500,,,,,,,,,,日本香烟
ribenyan,梅比乌斯/MEVIUS E系列 薄荷 紫色爆珠 5mg 硬盒,MEVIUS 梅比乌斯,,,500,,,,,,,,,,日本香烟
ribenyan,梅比乌斯/MEVIUS E系列 薄荷 冰风暴 8mg 硬盒,MEVIUS 梅比乌斯,,,500,,,,,,,,,,日本香烟
ribenyan,梅比乌斯/MEVIUS 1mg 硬盒,MEVIUS 梅比乌斯,,,580,,,,,,,,,,日本香烟
ribenyan,梅比乌斯/MEVIUS E系列 6mg 长支 硬盒,MEVIUS 梅比乌斯,,,500,,,,,,,,,,日本香烟
ribenyan,梅比乌斯/MEVIUS E系列 薄荷 紫色爆珠 1mg 长支 硬盒,MEVIUS 梅比乌斯,,,500,,,,,,,,,,日本香烟
ribenyan,梅比乌斯/MEVIUS 特淡 3mg 长支 硬盒,MEVIUS 梅比乌斯,,,580,,,,,,,,,,日本香烟
ribenyan,梅比乌斯/MEVIUS 淡味 8mg 长支 硬盒,MEVIUS 梅比乌斯,,,580,,,,,,,,,,日本香烟
ribenyan,梅比乌斯/MEVIUS E系列 薄荷 冰风暴 1mg 长支 硬盒,MEVIUS 梅比乌斯,,,500,,,,,,,,,,日本香烟
ribenyan,梅比乌斯/MEVIUS E系列 10mg 硬盒,MEVIUS 梅比乌斯,,,500,,,,,,,,,,日本香烟
ribenyan,梅比乌斯/MEVIUS 1mg 长支 硬盒,MEVIUS 梅比乌斯,,,580,,,,,,,,,,日本香烟
ribenyan,梅比乌斯/MEVIUS 超淡 6mg 硬盒,MEVIUS 梅比乌斯,,,580,,,,,,,,,,日本香烟
ribenyan,梅比乌斯/MEVIUS E系列 3mg 长支 硬盒,MEVIUS 梅比乌斯,,,500,,,,,,,,,,日本香烟
ribenyan,梅比乌斯/MEVIUS 淡味 8mg 硬盒,MEVIUS 梅比乌斯,,,580,,,,,,,,,,日本香烟
ribenyan,梅比乌斯/MEVIUS E系列 1mg 长支 硬盒,MEVIUS 梅比乌斯,,,500,,,,,,,,,,日本香烟
ribenyan,梅比乌斯/MEVIUS Strong 1mg 长支,MEVIUS 梅比乌斯,,,580,,,,,,,,,,日本香烟
ribenyan,梅比乌斯/MEVIUS E系列 10mg 长支 硬盒,MEVIUS 梅比乌斯,,,500,,,,,,,,,,日本香烟
ribenyan,梅比乌斯/MEVIUS 超淡 6mg 长支 硬盒,MEVIUS 梅比乌斯,,,580,,,,,,,,,,日本香烟
ribenyan,梅比乌斯/MEVIUS E系列 6mg 硬盒,MEVIUS 梅比乌斯,,,500,,,,,,,,,,日本香烟
ribenyan,和平/Peace 黄 21mg 软盒,Peace 和平,,,600,,,,,,,,,,日本香烟
ribenyan,和平/Peace 淡味 10mg 硬盒,Peace 和平,,,600,,,,,,,,,,日本香烟
ribenyan,和平/Peace 小雪茄,Peace 和平,,,650,,,,,,,,,,日本香烟
ribenyan,和平/Peace 无嘴 28mg 10支 硬盒,Peace 和平,,,300,,,,,,,,,,日本香烟
ribenyan,和平/Peace 无嘴 28mg 50支 罐装,Peace 和平,,,1500,,,,,,,,,,日本香烟
ribenyan,和平/Peace 超淡 6mg 硬盒,Peace 和平,,,600,,,,,,,,,,日本香烟
ribenyan,碧丝梦/Pianissmo Petil 薄荷 1mg,Pianissmo 碧丝梦,,,570,,,,,,,,,,日本香烟
ribenyan,碧丝梦/Pianissmo Icene 薄荷 5mg,Pianissmo 碧丝梦,,,570,,,,,,,,,,日本香烟
ribenyan,碧丝梦/Pianissmo Precia 薄荷 1mg,Pianissmo 碧丝梦,,,570,,,,,,,,,,日本香烟
ribenyan,碧丝梦/Pianissmo Aria 薄荷 1mg,Pianissmo 碧丝梦,,,570,,,,,,,,,,日本香烟
ribenyan,七星/SevenStars 碳滤 14mg 软盒,SevenStars 七星,,,600,,,,,,,,,,日本香烟
ribenyan,七星/SevenStars 碳滤 10mg 硬盒,SevenStars 七星,,,600,,,,,,,,,,日本香烟
ribenyan,七星/SevenStars 碳滤 7mg 硬盒,SevenStars 七星,,,600,,,,,,,,,,日本香烟
ribenyan,七星/SevenStars Bold Black 18mg,SevenStars 七星,,,600,,,,,,,,,,日本香烟
ribenyan,七星/SevenStars 碳滤 14mg【硬盒】,SevenStars 七星,,,600,,,,,,,,,,日本香烟
ribenyan,七星/SevenStars 薄荷 8mg 硬盒,SevenStars 七星,,,600,,,,,,,,,,日本香烟
ribenyan,七星/SevenStars 薄荷 12mg 硬盒,SevenStars 七星,,,600,,,,,,,,,,日本香烟
ribenyan,七星/SevenStars Menthol Solid White 18mg,SevenStars 七星,,,600,,,,,,,,,,日本香烟
ribenyan,若叶/Wakaba 香烟,Wakaba 若叶,,,500,,,,,,,,,,日本香烟
ribenyan,云斯顿/Winston Caster 白 5mg 软盒,Winston 云斯顿,,,540,,,,,,,,,,日本香烟
ribenyan,云斯顿/Winston 红 12mg 软盒,Winston 云斯顿,,,530,,,,,,,,,,日本香烟
ribenyan,云斯顿/Winston Caster 白 5mg 硬盒,Winston 云斯顿,,,540,,,,,,,,,,日本香烟
ribenyan,云斯顿/Winston Caster 白 3mg 硬盒,Winston 云斯顿,,,540,,,,,,,,,,日本香烟
ribenyan,云斯顿/Winston Caster 白 1mg 长支 硬盒,Winston 云斯顿,,,540,,,,,,,,,,日本香烟
ribenyan,云斯顿/Winston Cabin 红 8mg 硬盒,Winston 云斯顿,,,540,,,,,,,,,,日本香烟
ribenyan,云斯顿/Winston Cabin 红 5mg 硬盒,Winston 云斯顿,,,540,,,,,,,,,,日本香烟
ribenyan,云斯顿/Winston Cabin 红 1mg 硬盒,Winston 云斯顿,,,540,,,,,,,,,,日本香烟
ribenyan,海马,海马 ウルマ,,,530,,,,,,,,,,日本香烟
ribenyan,Apache Red,APACHE ,,,480,,,,,,,,,,外国香烟
ribenyan,老船长/Ark Royal Sweet,Ark Royal 老船长,,,540,,,,,,,,,,外国香烟
ribenyan,老船长/Ark Royal Black Chocolate 黑巧克力,Ark Royal 老船长,,,540,,,,,,,,,,外国香烟
ribenyan,老船长/Ark Royal Caramel Macchiato,Ark Royal 老船长,,,550,,,,,,,,,,外国香烟
ribenyan,老船长/Ark Royal Apple Mint 苹果薄荷,Ark Royal 老船长,,,540,,,,,,,,,,外国香烟
ribenyan,老船长/Ark Royal Pipe,Ark Royal 老船长,,,540,,,,,,,,,,外国香烟
ribenyan,老船长/Ark Royal Paradise Tea,Ark Royal 老船长,,,540,,,,,,,,,,外国香烟
ribenyan,老船长/Ark Royal Paradise Tea 细支 1mg,Ark Royal 老船长,,,520,,,,,,,,,,外国香烟
ribenyan,宾利/Bentley Black,Bentley 宾利,,,700,,,,,,,,,,外国香烟
ribenyan,宾利/Bentley 薄荷,Bentley 宾利,,,700,,,,,,,,,,外国香烟
ribenyan,黑魔鬼/BlackDevil 可可 限量版,BlackDevil 黑魔鬼,,,580,,,,,,,,,,外国香烟
ribenyan,黑魔鬼/BlackDevil 原味,BlackDevil 黑魔鬼,,,580,,,,,,,,,,外国香烟
ribenyan,黑魔鬼/BlackDevil 粉红香草,BlackDevil 黑魔鬼,,,580,,,,,,,,,,外国香烟
ribenyan,黑魔鬼/BlackDevil 摩卡香草,BlackDevil 黑魔鬼,,,580,,,,,,,,,,外国香烟
ribenyan,黑魔鬼/BlackDevil 薄荷香草,BlackDevil 黑魔鬼,,,580,,,,,,,,,,外国香烟
ribenyan,黑魔鬼/BlackDevil 北极薄荷,BlackDevil 黑魔鬼,,,580,,,,,,,,,,外国香烟
ribenyan,黑魔鬼/BlackDevil 可可,BlackDevil 黑魔鬼,,,580,,,,,,,,,,外国香烟
ribenyan,黑杰克/BlackJack Supasawa Pineapple 8mg (菠萝),BlackJack 黑杰克,,,500,,,,,,,,,,外国香烟
ribenyan,黑杰克/BlackJack Supasawa Random 5mg (5种爆珠随机),BlackJack 黑杰克,,,550,,,,,,,,,,外国香烟
ribenyan,黑杰克/BlackJack Supasawa Lime 8mg (青柠),BlackJack 黑杰克,,,500,,,,,,,,,,外国香烟
ribenyan,黑杰克/BlackJack Supasawa Lemon 8mg (柠檬),BlackJack 黑杰克,,,500,,,,,,,,,,外国香烟
ribenyan,黑杰克/BlackJack Supasawa Mango 5mg (芒果),BlackJack 黑杰克,,,500,,,,,,,,,,外国香烟
ribenyan,黑杰克/BlackJack Supasawa Grapefruit 5mg (葡萄柚),BlackJack 黑杰克,,,500,,,,,,,,,,外国香烟
ribenyan,黑杰克/BlackJack Supasawa Lemon 5mg (柠檬),BlackJack 黑杰克,,,500,,,,,,,,,,外国香烟
ribenyan,黑杰克/BlackJack Ocean+Change,BlackJack 黑杰克,,,490,,,,,,,,,,外国香烟
ribenyan,黑杰克/BlackJack Ocean Mint,BlackJack 黑杰克,,,490,,,,,,,,,,外国香烟
ribenyan,黑杰克/BlackJack Ocean Blue,BlackJack 黑杰克,,,490,,,,,,,,,,外国香烟
ribenyan,黑杰克/BlackJack Island Black,BlackJack 黑杰克,,,490,,,,,,,,,,外国香烟
ribenyan,黑杰克/BlackJack Island Brown,BlackJack 黑杰克,,,490,,,,,,,,,,外国香烟
ribenyan,黑杰克/BlackJack Compact Brown,BlackJack 黑杰克,,,490,,,,,,,,,,外国香烟
ribenyan,黑杰克/BlackJack Compact Black,BlackJack 黑杰克,,,490,,,,,,,,,,外国香烟
ribenyan,黑杰克/BlackJack Compact+Change,BlackJack 黑杰克,,,490,,,,,,,,,,外国香烟
ribenyan,黑杰克/BlackJack Supasawa Blueberry 5mg (蓝莓),BlackJack 黑杰克,,,500,,,,,,,,,,外国香烟
ribenyan,BlackStone American Cherry,BlackStone 黑石,,,670,,,,,,,,,,外国香烟
ribenyan,宝亨/Bohem Cigar No.6 6mg,Bohem 宝亨,,,520,,,,,,,,,,外国香烟
ribenyan,宝亨/Bohem Cigar Mojito Double 5mg,Bohem 宝亨,,,520,,,,,,,,,,外国香烟
ribenyan,宝亨/Bohem Cigar Mini Super Slim Sepia,Bohem 宝亨,,,520,,,,,,,,,,外国香烟
ribenyan,宝亨/Bohem Cigar Mojito 6mg,Bohem 宝亨,,,520,,,,,,,,,,外国香烟
ribenyan,宝亨/Bohem Cigar Mojito One 1mg,Bohem 宝亨,,,520,,,,,,,,,,外国香烟
ribenyan,宝亨/Bohem Cigar Mini Super Slim Ivory,Bohem 宝亨,,,520,,,,,,,,,,外国香烟
ribenyan,宝亨/Bohem Cigar Grip,Bohem 宝亨,,,520,,,,,,,,,,外国香烟
ribenyan,Bright Long 5,BRIGHT ,,,460,,,,,,,,,,外国香烟
ribenyan,Bright Long 1,BRIGHT ,,,460,,,,,,,,,,外国香烟
ribenyan,Chapman Super Slim Cherry,CHAPMAN ,,,590,,,,,,,,,,外国香烟
ribenyan,Chapman Super Slim Vanilla,CHAPMAN ,,,590,,,,,,,,,,外国香烟
ribenyan,Che/切格瓦拉 红色,Che 切格瓦拉,,,570,,,,,,,,,,外国香烟
ribenyan,Che/切格瓦拉 黑色,Che 切格瓦拉,,,570,,,,,,,,,,外国香烟
ribenyan,Che/切格瓦拉 黑色 薄荷,Che 切格瓦拉,,,570,,,,,,,,,,外国香烟
ribenyan,Che/切格瓦拉 1mg 薄荷,Che 切格瓦拉,,,570,,,,,,,,,,外国香烟
ribenyan,Che/切格瓦拉 Blanco,Che 切格瓦拉,,,570,,,,,,,,,,外国香烟
ribenyan,Che/切格瓦拉 绿色 薄荷,Che 切格瓦拉,,,570,,,,,,,,,,外国香烟
ribenyan,卡比龙/Cigaronne 皇家 细支 黑色,Cigaronne 卡比龙,,,1200,,,,,,,,,,外国香烟
ribenyan,卡比龙/Cigaronne Royal Slims 薄荷,Cigaronne 卡比龙,,,1600,,,,,,,,,,外国香烟
ribenyan,卡比龙/Cigaronne Tattoo 香草,Cigaronne 卡比龙,,,800,,,,,,,,,,外国香烟
ribenyan,卡比龙/Cigaronne Exclusive 棕色,Cigaronne 卡比龙,,,1500,,,,,,,,,,外国香烟
ribenyan,卡比龙/Cigaronne Magnet,Cigaronne 卡比龙,,,800,,,,,,,,,,外国香烟
ribenyan,卡比龙/Cigaronne Tattoo 樱桃,Cigaronne 卡比龙,,,800,,,,,,,,,,外国香烟
ribenyan,卡比龙/Cigaronne Super Slims 薄荷,Cigaronne 卡比龙,,,780,,,,,,,,,,外国香烟
ribenyan,卡比龙/Cigaronne Tattoo 巧克力,Cigaronne 卡比龙,,,800,,,,,,,,,,外国香烟
ribenyan,卡比龙/Cigaronne 超细 黑色,Cigaronne 卡比龙,,,780,,,,,,,,,,外国香烟
ribenyan,卡比龙/Cigaronne 极致细 黑色,Cigaronne 卡比龙,,,700,,,,,,,,,,外国香烟
ribenyan,卡比龙/Cigaronne 幻影 银色,Cigaronne 卡比龙,,,1100,,,,,,,,,,外国香烟
ribenyan,Djarum Black Jasmine Tea 8,DJARUM ,,,280,,,,,,,,,,外国香烟
ribenyan,Djarum Black 8,DJARUM ,,,280,,,,,,,,,,外国香烟
ribenyan,Djarum Black Mint Tea 8,DJARUM ,,,280,,,,,,,,,,外国香烟
ribenyan,Djarum Super,DJARUM ,,,510,,,,,,,,,,外国香烟
ribenyan,Djarum Black Menthol 8,DJARUM ,,,280,,,,,,,,,,外国香烟
ribenyan,福尔特/Forte Extra Light,Forte 福尔特,,,460,,,,,,,,,,外国香烟
ribenyan,福尔特/Forte Extra Light 薄荷,Forte 福尔特,,,460,,,,,,,,,,外国香烟
ribenyan,福尔特/Forte 薄荷,Forte 福尔特,,,460,,,,,,,,,,外国香烟
ribenyan,福尔特/Forte 16支 Extra Light,Forte 福尔特,,,390,,,,,,,,,,外国香烟
ribenyan,福尔特/Forte 16支 Original,Forte 福尔特,,,390,,,,,,,,,,外国香烟
ribenyan,福尔特/Forte Original,Forte 福尔特,,,460,,,,,,,,,,外国香烟
ribenyan,福尔特/Forte 16支 Extra Light 薄荷,Forte 福尔特,,,390,,,,,,,,,,外国香烟
ribenyan,福尔特/Forte 16支 薄荷,Forte 福尔特,,,390,,,,,,,,,,外国香烟
ribenyan,福尔特/Forte 16支 Lights,Forte 福尔特,,,390,,,,,,,,,,外国香烟
ribenyan,福尔特/Forte Lights,Forte 福尔特,,,460,,,,,,,,,,外国香烟
ribenyan,盐仓/GudangGaram Surya Mild 16支 33mg,GudangGaram 盐仓,,,530,,,,,,,,,,外国香烟
ribenyan,盐仓/GudangGaram Surya 36支 42mg,GudangGaram 盐仓,,,1400,,,,,,,,,,外国香烟
ribenyan,盐仓/GudangGaram Signature 薄荷 15mg,GudangGaram 盐仓,,,580,,,,,,,,,,外国香烟
ribenyan,盐仓/GudangGaram 薄荷 16支 33mg,GudangGaram 盐仓,,,530,,,,,,,,,,外国香烟
ribenyan,盐仓/GudangGaram Signature Mild 15mg,GudangGaram 盐仓,,,580,,,,,,,,,,外国香烟
ribenyan,盐仓/GudangGaram Garam Nusantara Mild 12支 18mg,GudangGaram 盐仓,,,380,,,,,,,,,,外国香烟
ribenyan,盐仓/GudangGaram Nusantara 薄荷 12支 18mg,GudangGaram 盐仓,,,380,,,,,,,,,,外国香烟
ribenyan,HARVEST 超细 Double Cherry,HARVEST ,,,540,,,,,,,,,,外国香烟
ribenyan,HARVEST King Size Vanilla,HARVEST ,,,480,,,,,,,,,,外国香烟
ribenyan,HARVEST King Size Cherry,HARVEST ,,,480,,,,,,,,,,外国香烟
ribenyan,HARVEST 超细 Double Vanilla,HARVEST ,,,540,,,,,,,,,,外国香烟
ribenyan,HARVEST 超细 薄荷,HARVEST ,,,540,,,,,,,,,,外国香烟
ribenyan,HARVEST 超细 经典,HARVEST ,,,540,,,,,,,,,,外国香烟
ribenyan,J.P.S. KS 硬盒,J.S.P. ,,,560,,,,,,,,,,外国香烟
ribenyan,健牌/箭牌/Kent S系列 Spark 5mg 长支 硬盒,Kent 健牌 箭牌,,,500,,,,,,,,,,外国香烟
ribenyan,健牌/箭牌/Kent S系列 Spark 薄荷 5mg 长支 硬盒,Kent 健牌 箭牌,,,500,,,,,,,,,,外国香烟
ribenyan,健牌/箭牌/Kent 6mg 长支 硬盒,Kent 健牌 箭牌,,,520,,,,,,,,,,外国香烟
ribenyan,健牌/箭牌/Kent 3mg 长支 硬盒,Kent 健牌 箭牌,,,520,,,,,,,,,,外国香烟
ribenyan,健牌/箭牌/Kent S系列 Spark 薄荷 1mg 长支 硬盒,Kent 健牌 箭牌,,,500,,,,,,,,,,外国香烟
ribenyan,健牌/箭牌/Kent S系列 1mg 长支 硬盒,Kent 健牌 箭牌,,,500,,,,,,,,,,外国香烟
ribenyan,健牌/箭牌/Kent S系列 Spark 1mg 长支 硬盒,Kent 健牌 箭牌,,,500,,,,,,,,,,外国香烟
ribenyan,健牌/箭牌/Kent S系列 3mg 长支 硬盒,Kent 健牌 箭牌,,,500,,,,,,,,,,外国香烟
ribenyan,健牌/箭牌/Kent S系列 Spark Mellow 1mg 长支 硬盒,Kent 健牌 箭牌,,,500,,,,,,,,,,外国香烟
ribenyan,健牌/箭牌/Kent I-Boost 1mg 长支 硬盒,Kent 健牌 箭牌,,,520,,,,,,,,,,外国香烟
ribenyan,健牌/箭牌/Kent 1mg 长支 硬盒,Kent 健牌 箭牌,,,520,,,,,,,,,,外国香烟
ribenyan,健牌/箭牌/Kent S系列 薄荷 1mg 长支 硬盒,Kent 健牌 箭牌,,,500,,,,,,,,,,外国香烟
ribenyan,健牌/箭牌/Kent 1mg KS 硬盒,Kent 健牌 箭牌,,,520,,,,,,,,,,外国香烟
ribenyan,KOOL Minty系列 Minty Berry 5mg,KOOL ,,,500,,,,,,,,,,外国香烟
ribenyan,KOOL Minty系列 Minty Boost 8mg,KOOL ,,,500,,,,,,,,,,外国香烟
ribenyan,KOOL Looped Sangria,KOOL ,,,500,,,,,,,,,,外国香烟
ribenyan,KOOL FK 硬盒,KOOL ,,,580,,,,,,,,,,外国香烟
ribenyan,KOOL Looped Plus,KOOL ,,,500,,,,,,,,,,外国香烟
ribenyan,KOOL Boost Fresh 8mg  硬盒,KOOL ,,,580,,,,,,,,,,外国香烟
ribenyan,KOOL Boost Fresh 5mg  硬盒,KOOL ,,,580,,,,,,,,,,外国香烟
ribenyan,KOOL Milds FK 硬盒,KOOL ,,,580,,,,,,,,,,外国香烟
ribenyan,KOOL 淡味 硬盒,KOOL ,,,580,,,,,,,,,,外国香烟
ribenyan,KOOL Looped,KOOL ,,,500,,,,,,,,,,外国香烟
ribenyan,L.A. Bold 12支 23mg,L.A. ,,,350,,,,,,,,,,外国香烟
ribenyan,L.A. Ice Mango Boost 16支 18mg,L.A. ,,,500,,,,,,,,,,外国香烟
ribenyan,L.A. Ice Purple Boost 16支 16mg,L.A. ,,,500,,,,,,,,,,外国香烟
ribenyan,L.A. Ice 16支 13mg,L.A. ,,,500,,,,,,,,,,外国香烟
ribenyan,L.A. Light 16支 16mg,L.A. ,,,500,,,,,,,,,,外国香烟
ribenyan,云雀/Lark 12mg 长支 硬盒,Lark 云雀,,,540,,,,,,,,,,外国香烟
ribenyan,云雀/Lark 12mg KS 硬盒,Lark 云雀,,,540,,,,,,,,,,外国香烟
ribenyan,云雀/Lark Classic Mild KS 硬盒,Lark 云雀,,,540,,,,,,,,,,外国香烟
ribenyan,云雀/Lark Super Mild 长支 硬盒,Lark 云雀,,,540,,,,,,,,,,外国香烟
ribenyan,云雀/Lark Super 5mg KS 硬盒,Lark 云雀,,,540,,,,,,,,,,外国香烟
ribenyan,云雀/Lark Select 薄荷 1mg 长支 硬盒,Lark 云雀,,,500,,,,,,,,,,外国香烟
ribenyan,云雀/Lark Select Purple 1mg 长支 硬盒,Lark 云雀,,,500,,,,,,,,,,外国香烟
ribenyan,云雀/Lark Hybrid KS 硬盒,Lark 云雀,,,540,,,,,,,,,,外国香烟
ribenyan,云雀/Lark Extra 3mg 长支 硬盒,Lark 云雀,,,540,,,,,,,,,,外国香烟
ribenyan,云雀/Lark Extra 3mg KS 硬盒,Lark 云雀,,,540,,,,,,,,,,外国香烟
ribenyan,云雀/Lark Super 5mg 长支 硬盒,Lark 云雀,,,540,,,,,,,,,,外国香烟
ribenyan,云雀/Lark Mild KS 硬盒,Lark 云雀,,,540,,,,,,,,,,外国香烟
ribenyan,云雀/Lark Mild 长支 硬盒,Lark 云雀,,,540,,,,,,,,,,外国香烟
ribenyan,云雀/Lark Select 1mg 长支 硬盒,Lark 云雀,,,500,,,,,,,,,,外国香烟
ribenyan,云雀/Lark Ultra 1mg 长支 硬盒,Lark 云雀,,,540,,,,,,,,,,外国香烟
ribenyan,云雀/Lark Ultra 1mg KS 硬盒,Lark 云雀,,,540,,,,,,,,,,外国香烟
ribenyan,云雀/Lark Select 薄荷 5mg 长支 硬盒,Lark 云雀,,,500,,,,,,,,,,外国香烟
ribenyan,好彩/LuckyStrike 红 11mg 软盒,LuckyStrike 好彩,,,620,,,,,,,,,,外国香烟
ribenyan,好彩/LuckyStrike 红 11mg 硬盒,LuckyStrike 好彩,,,620,,,,,,,,,,外国香烟
ribenyan,好彩/LuckyStrike 10 Box,LuckyStrike 好彩,,,450,,,,,,,,,,外国香烟
ribenyan,好彩/LuckyStrike 过滤嘴 雪茄型 细支 淡味,LuckyStrike 好彩,,,470,,,,,,,,,,外国香烟
ribenyan,好彩/LuckyStrike Expert Cut 14mg,LuckyStrike 好彩,,,470,,,,,,,,,,外国香烟
ribenyan,好彩/LuckyStrike 淡味 6mg 硬盒,LuckyStrike 好彩,,,620,,,,,,,,,,外国香烟
ribenyan,好彩/LuckyStrike 黑色系列 Chillberry 8mg,LuckyStrike 好彩,,,450,,,,,,,,,,外国香烟
ribenyan,好彩/LuckyStrike 黑色系列 Chillberry 5mg,LuckyStrike 好彩,,,450,,,,,,,,,,外国香烟
ribenyan,好彩/LuckyStrike 6 Box,LuckyStrike 好彩,,,450,,,,,,,,,,外国香烟
ribenyan,好彩/LuckyStrike 黑色系列 薄荷 8mg,LuckyStrike 好彩,,,450,,,,,,,,,,外国香烟
ribenyan,好彩/LuckyStrike 黑色系列 薄荷 5mg,LuckyStrike 好彩,,,450,,,,,,,,,,外国香烟
ribenyan,好彩/LuckyStrike Expert Cut 10mg,LuckyStrike 好彩,,,470,,,,,,,,,,外国香烟
ribenyan,好彩/LuckyStrike Expert Cut 8mg,LuckyStrike 好彩,,,470,,,,,,,,,,外国香烟
ribenyan,好彩/LuckyStrike Expert Cut 1mg 长支 硬盒,LuckyStrike 好彩,,,470,,,,,,,,,,外国香烟
ribenyan,好彩/LuckyStrike Expert Cut 6mg,LuckyStrike 好彩,,,470,,,,,,,,,,外国香烟
ribenyan,好彩/LuckyStrike 黑色系列 Chillberry 1mg 长支,LuckyStrike 好彩,,,450,,,,,,,,,,外国香烟
ribenyan,好彩/LuckyStrike Expert Cut 3mg,LuckyStrike 好彩,,,470,,,,,,,,,,外国香烟
ribenyan,万宝路/Marlboro 红 12mg 软盒,Marlboro 万宝路,,,620,,,,,,,,,,外国香烟
ribenyan,万宝路/Marlboro 金 硬盒,Marlboro 万宝路,,,620,,,,,,,,,,外国香烟
ribenyan,万宝路/Marlboro 中醇 硬盒,Marlboro 万宝路,,,620,,,,,,,,,,外国香烟
ribenyan,万宝路/Marlboro 热带 激浪 8mg 硬盒,Marlboro 万宝路,,,620,,,,,,,,,,外国香烟
ribenyan,万宝路/Marlboro 金 长支 硬盒,Marlboro 万宝路,,,620,,,,,,,,,,外国香烟
ribenyan,万宝路/Marlboro 红 12mg 硬盒,Marlboro 万宝路,,,620,,,,,,,,,,外国香烟
ribenyan,万宝路/Marlboro 双爆珠 5mg 硬盒,Marlboro 万宝路,,,620,,,,,,,,,,外国香烟
ribenyan,万宝路/Marlboro 薄荷 12mg 硬盒,Marlboro 万宝路,,,620,,,,,,,,,,外国香烟
ribenyan,万宝路/Marlboro 清透 混合 ３ＫＳＢ,Marlboro 万宝路,,,620,,,,,,,,,,外国香烟
ribenyan,万宝路/Marlboro 黑色 薄荷 8mg 硬盒,Marlboro 万宝路,,,620,,,,,,,,,,外国香烟
ribenyan,万宝路/Marlboro 薄荷 8mg 长支 硬盒,Marlboro 万宝路,,,620,,,,,,,,,,外国香烟
ribenyan,万宝路/Marlboro 薄荷 8mg 硬盒,Marlboro 万宝路,,,620,,,,,,,,,,外国香烟
ribenyan,万宝路/Marlboro 冰爆 超劲 8mg 硬盒,Marlboro 万宝路,,,620,,,,,,,,,,外国香烟
ribenyan,万宝路/Marlboro 薄荷 4mg 硬盒,Marlboro 万宝路,,,620,,,,,,,,,,外国香烟
ribenyan,万宝路/Marlboro 冰爆 超劲 5mg 硬盒,Marlboro 万宝路,,,620,,,,,,,,,,外国香烟
ribenyan,万宝路/Marlboro 冰爆 超劲 1mg 硬盒,Marlboro 万宝路,,,620,,,,,,,,,,外国香烟
ribenyan,OSMO 14支 10mg,OSMO ,,,330,,,,,,,,,,外国香烟
ribenyan,OSMO 薄荷 14支 6mg,OSMO ,,,330,,,,,,,,,,外国香烟
ribenyan,百乐门/Parliament 9mg KS 硬盒,Parliament 百乐门,,,580,,,,,,,,,,外国香烟
ribenyan,百乐门/Parliament 9mg 长支 硬盒,Parliament 百乐门,,,620,,,,,,,,,,外国香烟
ribenyan,百乐门/Parliament 淡味 6mg KS 硬盒,Parliament 百乐门,,,580,,,,,,,,,,外国香烟
ribenyan,百乐门/Parliament 淡味 6mg 长支 硬盒,Parliament 百乐门,,,620,,,,,,,,,,外国香烟
ribenyan,百乐门/Parliament 超淡 3mg 长支 硬盒,Parliament 百乐门,,,620,,,,,,,,,,外国香烟
ribenyan,百乐门/Parliament One 1mg 长支 硬盒,Parliament 百乐门,,,620,,,,,,,,,,外国香烟
ribenyan,百乐/Peel Grape (葡萄),Peel 百乐,,,550,,,,,,,,,,外国香烟
ribenyan,百乐/Peel Watermelon (西瓜),Peel 百乐,,,550,,,,,,,,,,外国香烟
ribenyan,百乐/Peel Orange (橙子),Peel 百乐,,,550,,,,,,,,,,外国香烟
ribenyan,百乐/Peel Greek Yogurt (希腊酸奶),Peel 百乐,,,550,,,,,,,,,,外国香烟
ribenyan,百乐/Peel Red Wine (红酒),Peel 百乐,,,550,,,,,,,,,,外国香烟
ribenyan,PEPE Organic 18支,PEPE ,,,540,,,,,,,,,,外国香烟
ribenyan,PEPE Rich Green 18支,PEPE ,,,500,,,,,,,,,,外国香烟
ribenyan,菲利普莫里斯/PhilipMorris 14mg KS 硬盒,PhilipMorris 菲利普莫里斯,,,450,,,,,,,,,,外国香烟
ribenyan,菲利普莫里斯/PhilipMorris 10mg KS 硬盒,PhilipMorris 菲利普莫里斯,,,450,,,,,,,,,,外国香烟
ribenyan,菲利普莫里斯/PhilipMorris Purple 1mg 长支 超细 N,PhilipMorris 菲利普莫里斯,,,450,,,,,,,,,,外国香烟
ribenyan,菲利普莫里斯/PhilipMorris Purple 5mg KS 硬盒,PhilipMorris 菲利普莫里斯,,,450,,,,,,,,,,外国香烟
ribenyan,菲利普莫里斯/PhilipMorris 3mg KS 硬盒,PhilipMorris 菲利普莫里斯,,,450,,,,,,,,,,外国香烟
ribenyan,菲利普莫里斯/PhilipMorris 1mg 长支 超细 硬盒 N,PhilipMorris 菲利普莫里斯,,,450,,,,,,,,,,外国香烟
ribenyan,菲利普莫里斯/PhilipMorris 薄荷 1mg 长支 硬盒,PhilipMorris 菲利普莫里斯,,,450,,,,,,,,,,外国香烟
ribenyan,菲利普莫里斯/PhilipMorris 薄荷 8mg KS 硬盒,PhilipMorris 菲利普莫里斯,,,450,,,,,,,,,,外国香烟
ribenyan,菲利普莫里斯/PhilipMorris 1mg 长支 硬盒,PhilipMorris 菲利普莫里斯,,,450,,,,,,,,,,外国香烟
ribenyan,菲利普莫里斯/PhilipMorris 6mg KS 硬盒,PhilipMorris 菲利普莫里斯,,,450,,,,,,,,,,外国香烟
ribenyan,菲利普莫里斯/PhilipMorris 薄荷 5mg KS 硬盒,PhilipMorris 菲利普莫里斯,,,450,,,,,,,,,,外国香烟
ribenyan,PUEBLO Natural 10 19支,PUEBLO 普韦布洛,,,520,,,,,,,,,,外国香烟
ribenyan,PUEBLO Natural 6 19支,PUEBLO 普韦布洛,,,520,,,,,,,,,,外国香烟
ribenyan,Republicana Yellow,Republicana ,,,600,,,,,,,,,,外国香烟
ribenyan,Republicana Black,Republicana ,,,600,,,,,,,,,,外国香烟
ribenyan,Smokin Joes Full Flavor 13mg,Smokin Joes ,,,580,,,,,,,,,,外国香烟
ribenyan,Smokin Joes Menthol 12mg,Smokin Joes ,,,580,,,,,,,,,,外国香烟
ribenyan,Smokin Joes Light 12mg,Smokin Joes ,,,580,,,,,,,,,,外国香烟
ribenyan,Smokin Joes Ultra Light 11mg,Smokin Joes ,,,580,,,,,,,,,,外国香烟
ribenyan,寿百年/Sobranie Black Russian 7mg,Sobranie 寿百年,,,1000,,,,,,,,,,外国香烟
ribenyan,寿百年/Sobranie Cocktail 5mg,Sobranie 寿百年,,,1000,,,,,,,,,,外国香烟
ribenyan,TREASURER Executive Black 7mg,TREASURER ,,,680,,,,,,,,,,外国香烟
ribenyan,TREASURER Premium Black 10mg,TREASURER ,,,4000,,,,,,,,,,外国香烟
ribenyan,Treasurer Luxury Black 8mg,TREASURER ,,,1500,,,,,,,,,,外国香烟
ribenyan,TREASURER Premier Gold 8mg,TREASURER ,,,3800,,,,,,,,,,外国香烟
ribenyan,VIBES,VIBES ,,,540,,,,,,,,,,外国香烟
ribenyan,弗吉尼亚/Virginia S Rose 薄荷 1mg,Virginia 弗吉尼亚,,,570,,,,,,,,,,外国香烟
ribenyan,弗吉尼亚/Virginia S Sophia 6mg,Virginia 弗吉尼亚,,,570,,,,,,,,,,外国香烟
ribenyan,弗吉尼亚/Virginia S Sophia 1mg,Virginia 弗吉尼亚,,,570,,,,,,,,,,外国香烟
ribenyan,WIN 1mg,WIN ,,,430,,,,,,,,,,外国香烟
ribenyan,WIN 3mg,WIN ,,,430,,,,,,,,,,外国香烟
ribenyan,WIN 5mg,WIN ,,,430,,,,,,,,,,外国香烟
ribenyan,中华 硬盒,中华 ,,,630,,,,,,,,,,外国香烟
ribenyan,中华 软盒,中华 ,,,1050,,,,,,,,,,外国香烟
ribenyan,中南海 ONE 薄荷 1mg,中南海 ,,,500,,,,,,,,,,外国香烟
ribenyan,中南海 ONE 1mg,中南海 ,,,520,,,,,,,,,,外国香烟
ribenyan,中南海 超淡 3mg,中南海 ,,,520,,,,,,,,,,外国香烟
ribenyan,中南海 淡味 8mg,中南海 ,,,520,,,,,,,,,,外国香烟
ribenyan,中南海 5mg 长支,中南海 ,,,530,,,,,,,,,,外国香烟
ribenyan,双喜/DoubleHappiness 薄荷,双喜 DoubleHappiness,,,470,,,,,,,,,,外国香烟
ribenyan,双喜/DoubleHappiness 16支 原味,双喜 DoubleHappiness,,,380,,,,,,,,,,外国香烟
ribenyan,双喜/DoubleHappiness 原味,双喜 DoubleHappiness,,,470,,,,,,,,,,外国香烟
ribenyan,双喜/DoubleHappiness 16支 淡味,双喜 DoubleHappiness,,,380,,,,,,,,,,外国香烟
ribenyan,双喜/DoubleHappiness 淡味,双喜 DoubleHappiness,,,470,,,,,,,,,,外国香烟
ribenyan,阿里山 MUSE 5mg 蜜瓜薄荷 硬盒,阿里山 ,,,480,,,,,,,,,,外国香烟
ribenyan,阿里山 MUSE 薄荷&蜜桃双爆珠 5mg,阿里山 ,,,580,,,,,,,,,,外国香烟
ribenyan,阿里山 景泰典蓝 软盒,阿里山 ,,,800,,,,,,,,,,外国香烟
ribenyan,阿里山 彩韵 橙味爆珠 7mg,阿里山 ,,,600,,,,,,,,,,外国香烟
ribenyan,阿里山 景泰典蓝 中支 硬盒,阿里山 ,,,600,,,,,,,,,,外国香烟
ribenyan,阿里山 景泰典蓝 硬盒,阿里山 ,,,520,,,,,,,,,,外国香烟
ribenyan,阿里山 彩韵 蜜瓜爆珠 7mg,阿里山 ,,,600,,,,,,,,,,外国香烟
ribenyan,阿里山 MUSE 8mg 硬盒,阿里山 ,,,430,,,,,,,,,,外国香烟
ribenyan,阿里山 MUSE 4mg 硬盒,阿里山 ,,,430,,,,,,,,,,外国香烟
ribenyan,黄鹤楼 四季,黄鹤楼 ,,,770,,,,,,,,,,外国香烟
ribenyan,骆驼/Camel 蓝莓爆珠 Berry Option Ploom用,Camel 骆驼,,,530,,,,,,,,,,雪茄
ribenyan,骆驼/Camel 浓原味 Rich Ploom用,Camel 骆驼,,,530,,,,,,,,,,雪茄
ribenyan,骆驼/Camel 浓薄荷 Menthol Cold Ploom用,Camel 骆驼,,,530,,,,,,,,,,雪茄
ribenyan,骆驼/Camel 麝香葡萄 Menthol Muscat Ploom用,Camel 骆驼,,,530,,,,,,,,,,雪茄
ribenyan,骆驼/Camel 蓝莓薄荷 Menthol Berry Ploom用,Camel 骆驼,,,530,,,,,,,,,,雪茄
ribenyan,骆驼/Camel 淡原味 Smooth Ploom用,Camel 骆驼,,,530,,,,,,,,,,雪茄
ribenyan,骆驼/Camel 淡薄荷 Menthol Fresh Ploom用,Camel 骆驼,,,530,,,,,,,,,,雪茄
ribenyan,Evo Tropical Banana Crystal,EVO ,,,580,,,,,,,,,,雪茄
ribenyan,Evo Tropical Berry Crystal,EVO ,,,580,,,,,,,,,,雪茄
ribenyan,Evo Sakura Regular,EVO ,,,580,,,,,,,,,,雪茄
ribenyan,Evo Berry Crystal,EVO ,,,580,,,,,,,,,,雪茄
ribenyan,Evo Hachimitsu Lemon Crystal,EVO ,,,580,,,,,,,,,,雪茄
ribenyan,Evo Black Menthol,EVO ,,,580,,,,,,,,,,雪茄
ribenyan,Evo Deep Regular,EVO ,,,580,,,,,,,,,,雪茄
ribenyan,Evo Cold Menthol,EVO ,,,580,,,,,,,,,,雪茄
ribenyan,Evo Fresh Mint,EVO ,,,580,,,,,,,,,,雪茄
ribenyan,健牌/箭牌/Kent True Berry Boost Hyper专用,Kent 健牌 箭牌,,,520,,,,,,,,,,雪茄
ribenyan,健牌/箭牌/Kent True Tobacco Hyper专用,Kent 健牌 箭牌,,,520,,,,,,,,,,雪茄
ribenyan,健牌/箭牌/Kent True Rich Tobacco Hyper专用,Kent 健牌 箭牌,,,520,,,,,,,,,,雪茄
ribenyan,健牌/箭牌/Kent True Rich Menthol Hyper专用,Kent 健牌 箭牌,,,520,,,,,,,,,,雪茄
ribenyan,Kent Neostick Bright Tobacco JW,Kent 健牌 箭牌,,,580,,,,,,,,,,雪茄
ribenyan,健牌/箭牌/Kent True Menthol Hyper专用,Kent 健牌 箭牌,,,520,,,,,,,,,,雪茄
ribenyan,Kent Neostick Smooth Fresh JW,Kent 健牌 箭牌,,,580,,,,,,,,,,雪茄
ribenyan,Kent Neostick Intensely Fresh JW,Kent 健牌 箭牌,,,580,,,,,,,,,,雪茄
ribenyan,Kent Neostick Mint Boost XW,Kent 健牌 箭牌,,,550,,,,,,,,,,雪茄
ribenyan,好彩/LuckyStrike Tropical Boost Hyper专用 C,LuckyStrike 好彩,,,480,,,,,,,,,,雪茄
ribenyan,好彩/LuckyStrike Berry Boost Hyper专用 C,LuckyStrike 好彩,,,480,,,,,,,,,,雪茄
ribenyan,好彩/LuckyStrike Rich Tobacco Hyper专用 C,LuckyStrike 好彩,,,480,,,,,,,,,,雪茄
ribenyan,好彩/LuckyStrike Dark Tobacco Hyper专用 C,LuckyStrike 好彩,,,480,,,,,,,,,,雪茄
ribenyan,好彩/LuckyStrike Dark Menthol Hyper专用 C,LuckyStrike 好彩,,,480,,,,,,,,,,雪茄
ribenyan,好彩/LuckyStrike Berry Menthol Hyper专用 C,LuckyStrike 好彩,,,480,,,,,,,,,,雪茄
ribenyan,好彩/LuckyStrike Menthol Hyper专用 C,LuckyStrike 好彩,,,480,,,,,,,,,,雪茄
ribenyan,好彩/LuckyStrike Tropical Switch Hyper专用,LuckyStrike 好彩,,,480,,,,,,,,,,雪茄
ribenyan,好彩/LuckyStrike Berry Switch Hyper专用,LuckyStrike 好彩,,,480,,,,,,,,,,雪茄
ribenyan,梅比乌斯/MEVIUS 蓝莓爆珠 Berry Option Ploom用,MEVIUS 梅比乌斯,,,550,,,,,,,,,,雪茄
ribenyan,梅比乌斯/MEVIUS 黑薄荷 Black Cold Menthol Ploom用,MEVIUS 梅比乌斯,,,550,,,,,,,,,,雪茄
ribenyan,梅比乌斯/MEVIUS 苹果爆珠 Apple Option Ploom用,MEVIUS 梅比乌斯,,,550,,,,,,,,,,雪茄
ribenyan,梅比乌斯/MEVIUS 浓香原味 Aroma Rich Regular Ploom用,MEVIUS 梅比乌斯,,,550,,,,,,,,,,雪茄
ribenyan,梅比乌斯/MEVIUS 柠檬爆珠 Citrus Option Ploom用,MEVIUS 梅比乌斯,,,550,,,,,,,,,,雪茄
ribenyan,梅比乌斯/MEVIUS 淡原味 Smooth Regular Ploom用,MEVIUS 梅比乌斯,,,550,,,,,,,,,,雪茄
ribenyan,梅比乌斯/MEVIUS 浓原味 Deep Regular Ploom用,MEVIUS 梅比乌斯,,,550,,,,,,,,,,雪茄
ribenyan,梅比乌斯/MEVIUS 麝香葡萄爆珠 Muscat Option Ploom用,MEVIUS 梅比乌斯,,,550,,,,,,,,,,雪茄
ribenyan,梅比乌斯/MEVIUS 梨爆珠 Pear Option Ploom用,MEVIUS 梅比乌斯,,,550,,,,,,,,,,雪茄
ribenyan,梅比乌斯/MEVIUS 混合薄荷 Mix Mint Menthol Ploom用,MEVIUS 梅比乌斯,,,550,,,,,,,,,,雪茄
ribenyan,梅比乌斯/MEVIUS 淡薄荷 Cold Menthol Ploom用,MEVIUS 梅比乌斯,,,550,,,,,,,,,,雪茄
ribenyan,梅比乌斯/MEVIUS 浓薄荷 Sharp Cold Menthol Ploom用,MEVIUS 梅比乌斯,,,550,,,,,,,,,,雪茄
ribenyan,NEO Brilliant Muscat,NEO ,,,530,,,,,,,,,,雪茄
ribenyan,NEO Brilliant Tropical Hyper专用,NEO ,,,530,,,,,,,,,,雪茄
ribenyan,NEO Brilliant Red Fruits Hyper专用,NEO ,,,530,,,,,,,,,,雪茄
ribenyan,NEO Brilliant Wildberry,NEO ,,,530,,,,,,,,,,雪茄
ribenyan,NEO Arctic Menthol Hyper专用,NEO ,,,530,,,,,,,,,,雪茄
ribenyan,NEO Iced Menthol Hyper专用,NEO ,,,530,,,,,,,,,,雪茄
ribenyan,NEO Classic Tobacco Hyper专用,NEO ,,,530,,,,,,,,,,雪茄
ribenyan,NEO Brilliant Berry (glo hyper),NEO ,,,530,,,,,,,,,,雪茄
ribenyan,NEO Chilled Menthol Hyper专用,NEO ,,,530,,,,,,,,,,雪茄
ribenyan,Neo Chilled Menthol for hyper F,NEO ,,,530,,,,,,,,,,雪茄
ribenyan,SENTIA 西瓜冰 Juicy Red,SENTIA ,,,570,,,,,,,,,,雪茄
ribenyan,SENTIA 柔和原味 Smooth Gold E,SENTIA ,,,570,,,,,,,,,,雪茄
ribenyan,SENTIA 超浓原味 Deep Bronze E,SENTIA ,,,570,,,,,,,,,,雪茄
ribenyan,SENTIA 紫色爆珠 Purple Capsule,SENTIA ,,,570,,,,,,,,,,雪茄
ribenyan,SENTIA 淡香草原味 Balanced Yellow E,SENTIA ,,,570,,,,,,,,,,雪茄
ribenyan,SENTIA 浓原味 Pure Teak E,SENTIA ,,,570,,,,,,,,,,雪茄
ribenyan,SENTIA 热带水果 Tropical Yellow E,SENTIA ,,,570,,,,,,,,,,雪茄
ribenyan,SENTIA 浓薄荷 Frost Green E,SENTIA ,,,570,,,,,,,,,,雪茄
ribenyan,SENTIA 黑蓝莓 Icy Purple E,SENTIA ,,,570,,,,,,,,,,雪茄
ribenyan,SENTIA 黑薄荷 Ice Black E,SENTIA ,,,570,,,,,,,,,,雪茄
ribenyan,SENTIA 蓝莓 Fresh Purple,SENTIA ,,,570,,,,,,,,,,雪茄
ribenyan,SENTIA 坚果 Clear Silver E,SENTIA ,,,570,,,,,,,,,,雪茄
ribenyan,SENTIA 青柠 Citrus Green E,SENTIA ,,,570,,,,,,,,,,雪茄
ribenyan,SENTIA Icy Red,SENTIA ,,,570,,,,,,,,,,雪茄
ribenyan,SENTIA 紫罗兰 Smooth Violet,SENTIA ,,,570,,,,,,,,,,雪茄
ribenyan,SENTIA 珊瑚橙 Fresh Coral,SENTIA ,,,570,,,,,,,,,,雪茄
ribenyan,SENTIA 薄荷 Cool Jade E,SENTIA ,,,570,,,,,,,,,,雪茄
ribenyan,SENTIA 温和薄荷 Fresh Emerald,SENTIA ,,,570,,,,,,,,,,雪茄
ribenyan,TEREA 百香果爆珠/绿洲爆珠 Oasis Pearl E,TEREA ,,,620,,,,,,,,,,雪茄
ribenyan,TEREA 西瓜爆珠 Sun Pearl E,TEREA ,,,620,,,,,,,,,,雪茄
ribenyan,TEREA 浓原味 Regular E,TEREA ,,,620,,,,,,,,,,雪茄
ribenyan,TEREA Blossom Pearl,TEREA ,,,620,,,,,,,,,,雪茄
ribenyan,TEREA 青提爆珠 Shine Pearl,TEREA ,,,620,,,,,,,,,,雪茄
ribenyan,TEREA 黑冰水蜜桃/黑蜜桃薄荷 Black Fusia Menthol,TEREA ,,,620,,,,,,,,,,雪茄
ribenyan,TEREA 超浓原味 Rich Regular E,TEREA ,,,620,,,,,,,,,,雪茄
ribenyan,TEREA 黑冰蓝莓 Black Purple Menthol E,TEREA ,,,620,,,,,,,,,,雪茄
ribenyan,TEREA 花香爆珠/樱花爆珠 Riviera Pearl,TEREA ,,,620,,,,,,,,,,雪茄
ribenyan,TEREA 淡原味 Balanced Regular E,TEREA ,,,620,,,,,,,,,,雪茄
ribenyan,TEREA 黑冰阳光/柑橘 Black Sunshine Menthol,TEREA ,,,620,,,,,,,,,,雪茄
ribenyan,TEREA 浓薄荷 Menthol E,TEREA ,,,620,,,,,,,,,,雪茄
ribenyan,TEREA 淡薄荷 Mint E,TEREA ,,,620,,,,,,,,,,雪茄
ribenyan,TEREA 坚果 Smooth Regular E,TEREA ,,,620,,,,,,,,,,雪茄
ribenyan,TEREA 蓝莓爆珠 Velvet Pearl,TEREA ,,,620,,,,,,,,,,雪茄
ribenyan,TEREA 黑冰野莓/黑莓果 Black Ruby Menthol,TEREA ,,,620,,,,,,,,,,雪茄
ribenyan,TEREA 黑冰薄荷 Black Menthol E,TEREA ,,,620,,,,,,,,,,雪茄
ribenyan,TEREA 星光爆珠 Stellar Pearl,TEREA ,,,620,,,,,,,,,,雪茄
ribenyan,TEREA 蓝莓 Purple Menthol E,TEREA ,,,620,,,,,,,,,,雪茄
ribenyan,TEREA 水蜜桃/花香 Fusion Menthol E,TEREA ,,,620,,,,,,,,,,雪茄
ribenyan,TEREA 檀木/雪松 Warm Regular E,TEREA ,,,620,,,,,,,,,,雪茄
ribenyan,TEREA 青柠 Yellow Menthol E,TEREA ,,,620,,,,,,,,,,雪茄
ribenyan,TEREA 红宝石/梅子原味 Ruby Regular E,TEREA ,,,620,,,,,,,,,,雪茄
ribenyan,TEREA 黑冰青柠/黑柠檬 Black Yellow Menthol E,TEREA ,,,620,,,,,,,,,,雪茄
ribenyan,TEREA 热带水果 Tropical Menthol E,TEREA ,,,620,,,,,,,,,,雪茄
ribenyan,TEREA 柠檬 Clear Regular,TEREA ,,,620,,,,,,,,,,雪茄
ribenyan,TEREA 洋梨 Bright Menthol E,TEREA ,,,620,,,,,,,,,,雪茄
ribenyan,Virto Berry Click,VIRTO ,,,580,,,,,,,,,,雪茄
ribenyan,Virto Melon Click,VIRTO ,,,580,,,,,,,,,,雪茄
ribenyan,Virto Bright Cherry Click,VIRTO ,,,580,,,,,,,,,,雪茄
ribenyan,Virto Iced Berry Click,VIRTO ,,,580,,,,,,,,,,雪茄
ribenyan,Virto Dark Tobacco,VIRTO ,,,580,,,,,,,,,,雪茄
ribenyan,Virto Menthol Click,VIRTO ,,,580,,,,,,,,,,雪茄
ribenyan,Virto Iced Menthol Click,VIRTO ,,,580,,,,,,,,,,雪茄
ribenyan,Virto Balanced Tobacco,VIRTO ,,,580,,,,,,,,,,雪茄
ribenyan,Virto Mint Click,VIRTO ,,,580,,,,,,,,,,雪茄
ribenyan,glo Hyper Pro 曜石黑,glo ,,,4270,,,,,,,,,,其他
ribenyan,glo Hyper Pro 天青蓝,glo ,,,4270,,,,,,,,,,其他
ribenyan,IQOS ILUMA i Prime 翻盖 午夜黑,IQOS ,,,13980,,,,,,,,,,其他
ribenyan,IQOS ILUMA i ONE 一体机 午夜黑 新款,IQOS ,,,6980,,,,,,,,,,其他
ribenyan,IQOS ILUMA i ONE 一体机 微风蓝 新款,IQOS ,,,6780,,,,,,,,,,其他
ribenyan,IQOS ILUMA i 侧开 午夜黑,IQOS ,,,10980,,,,,,,,,,其他
ribenyan,IQOS ILUMA i Prime 翻盖 微风蓝,IQOS ,,,13780,,,,,,,,,,其他
ribenyan,IQOS ILUMA i 侧开 微风蓝,IQOS ,,,10780,,,,,,,,,,其他
ribenyan,IQOS ILUMA i Prime 翻盖 山杨青,IQOS ,,,14580,,,,,,,,,,其他
ribenyan,IQOS ILUMA i 侧开 银河蓝限量版,IQOS ,,,12980,,,,,,,,,,其他
ribenyan,IQOS ILUMA i Prime 翻盖 石榴红,IQOS ,,,14980,,,,,,,,,,其他
ribenyan,IQOS ILUMA i 侧开 电光紫,IQOS ,,,11580,,,,,,,,,,其他
ribenyan,IQOS ILUMA i PRIME 翻盖 电光紫,IQOS ,,,14980,,,,,,,,,,其他
ribenyan,IQOS ILUMA i 侧开 叶片绿,IQOS ,,,10980,,,,,,,,,,其他
ribenyan,IQOS ILUMA i 侧开 数电紫,IQOS ,,,10980,,,,,,,,,,其他
ribenyan,ploom aura 亮玄黑,ploom ,,,4280,,,,,,,,,,其他
ribenyan,ploom aura 深海蓝,ploom ,,,4280,,,,,,,,,,其他
ribenyan,ploom aura 玫瑰金,ploom ,,,4280,,,,,,,,,,其他
ribenyan,Acrema Blend 20g装,Acrema Blend ,,,700,,,,,,,,,,手卷
ribenyan,Amber Leaf Organic Blend 25g装,Amber Leaf 琥珀,,,730,,,,,,,,,,手卷
ribenyan,Amber Leaf Blonde 25g装,Amber Leaf 琥珀,,,700,,,,,,,,,,手卷
ribenyan,Amsterdamer Grape Ice 25g装,Amsterdamer 阿姆斯特丹,,,700,,,,,,,,,,手卷
ribenyan,Amsterdamer Coffee Ice 25g装,Amsterdamer 阿姆斯特丹,,,700,,,,,,,,,,手卷
ribenyan,Amsterdamer Apple Ice 25g装,Amsterdamer 阿姆斯特丹,,,700,,,,,,,,,,手卷
ribenyan,Amsterdamer Vanilla Ice 25g装,Amsterdamer 阿姆斯特丹,,,700,,,,,,,,,,手卷
ribenyan,Amsterdamer Menthol Ice 25g装,Amsterdamer 阿姆斯特丹,,,700,,,,,,,,,,手卷
ribenyan,Amsterdamer Original 25g装,Amsterdamer 阿姆斯特丹,,,700,,,,,,,,,,手卷
ribenyan,Amsterdamer XXX Honest 25g装,Amsterdamer 阿姆斯特丹,,,700,,,,,,,,,,手卷
ribenyan,Amsterdamer XXX Plain 25g装,Amsterdamer 阿姆斯特丹,,,700,,,,,,,,,,手卷
ribenyan,老船长/Ark Royal Berry Rose Iced Tea Shag 30g装,Ark Royal 老船长,,,840,,,,,,,,,,手卷
ribenyan,老船长/Ark Royal Berry Mix Ice Shag 30g装,Ark Royal 老船长,,,840,,,,,,,,,,手卷
ribenyan,老船长/Ark Royal Vanilla Cream Shag 30g装,Ark Royal 老船长,,,840,,,,,,,,,,手卷
ribenyan,老船长/Ark Royal Berry Rosetea Shag 30g装,Ark Royal 老船长,,,840,,,,,,,,,,手卷
ribenyan,老船长/Ark Royal Paradise Tea Shag 30g装,Ark Royal 老船长,,,840,,,,,,,,,,手卷
ribenyan,老船长/Ark Royal Wineberry Shag 30g装,Ark Royal 老船长,,,840,,,,,,,,,,手卷
ribenyan,老船长/Ark Royal Ice Menthol Shag 30g装,Ark Royal 老船长,,,840,,,,,,,,,,手卷
ribenyan,老船长/Ark Royal Original Shag 30g装,Ark Royal 老船长,,,840,,,,,,,,,,手卷
ribenyan,老船长/Ark Royal Virginia Gold Shag 30g装,Ark Royal 老船长,,,880,,,,,,,,,,手卷
ribenyan,老船长/Ark Royal Pina Colada Shag 30g装,Ark Royal 老船长,,,840,,,,,,,,,,手卷
ribenyan,老船长/Ark Royal Latakia Shag 30g装,Ark Royal 老船长,,,880,,,,,,,,,,手卷
ribenyan,老船长/Ark Royal Turkish Blend Shag 30g装,Ark Royal 老船长,,,880,,,,,,,,,,手卷
ribenyan,Bali Shag Halfzwal 40g装,Bali Shag 巴厘岛,,,1210,,,,,,,,,,手卷
ribenyan,Bali Shag Rounded Virginia 40g装,Bali Shag 巴厘岛,,,1210,,,,,,,,,,手卷
ribenyan,Bali Shag Rich Virginia 40g装,Bali Shag 巴厘岛,,,1210,,,,,,,,,,手卷
ribenyan,Bali Shag Premium Virginia 40g装,Bali Shag 巴厘岛,,,1260,,,,,,,,,,手卷
ribenyan,Bi Bo Fine Cut 40g装,Bi Bo ,,,1500,,,,,,,,,,手卷
ribenyan,Black Hawk Cappuccino 100g 罐装,Black Hawk 黑鹰,,,3000,,,,,,,,,,手卷
ribenyan,Black Spider Shag Coconut Milk 30g装,Black Spider 黑蜘蛛,,,830,,,,,,,,,,手卷
ribenyan,Black Spider Shag Melon Menthol 30g装,Black Spider 黑蜘蛛,,,830,,,,,,,,,,手卷
ribenyan,Black Spider Shag Menthol Max 30g装,Black Spider 黑蜘蛛,,,830,,,,,,,,,,手卷
ribenyan,Black Spider Shag Ice Vanilla 30g装,Black Spider 黑蜘蛛,,,830,,,,,,,,,,手卷
ribenyan,Black Spider Shag Frozen Mojito 30g装,Black Spider 黑蜘蛛,,,830,,,,,,,,,,手卷
ribenyan,Black Spider Shag Tropical Menthol 30g装,Black Spider 黑蜘蛛,,,830,,,,,,,,,,手卷
ribenyan,Black Spider Shag Cafe Vanilla 30g装,Black Spider 黑蜘蛛,,,830,,,,,,,,,,手卷
ribenyan,Black Spider Shag Lemon Tea 30g装,Black Spider 黑蜘蛛,,,830,,,,,,,,,,手卷
ribenyan,Black Spider Shag Cherry Cola 30g装,Black Spider 黑蜘蛛,,,830,,,,,,,,,,手卷
ribenyan,Black Spider Shag Peach 30g装,Black Spider 黑蜘蛛,,,830,,,,,,,,,,手卷
ribenyan,Black Spider Shag Mixed Nuts 30g装,Black Spider 黑蜘蛛,,,830,,,,,,,,,,手卷
ribenyan,Black Spider Shag Orange Peel Menthol 30g装,Black Spider 黑蜘蛛,,,830,,,,,,,,,,手卷
ribenyan,Black Spider Shag Lychee Menthol 30g装,Black Spider 黑蜘蛛,,,830,,,,,,,,,,手卷
ribenyan,Black Spider Shag Strawberry Candy 30g装,Black Spider 黑蜘蛛,,,830,,,,,,,,,,手卷
ribenyan,Black Spider Shag Chocolate 30g装,Black Spider 黑蜘蛛,,,830,,,,,,,,,,手卷
ribenyan,Black Spider Shag Mango Lassi 30g装,Black Spider 黑蜘蛛,,,830,,,,,,,,,,手卷
ribenyan,Black Spider Shag Green Tea 30g装,Black Spider 黑蜘蛛,,,830,,,,,,,,,,手卷
ribenyan,Black Spider Shag Double Rich Custard 30g装,Black Spider 黑蜘蛛,,,830,,,,,,,,,,手卷
ribenyan,Black Spider Shag Kyoho Menthol 30g装,Black Spider 黑蜘蛛,,,830,,,,,,,,,,手卷
ribenyan,Black Spider Shag Marron Glace 30g装,Black Spider 黑蜘蛛,,,830,,,,,,,,,,手卷
ribenyan,Black Spider Shag Afternoon Tea 30g装,Black Spider 黑蜘蛛,,,830,,,,,,,,,,手卷
ribenyan,Black Spider Shag Ramune 30g装,Black Spider 黑蜘蛛,,,830,,,,,,,,,,手卷
ribenyan,Black Spider Shag Ginger Ale 30g装,Black Spider 黑蜘蛛,,,830,,,,,,,,,,手卷
ribenyan,Black Spider Shag Muscat 30g装,Black Spider 黑蜘蛛,,,830,,,,,,,,,,手卷
ribenyan,Black Spider Shag Amazon Guarana 30g装,Black Spider 黑蜘蛛,,,830,,,,,,,,,,手卷
ribenyan,Black Spider Shag Yuzu 30g装,Black Spider 黑蜘蛛,,,830,,,,,,,,,,手卷
ribenyan,Black Spider Shag Virginia Plus 30g装,Black Spider 黑蜘蛛,,,830,,,,,,,,,,手卷
ribenyan,Black Spider Shag Kir Royale 30g装,Black Spider 黑蜘蛛,,,830,,,,,,,,,,手卷
ribenyan,Black Spider Shag Apple Pie 30g装,Black Spider 黑蜘蛛,,,830,,,,,,,,,,手卷
ribenyan,Black Devil Original Shag Coconut Milk 40g装,BlackDevil 黑魔鬼,,,1100,,,,,,,,,,手卷
ribenyan,Blue Note Fine Cut 40g装,Blue Note 蓝色音符,,,1500,,,,,,,,,,手卷
ribenyan,卡布奇诺/Cappuccino 巧克力 40g装,Cappuccino 卡布奇诺,,,1260,,,,,,,,,,手卷
ribenyan,卡布奇诺/Cappuccino 40g装,Cappuccino 卡布奇诺,,,1260,,,,,,,,,,手卷
ribenyan,Choice Kir Royale 30g装,CHOICE ,,,830,,,,,,,,,,手卷
ribenyan,Choice Cafe 30g装,CHOICE ,,,830,,,,,,,,,,手卷
ribenyan,Choice Original 30g装,CHOICE ,,,830,,,,,,,,,,手卷
ribenyan,Choice Rhubarb 30g装,CHOICE ,,,830,,,,,,,,,,手卷
ribenyan,Colts Vanilla 30g装,COLTS ,,,850,,,,,,,,,,手卷
ribenyan,Colts Fruity Jasmine 30g装,COLTS ,,,850,,,,,,,,,,手卷
ribenyan,Colts Green Tea 30g装,COLTS ,,,850,,,,,,,,,,手卷
ribenyan,Colts Lychee 30g装,COLTS ,,,850,,,,,,,,,,手卷
ribenyan,Colts Apple & Cinnamon 30g装,COLTS ,,,850,,,,,,,,,,手卷
ribenyan,Colts 100% Natural 30g装,COLTS ,,,850,,,,,,,,,,手卷
ribenyan,Colts Clear Menthol 30g装,COLTS ,,,850,,,,,,,,,,手卷
ribenyan,Colts Cherry 30g装,COLTS ,,,850,,,,,,,,,,手卷
ribenyan,Colts Smooth Taste 30g装,COLTS ,,,850,,,,,,,,,,手卷
ribenyan,Dora Watermelon 30g装,DORA ,,,900,,,,,,,,,,手卷
ribenyan,Dora Peach Cream 30g装,DORA ,,,900,,,,,,,,,,手卷
ribenyan,Dora Walnut Cream 30g装,DORA ,,,900,,,,,,,,,,手卷
ribenyan,Dora Ice 30g装,DORA ,,,900,,,,,,,,,,手卷
ribenyan,Dora Creme Brulee 30g装,DORA ,,,900,,,,,,,,,,手卷
ribenyan,Dora  Acai 30g装,DORA ,,,900,,,,,,,,,,手卷
ribenyan,Dora Cherry 30g装,DORA ,,,900,,,,,,,,,,手卷
ribenyan,Dora Yellow Virginia 30g装,DORA ,,,900,,,,,,,,,,手卷
ribenyan,Drum 50g装,DRUM ,,,1400,,,,,,,,,,手卷
ribenyan,Flandria Spanish Virginia 25g装,Flandria 佛朗德里亚,,,760,,,,,,,,,,手卷
ribenyan,Flandria Original 25g装,Flandria 佛朗德里亚,,,760,,,,,,,,,,手卷
ribenyan,Flandria Virginia 25g装,Flandria 佛朗德里亚,,,760,,,,,,,,,,手卷
ribenyan,Flandria Vanilla 25g装,Flandria 佛朗德里亚,,,760,,,,,,,,,,手卷
ribenyan,Flandria Gold 25g装,Flandria 佛朗德里亚,,,760,,,,,,,,,,手卷
ribenyan,Flandria Black 25g装,Flandria 佛朗德里亚,,,760,,,,,,,,,,手卷
ribenyan,Flandria Silver 25g装,Flandria 佛朗德里亚,,,760,,,,,,,,,,手卷
ribenyan,Flandria Natural 25g装,Flandria 佛朗德里亚,,,760,,,,,,,,,,手卷
ribenyan,金色混合/Golden Blend's Virginia 30g装,Golden Blend's 金色混合,,,900,,,,,,,,,,手卷
ribenyan,金色混合/Golden Blend's Aromatic Shag 30g装,Golden Blend's 金色混合,,,900,,,,,,,,,,手卷
ribenyan,Golden Virginia 50g装,Golden Virginia 金色佛吉尼亚,,,1400,,,,,,,,,,手卷
ribenyan,Harvest Shag Cherry 30g装,HARVEST ,,,830,,,,,,,,,,手卷
ribenyan,Harvest Shag Vanilla 30g装,HARVEST ,,,830,,,,,,,,,,手卷
ribenyan,Hi-Tabaco Virginia Gold 30g装,Hi-Tabaco ,,,1080,,,,,,,,,,手卷
ribenyan,Hi-Tabaco Non-Additive Premium 30g装,Hi-Tabaco ,,,1080,,,,,,,,,,手卷
ribenyan,Hi-Tabaco Dark Fire 30g装,Hi-Tabaco ,,,940,,,,,,,,,,手卷
ribenyan,JBR Vanilla 30g装,JBR ,,,900,,,,,,,,,,手卷
ribenyan,JBR Blueberry Mint 30g装,JBR ,,,900,,,,,,,,,,手卷
ribenyan,JBR Two Apple 30g装,JBR ,,,900,,,,,,,,,,手卷
ribenyan,JBR Grape 30g装,JBR ,,,900,,,,,,,,,,手卷
ribenyan,伐木工/Lumber Jack Original 25g装,Lumber Jack 伐木工,,,700,,,,,,,,,,手卷
ribenyan,伐木工/Lumber Jack Light 25g装,Lumber Jack 伐木工,,,700,,,,,,,,,,手卷
ribenyan,曼尼顿/Manitou Gold 80g罐装,Manitou 曼尼顿,,,2420,,,,,,,,,,手卷
ribenyan,曼尼顿/Manitou Gold 30g装,Manitou 曼尼顿,,,910,,,,,,,,,,手卷
ribenyan,曼尼顿/Manitou Organic 25g装,Manitou 曼尼顿,,,910,,,,,,,,,,手卷
ribenyan,Pepe Dark Green 30g装,PEPE ,,,840,,,,,,,,,,手卷
ribenyan,Pepe Rich Green 30g装,PEPE ,,,840,,,,,,,,,,手卷
ribenyan,Pepe Organic Shag 30g装,PEPE ,,,900,,,,,,,,,,手卷
ribenyan,Pepe Easy Green 30g装,PEPE ,,,840,,,,,,,,,,手卷
ribenyan,Pepe Rich Green Shag 100g 罐装,PEPE ,,,2720,,,,,,,,,,手卷
ribenyan,Pepe Dark Green Shag 100g 罐装,PEPE ,,,2720,,,,,,,,,,手卷
ribenyan,Pepe Easy Green Shag 100g 罐装,PEPE ,,,2720,,,,,,,,,,手卷
ribenyan,Pepe Organic Shag 100g 罐装,PEPE ,,,2720,,,,,,,,,,手卷
ribenyan,Perfect Blend Fine Cut 40g装,Perfect Blend 完美混合,,,1410,,,,,,,,,,手卷
ribenyan,Pueblo Natural Shag 30g装,PUEBLO 普韦布洛,,,900,,,,,,,,,,手卷
ribenyan,Pueblo Natural Shag Blue 30g装,PUEBLO 普韦布洛,,,900,,,,,,,,,,手卷
ribenyan,Pueblo Natural Shag Orange 30g装,PUEBLO 普韦布洛,,,900,,,,,,,,,,手卷
ribenyan,Pueblo Natural Shag Pink 30g装,PUEBLO 普韦布洛,,,900,,,,,,,,,,手卷
ribenyan,Pueblo Natural Shag 100g装,PUEBLO 普韦布洛,,,2900,,,,,,,,,,手卷
ribenyan,Pueblo Natural Shag Blue 100g装,PUEBLO 普韦布洛,,,2900,,,,,,,,,,手卷
ribenyan,R&W Gold 30g装,R&W ,,,1090,,,,,,,,,,手卷
ribenyan,R&W Premium 30g装,R&W ,,,1090,,,,,,,,,,手卷
ribenyan,R&W Classic 30g装,R&W ,,,1090,,,,,,,,,,手卷
ribenyan,R&W Green 30g装,R&W ,,,1090,,,,,,,,,,手卷
ribenyan,R&W Classic Shag 100g Paper Can,R&W ,,,3550,,,,,,,,,,手卷
ribenyan,R&W Green 100g Paper Can,R&W ,,,3550,,,,,,,,,,手卷
ribenyan,R&W Premium 100g Paper Can,R&W ,,,3550,,,,,,,,,,手卷
ribenyan,红牛/RED BULL Blueberry Mint 40g装,RED BULL 红牛,,,1200,,,,,,,,,,手卷
ribenyan,红牛/RED BULL Two Apple 40g装,RED BULL 红牛,,,1200,,,,,,,,,,手卷
ribenyan,红牛/RED BULL Halfzware Shag 40g装,RED BULL 红牛,,,1200,,,,,,,,,,手卷
ribenyan,红牛/RED BULL Blond Shag 40g装,RED BULL 红牛,,,1200,,,,,,,,,,手卷
ribenyan,红牛/RED BULL Zware Shag 40g装,RED BULL 红牛,,,1200,,,,,,,,,,手卷
ribenyan,红场/Red Field Honey 20g装,RED FiELD 红场,,,560,,,,,,,,,,手卷
ribenyan,红场/Red Field Plum 20g装,RED FiELD 红场,,,560,,,,,,,,,,手卷
ribenyan,红场/Red Field Natural 20g装,RED FiELD 红场,,,560,,,,,,,,,,手卷
ribenyan,红场/Red Field Maple 20g装,RED FiELD 红场,,,560,,,,,,,,,,手卷
ribenyan,红场/Red Field Vanilla Caramel 20g装,RED FiELD 红场,,,560,,,,,,,,,,手卷
ribenyan,红场/Red Field Virginia 20g装,RED FiELD 红场,,,560,,,,,,,,,,手卷
ribenyan,红场/Red Field Arctic Menthol 20g装,RED FiELD 红场,,,560,,,,,,,,,,手卷
ribenyan,Spade New York Blend 20g装,SPADE ,,,500,,,,,,,,,,手卷
ribenyan,Spade Air Blend 20g装,SPADE ,,,500,,,,,,,,,,手卷
ribenyan,Stanley Double Chocolate 25g装,STANLEY 斯坦利,,,720,,,,,,,,,,手卷
ribenyan,Stanley Double Coffee 25g装,STANLEY 斯坦利,,,720,,,,,,,,,,手卷
ribenyan,Stanley Double Apple 25g装,STANLEY 斯坦利,,,720,,,,,,,,,,手卷
ribenyan,Stanley Double Vanilla 25g装,STANLEY 斯坦利,,,720,,,,,,,,,,手卷
ribenyan,Stanley Double Orange 25g装,STANLEY 斯坦利,,,720,,,,,,,,,,手卷
ribenyan,Stanley Double Raspberry 25g装,STANLEY 斯坦利,,,720,,,,,,,,,,手卷
ribenyan,Stanley Double Cassis 25g装,STANLEY 斯坦利,,,720,,,,,,,,,,手卷
ribenyan,Stanley Vanilla 100g 罐装,STANLEY 斯坦利,,,2800,,,,,,,,,,手卷
ribenyan,Stanley Double Ice Mint 25g装,STANLEY 斯坦利,,,720,,,,,,,,,,手卷
ribenyan,Stanley Hazelnut 30g装,STANLEY 斯坦利,,,830,,,,,,,,,,手卷
ribenyan,Stanley Double Hazelnut 25g装,STANLEY 斯坦利,,,720,,,,,,,,,,手卷
ribenyan,Stanley Liquorice 30g装,STANLEY 斯坦利,,,830,,,,,,,,,,手卷
ribenyan,Stanley Double Earl Grey Tea 25g装,STANLEY 斯坦利,,,720,,,,,,,,,,手卷
ribenyan,Stanley Double Licorice 25g装,STANLEY 斯坦利,,,720,,,,,,,,,,手卷
ribenyan,三只狗/Three Dogs Cigar Blend 30g装,Three Dogs 三只狗,,,1000,,,,,,,,,,手卷
ribenyan,三只狗/Three Dogs Latakia Blend 30g装,Three Dogs 三只狗,,,1000,,,,,,,,,,手卷
ribenyan,三只狗/Three Dogs Cavendish Blend 30g装,Three Dogs 三只狗,,,1000,,,,,,,,,,手卷
ribenyan,三只狗/Three Dogs Madagascar Vanilla 30g装,Three Dogs 三只狗,,,1000,,,,,,,,,,手卷
ribenyan,三只狗/Three Dogs Kretek Blend 30g装,Three Dogs 三只狗,,,1000,,,,,,,,,,手卷
ribenyan,三只狗/Three Dogs Perique Blend 30g装,Three Dogs 三只狗,,,1000,,,,,,,,,,手卷
ribenyan,三只狗/Three Dogs Turkish Blend 30g装,Three Dogs 三只狗,,,1000,,,,,,,,,,手卷
ribenyan,TP-77 American Blend 150g装,TP-77 ,,,3990,,,,,,,,,,手卷
ribenyan,TP-77 Virginia Blend 150g装,TP-77 ,,,3990,,,,,,,,,,手卷
ribenyan,TP-77 Menthol 150g装,TP-77 ,,,3990,,,,,,,,,,手卷
ribenyan,TP-77 Omega Menthol 150g装,TP-77 ,,,3990,,,,,,,,,,手卷
ribenyan,Wild Bison 35g装,Wild Bison ,,,1000,,,,,,,,,,手卷
ribenyan,Wild Bison 150g装,Wild Bison ,,,4200,,,,,,,,,,手卷
ribenyan,ZIG-ZAG Golden Shag 25g装,ZIG-ZAG ,,,680,,,,,,,,,,手卷
ribenyan,ZIG-ZAG Mint Shag 25g装,ZIG-ZAG ,,,680,,,,,,,,,,手卷
ribenyan,Seven Seas Regular Blend 40g装,7seas Seven Seas,,,1250,,,,,,,,,,烟斗丝
ribenyan,Seven Seas Cherry 40g装,7seas Seven Seas,,,1250,,,,,,,,,,烟斗丝
ribenyan,Seven Seas Royal Blend 40g装,7seas Seven Seas,,,1250,,,,,,,,,,烟斗丝
ribenyan,Seven Seas Gold Blend 40g装,7seas Seven Seas,,,1250,,,,,,,,,,烟斗丝
ribenyan,Amphora Full Aromatek 50g装,AMPHORA ,,,1490,,,,,,,,,,烟斗丝
ribenyan,Amphora Black Cavendish 50g装,AMPHORA ,,,1490,,,,,,,,,,烟斗丝
ribenyan,Amphora Rich Aroma 50g装,AMPHORA ,,,1490,,,,,,,,,,烟斗丝
ribenyan,Amphora English Blend 50g装,AMPHORA ,,,1490,,,,,,,,,,烟斗丝
ribenyan,老船长/Ark Royal Full Aroma Pipe 50g装,Ark Royal 老船长,,,1470,,,,,,,,,,烟斗丝
ribenyan,Bi Bo Pipe Tobacco 50g装,Bi Bo ,,,2950,,,,,,,,,,烟斗丝
ribenyan,Bi Bo Pipe Tobacco Other Brother 50g装,Bi Bo ,,,3000,,,,,,,,,,烟斗丝
ribenyan,Blue Note 50g装,Blue Note 蓝色音符,,,2950,,,,,,,,,,烟斗丝
ribenyan,BORKUM RIFF Vanilla 50g装,BORKUM RIFF ,,,1590,,,,,,,,,,烟斗丝
ribenyan,BORKUM RIFF Cherry Cavendish 50g装,BORKUM RIFF ,,,1590,,,,,,,,,,烟斗丝
ribenyan,BORKUM RIFF 50g装,BORKUM RIFF ,,,1590,,,,,,,,,,烟斗丝
ribenyan,BORKUM RIFF Original (原 Ultra Light) 50g装,BORKUM RIFF ,,,1590,,,,,,,,,,烟斗丝
ribenyan,Capito Mellow Light 40g装,CAPITO  ,,,1350,,,,,,,,,,烟斗丝
ribenyan,黑船长/Captain Black Gold 42.5g装,Captain Black 黑船长,,,1400,,,,,,,,,,烟斗丝
ribenyan,黑船长/Captain Black Pipe Royal 42.5g装,Captain Black 黑船长,,,1400,,,,,,,,,,烟斗丝
ribenyan,黑船长/Captain Black Original 42.5g装,Captain Black 黑船长,,,1400,,,,,,,,,,烟斗丝
ribenyan,黑船长/Captain Black Pipe Cherry 42.5g装,Captain Black 黑船长,,,1400,,,,,,,,,,烟斗丝
ribenyan,黑船长/Captain Black Pipe Watermelon 42.5g装,Captain Black 黑船长,,,1400,,,,,,,,,,烟斗丝
ribenyan,黑船长/Captain Black Pipe Green Apple 42.5g装,Captain Black 黑船长,,,1400,,,,,,,,,,烟斗丝
ribenyan,DTM Treasures of Ireland Sligo Bay 50g装,DTM ,,,3000,,,,,,,,,,烟斗丝
ribenyan,金色混合/Golden Blend's Amaretto 50g装,Golden Blend's 金色混合,,,1650,,,,,,,,,,烟斗丝
ribenyan,金色混合/Golden Blend's Vanilla 50g装,Golden Blend's 金色混合,,,1650,,,,,,,,,,烟斗丝
ribenyan,Half and Half 50g装,HALF AND HALF ,,,1620,,,,,,,,,,烟斗丝
ribenyan,马坝/Mac Baren Mixture 50g装,Mac Baren 马坝,,,1600,,,,,,,,,,烟斗丝
ribenyan,桃山/Momoyama 100g装,Momoyama 桃山,,,3400,,,,,,,,,,烟斗丝
ribenyan,桃山/Momoyama 40g装,Momoyama 桃山,,,1350,,,,,,,,,,烟斗丝
ribenyan,Perfect Blend 100g装,Perfect Blend 完美混合,,,4900,,,,,,,,,,烟斗丝
ribenyan,Pesse Canoe Oriental Flake 50g装,Pesse Canoe ,,,3000,,,,,,,,,,烟斗丝
ribenyan,Pesse Canoe Latakia Flake - 40 [50g装],Pesse Canoe ,,,3000,,,,,,,,,,烟斗丝
ribenyan,Pesse Canoe South 50g装,Pesse Canoe ,,,3200,,,,,,,,,,烟斗丝
ribenyan,Pesse Canoe East 50g装,Pesse Canoe ,,,3200,,,,,,,,,,烟斗丝
ribenyan,Pesse Canoe West 50g装,Pesse Canoe ,,,3200,,,,,,,,,,烟斗丝
ribenyan,Pesse Canoe North 50g装,Pesse Canoe ,,,3200,,,,,,,,,,烟斗丝
ribenyan,Pesse Canoe Latakia Flake - 20 [50g装],Pesse Canoe ,,,3000,,,,,,,,,,烟斗丝
ribenyan,Peterson Flake 50g装,Peterson 彼得森,,,2600,,,,,,,,,,烟斗丝
ribenyan,Peterson Early Morning 50g装,Peterson 彼得森,,,2600,,,,,,,,,,烟斗丝
ribenyan,Peterson My Mixture 965 50g装,Peterson 彼得森,,,2600,,,,,,,,,,烟斗丝
ribenyan,Peterson Old Dublin 50g装,Peterson 彼得森,,,2300,,,,,,,,,,烟斗丝
ribenyan,Peterson Aran 40g装,Peterson 彼得森,,,1520,,,,,,,,,,烟斗丝
ribenyan,Peterson Sherlock Holmes 50g装,Peterson 彼得森,,,2300,,,,,,,,,,烟斗丝
ribenyan,Peterson Irish Dew 40g装,Peterson 彼得森,,,1520,,,,,,,,,,烟斗丝
ribenyan,Peterson Wild Atlantic 40g装,Peterson 彼得森,,,1520,,,,,,,,,,烟斗丝
ribenyan,Peterson Connoisseur's Choice Black,Peterson 彼得森,,,1520,,,,,,,,,,烟斗丝
ribenyan,Promenade 40g装,PROMENADE ,,,1350,,,,,,,,,,烟斗丝
ribenyan,ROCK'N CHAIR 40g装,ROCK'N CHAIR ,,,1350,,,,,,,,,,烟斗丝
ribenyan,Samuel Gawith Kendal Cream Deluxe flake 50g装,Samuel Gawith 塞缪尔加维,,,3200,,,,,,,,,,烟斗丝
ribenyan,Samuel Gawith Golden Glow 50g装,Samuel Gawith 塞缪尔加维,,,3200,,,,,,,,,,烟斗丝
ribenyan,Samuel Gawith Perfection 50g装,Samuel Gawith 塞缪尔加维,,,3200,,,,,,,,,,烟斗丝
ribenyan,Samuel Gawith Fire Dance Flake 50g装,Samuel Gawith 塞缪尔加维,,,3200,,,,,,,,,,烟斗丝
ribenyan,Samuel Gawith Grousemoor 50g装,Samuel Gawith 塞缪尔加维,,,3200,,,,,,,,,,烟斗丝
ribenyan,Samuel Gawith Commonwealth 50g装,Samuel Gawith 塞缪尔加维,,,3200,,,,,,,,,,烟斗丝
ribenyan,Samuel Gawith Skiff Mixture 50g装,Samuel Gawith 塞缪尔加维,,,3200,,,,,,,,,,烟斗丝
ribenyan,Samuel Gawith Squadron Leader 50g装,Samuel Gawith 塞缪尔加维,,,3200,,,,,,,,,,烟斗丝
ribenyan,Samuel Gawith Balkan Flake 50g装,Samuel Gawith 塞缪尔加维,,,3200,,,,,,,,,,烟斗丝
ribenyan,Samuel Gawith Bothy Flake 50g装,Samuel Gawith 塞缪尔加维,,,3200,,,,,,,,,,烟斗丝
ribenyan,SILK ROAD 40g装,SILK ROAD 丝绸之路,,,1350,,,,,,,,,,烟斗丝
ribenyan,SOL Gold 30g装,SOL ,,,960,,,,,,,,,,烟斗丝
ribenyan,SOL Gold 80g装,SOL ,,,2480,,,,,,,,,,烟斗丝
ribenyan,SOL Mint 30g装,SOL ,,,960,,,,,,,,,,烟斗丝
ribenyan,Sweet Dublin 50g装,Sweet Dublin 甜都柏林,,,1620,,,,,,,,,,烟斗丝
ribenyan,Take Your Time 50g装,Take Your Time ,,,2950,,,,,,,,,,烟斗丝
ribenyan,Larsen The Master's Blend 50g装,W.Ø.LARSEN ,,,1690,,,,,,,,,,烟斗丝
ribenyan,Larsen Signature 100g装,W.Ø.LARSEN ,,,4700,,,,,,,,,,烟斗丝
ribenyan,Larsen Fine and Elegant 50g装,W.Ø.LARSEN ,,,1690,,,,,,,,,,烟斗丝
ribenyan,Larsen Mellow and Tasty 50g装,W.Ø.LARSEN ,,,1690,,,,,,,,,,烟斗丝
ribenyan,飞鸟 100g罐装,飞鸟 ,,,3600,,,,,,,,,,烟斗丝
ribenyan,阿姆斯特丹/Amsterdamer Original Virginia 30g装,Amsterdamer 阿姆斯特丹,,,550,,,,,,,,,,烟丝
ribenyan,阿姆斯特丹/Amsterdamer Dark Virginia 30g装,Amsterdamer 阿姆斯特丹,,,550,,,,,,,,,,烟丝
ribenyan,阿姆斯特丹/Amsterdamer Bright Virginia 30g装,Amsterdamer 阿姆斯特丹,,,550,,,,,,,,,,烟丝
ribenyan,Bragilian Spirit Classic 20g装,Bragilian Spirit ,,,480,,,,,,,,,,烟丝
ribenyan,Bragilian Spirit American Blend 20g装,Bragilian Spirit ,,,480,,,,,,,,,,烟丝
ribenyan,Bragilian Spirit Dark Fired 20g装,Bragilian Spirit ,,,480,,,,,,,,,,烟丝
ribenyan,Bragilian Spirit Virginia Blend 20g装,Bragilian Spirit ,,,480,,,,,,,,,,烟丝
ribenyan,IROHA 30g装,IROHA ,,,750,,,,,,,,,,烟丝
ribenyan,RYTUA Jatim 25g装,RYTUA ,,,650,,,,,,,,,,烟丝
ribenyan,RYTUA Zambesi 25g装,RYTUA ,,,650,,,,,,,,,,烟丝
ribenyan,大江戸刻 OH·EDO KIZAMI 30g装,大江户刻 ,,,1650,,,,,,,,,,烟丝
ribenyan,宝船 Gold 20g装,宝船 ,,,590,,,,,,,,,,烟丝
ribenyan,宝船 20g装,宝船 ,,,590,,,,,,,,,,烟丝
ribenyan,小粹 10g装,小粹 ,,,600,,,,,,,,,,烟丝
ribenyan,松风 30g装,松风 ,,,830,,,,,,,,,,烟丝
