id,code,name,category,brand,spec,weight_kg,category_type,ingredients,cut,strength,blend,flavor,price_usd,price_rmb,lineation_price,total_stock,sales_num,in_stock,stock_warning,subtitle,is_multiple,description,image,sku_details
2287,TO31453,喇叭手 原味 (帶紙),手卷丝,,18.4g/pack*1,0.035 kg/包,手卷絲,土耳其煙草、混合煙草,精細切割,中等,,,5.76,39,0,5419,3077,TRUE,10,🔥熱銷單品,TRUE,,https://picture.pipeuncle.com/pipeuncle-images/image/20260312/c2191c45-40da-456d-a001-c6da925c7377.jpg,"[{""spec"": ""18.4g/pack*1"", ""price_usd"": 5.76, ""stock"": 5419}]"
2286,TO32792,喇叭手 薄荷醇 (帶紙),手卷丝,,18.4g/pack*1,0.035 kg/包,手卷絲,土耳其煙草、混合煙草,精細切割,中等,,,5.76,39,0,2037,1529,TRUE,10,🔥熱銷單品,TRUE,,https://picture.pipeuncle.com/pipeuncle-images/image/20260312/d1c3672c-fab3-4efb-a9e8-160e3fee6118.jpg,"[{""spec"": ""18.4g/pack*1"", ""price_usd"": 5.76, ""stock"": 1940}, {""spec"": ""18.4g/pack*6"", ""price_usd"": 33.4, ""stock"": 97}]"
2150,TO32073,COLTS 清爽薄荷 (帶紙),手卷丝,,0.03kg/pack*1,0.05 kg/包,,,：精細切割,,,,4.75,32,0,1046,1750,TRUE,0,,TRUE,,https://picture.pipeuncle.com/pipeuncle-images/image/20260211/31c864dd-5c77-4232-bd47-814c5c7ba0de.jpg,"[{""spec"": ""0.03kg/pack*1"", ""price_usd"": 4.75, ""stock"": 948}, {""spec"": ""0.03kg/pack*5"", ""price_usd"": 22.79, ""stock"": 98}]"
2149,TO32779,COLTS 甜香櫻桃 (帶紙),手卷丝,,0.03kg/pack*1,0.05 kg/包,,,：精細切割,,,,4.75,32,0,1045,1896,TRUE,0,,TRUE,,https://picture.pipeuncle.com/pipeuncle-images/image/20260211/f81b827f-53b4-4b84-adfe-a6112af1854c.jpg,"[{""spec"": ""0.03kg/pack*1"", ""price_usd"": 4.75, ""stock"": 947}, {""spec"": ""0.03kg/pack*5"", ""price_usd"": 22.79, ""stock"": 98}]"
2153,TO32004,COLTS 清甜荔枝 (帶紙),手卷丝,,0.03kg/pack*1,0.05 kg/包,,,：精細切割,,,,4.75,32,0,1016,1970,TRUE,0,,TRUE,,https://picture.pipeuncle.com/pipeuncle-images/image/20260211/c1e69f48-2486-4397-9191-1c7473d4fc30.jpg,"[{""spec"": ""0.03kg/pack*1"", ""price_usd"": 4.75, ""stock"": 922}, {""spec"": ""0.03kg/pack*5"", ""price_usd"": 22.79, ""stock"": 94}]"
2151,TO32231,COLTS 果香茉莉 (帶紙),手卷丝,,0.03kg/pack*1,0.05 kg/包,,,：精細切割,,,,4.75,32,0,1006,2031,TRUE,0,,TRUE,,https://picture.pipeuncle.com/pipeuncle-images/image/20260211/c5ee65f6-572e-44bc-931c-e6b672278cd1.jpg,"[{""spec"": ""0.03kg/pack*1"", ""price_usd"": 4.75, ""stock"": 914}, {""spec"": ""0.03kg/pack*5"", ""price_usd"": 22.79, ""stock"": 92}]"
2152,TO32229,COLTS 清新綠茶 (帶紙),手卷丝,,0.03kg/pack*1,0.05 kg/包,,,：精細切割,,,,4.75,32,0,984,2011,TRUE,0,,TRUE,,https://picture.pipeuncle.com/pipeuncle-images/image/20260211/2f5a63c2-9b33-4f9a-b09f-97d2a2e621cc.jpg,"[{""spec"": ""0.03kg/pack*1"", ""price_usd"": 4.75, ""stock"": 890}, {""spec"": ""0.03kg/pack*5"", ""price_usd"": 22.79, ""stock"": 94}]"
2458,TO32863,阿姆斯特丹 咖啡冰爽 (帶紙),手卷丝,,0.025kg/pack*1,0.043 kg/包,,,,,,,4.15,28,0,980,442,TRUE,10, ,TRUE,,https://picture.pipeuncle.com/pipeuncle-images/image/20260409/f71d753b-068a-4131-9886-ddbee76ae83c.jpg,"[{""spec"": ""0.025kg/pack*1"", ""price_usd"": 4.15, ""stock"": 930}, {""spec"": ""0.025kg/pack*5"", ""price_usd"": 19.8, ""stock"": 50}]"
2459,TO32864,阿姆斯特丹 蘋果冰爽 (帶紙),手卷丝,,0.025kg/pack*1,0.043 kg/包,,,,,,,4.15,28,0,976,373,TRUE,10, ,TRUE,,https://picture.pipeuncle.com/pipeuncle-images/image/20260409/76a229a7-e1ac-46b8-9c52-615da9977805.jpg,"[{""spec"": ""0.025kg/pack*1"", ""price_usd"": 4.15, ""stock"": 925}, {""spec"": ""0.025kg/pack*5"", ""price_usd"": 19.8, ""stock"": 51}]"
2303,TO32794,馬霸選擇#33 皇家基爾 (帶紙),手卷丝,,0.03kg/pack*1,0.05 kg/包,手卷絲,弗吉尼亞煙草、白肋煙、東方煙草,精細切割,輕柔,,,4.62,31,0,968,1730,TRUE,10, ,TRUE,,https://picture.pipeuncle.com/pipeuncle-images/image/20260316/dbc07ef0-05c3-4097-89e3-9a1ce2eda644.jpg,"[{""spec"": ""0.03kg/pack*1"", ""price_usd"": 4.62, ""stock"": 922}, {""spec"": ""0.03kg/pack*5"", ""price_usd"": 22.09, ""stock"": 46}]"
2296,TO32786,馬霸選擇#05 芳香 (帶紙),手卷丝,,0.03kg/pack*1,0.05 kg/包,手卷絲,"弗吉尼亞煙草、白肋煙、卡文迪什（Virginia, Burley, Cavendish）",精細切割,輕柔,,,4.62,31,0,895,1867,TRUE,10, ,TRUE,,https://picture.pipeuncle.com/pipeuncle-images/image/20260316/e8001c5f-462f-4b23-8683-3a2761ce4b79.jpg,"[{""spec"": ""0.03kg/pack*1"", ""price_usd"": 4.62, ""stock"": 851}, {""spec"": ""0.03kg/pack*5"", ""price_usd"": 22.09, ""stock"": 44}]"
2158,TO32778,巴厘絲 濃郁弗吉尼亞 (帶紙),手卷丝,,0.04kg/pack*1,0.058 kg/包,手卷絲,維吉尼亞煙草,精細長切絲,中等偏上,,,7.08,48,0,809,3128,TRUE,0,,TRUE,,https://picture.pipeuncle.com/pipeuncle-images/image/20260211/79fb043c-50ae-4062-9e6e-83a83d635cba.jpg,"[{""spec"": ""0.04kg/pack*1"", ""price_usd"": 7.08, ""stock"": 732}, {""spec"": ""0.04kg/pack*5"", ""price_usd"": 34.39, ""stock"": 77}]"
2460,TO32865,阿姆斯特丹 薄荷冰爽 (帶紙),手卷丝,,0.025kg/pack*1,0.043 kg/包,,,,,,,4.15,28,0,544,327,TRUE,10, ,TRUE,,https://picture.pipeuncle.com/pipeuncle-images/image/20260409/b4291194-e945-4f70-8cb7-f765b4cca5e7.jpg,"[{""spec"": ""0.025kg/pack*1"", ""price_usd"": 4.15, ""stock"": 541}, {""spec"": ""0.025kg/pack*5"", ""price_usd"": 19.8, ""stock"": 3}]"
2297,TO32744,馬霸選擇#16 黑巧克力 (帶紙),手卷丝,,0.03kg/pack*1,0.05 kg/包,手卷絲,白肋煙、弗吉尼亞煙草,精細切割（Feinschnitt）,輕柔,,,4.62,31,0,472,2338,TRUE,10, ,TRUE,,https://picture.pipeuncle.com/pipeuncle-images/image/20260316/2421ed2d-940c-4302-9bef-886224263644.jpg,"[{""spec"": ""0.03kg/pack*1"", ""price_usd"": 4.62, ""stock"": 468}, {""spec"": ""0.03kg/pack*5"", ""price_usd"": 22.09, ""stock"": 4}]"
2300,TO32797,馬霸選擇#210 蘋果 (帶紙),手卷丝,,0.03kg/pack*1,0.05 kg/包,手卷絲,弗吉尼亞煙草、白肋煙,精細切割,輕柔,,,4.62,31,0,461,2714,TRUE,10, ,TRUE,,https://picture.pipeuncle.com/pipeuncle-images/image/20260316/e9dcc257-e102-48b7-8d60-49e9ec16cb72.jpg,"[{""spec"": ""0.03kg/pack*1"", ""price_usd"": 4.62, ""stock"": 447}, {""spec"": ""0.03kg/pack*5"", ""price_usd"": 22.09, ""stock"": 14}]"
2299,TO32796,馬霸選擇#225 香草 (帶紙),手卷丝,,0.03kg/pack*1,0.05 kg/包,手卷絲,弗吉尼亞煙草、白肋煙、東方煙草,精細切割（絲切）,輕柔,,,4.62,31,0,460,2554,TRUE,10, ,TRUE,,https://picture.pipeuncle.com/pipeuncle-images/image/20260316/399ac636-fa4d-4cad-b726-0f61b2a7753b.jpg,"[{""spec"": ""0.03kg/pack*1"", ""price_usd"": 4.62, ""stock"": 450}, {""spec"": ""0.03kg/pack*5"", ""price_usd"": 22.09, ""stock"": 10}]"
2304,TO32798,馬霸選擇#247 葡萄 (帶紙),手卷丝,,0.03kg/pack*1,0.05 kg/包,手卷絲,黑板煙、維吉尼亞,絲帶狀切割,輕柔,,,4.62,31,0,436,3476,TRUE,10, ,TRUE,,https://picture.pipeuncle.com/pipeuncle-images/image/20260316/d64d1e13-50a2-4945-94a9-cf75e64ea6a1.jpg,"[{""spec"": ""0.03kg/pack*1"", ""price_usd"": 4.62, ""stock"": 427}, {""spec"": ""0.03kg/pack*5"", ""price_usd"": 22.09, ""stock"": 9}]"
2306,TO32801,馬霸選擇#237 櫻桃 (帶紙),手卷丝,,0.03kg/pack*1,0.05 kg/包,,黑板煙、亮色維吉尼亞,絲帶狀切割,輕柔,,,4.62,31,0,433,1937,TRUE,10, ,TRUE,,https://picture.pipeuncle.com/pipeuncle-images/image/20260316/b7ba1fa2-b5ce-4507-ab9d-ee348277d999.jpg,"[{""spec"": ""0.03kg/pack*1"", ""price_usd"": 4.62, ""stock"": 428}, {""spec"": ""0.03kg/pack*5"", ""price_usd"": 22.09, ""stock"": 5}]"
2301,TO32787,馬霸選擇#251 雙薄荷 (帶紙),手卷丝,,0.03kg/pack*1,0.05 kg/包,手卷絲,弗吉尼亞煙草、白肋煙,精細切割,輕柔至中等,,,4.62,31,0,433,2215,TRUE,10, ,TRUE,,https://picture.pipeuncle.com/pipeuncle-images/image/20260316/869967e4-ca60-4007-b28d-04172069fbea.jpg,"[{""spec"": ""0.03kg/pack*1"", ""price_usd"": 4.62, ""stock"": 427}, {""spec"": ""0.03kg/pack*5"", ""price_usd"": 22.09, ""stock"": 6}]"
2461,TO32869,PS NUMBER 93 阿姆斯特丹 手捲 (袋裝 帶紙),手卷丝,,0035g/pack*1,0.05 kg/包,,,,,,,6.13,42,0,418,1509,TRUE,10,🔥熱銷單品,TRUE,,https://picture.pipeuncle.com/pipeuncle-images/image/20260409/8d8dbe49-9426-44e2-be56-4e34a42c8b35.jpg,"[{""spec"": ""0035g/pack*1"", ""price_usd"": 6.13, ""stock"": 394}, {""spec"": ""0035g/pack*5"", ""price_usd"": 29.71, ""stock"": 24}]"
2309,TO32795,阿姆斯特丹 香草冰爽 (帶紙),手卷丝,,0.025kg/pack*1,0.043 kg/包,手卷絲,"維吉尼亞煙草、白肋煙、黑板煙（Virginia, Burley, Black Cavendish）",精細切割,輕柔至中等,,,4.15,28,0,416,1952,TRUE,10, ,TRUE,,https://picture.pipeuncle.com/pipeuncle-images/image/20260316/83a5b237-e111-458d-990c-87608955a9d9.jpg,"[{""spec"": ""0.025kg/pack*1"", ""price_usd"": 4.15, ""stock"": 415}, {""spec"": ""0.025kg/pack*5"", ""price_usd"": 19.8, ""stock"": 1}]"
2465,TO32872,PS NUMBER 95 斯德哥爾摩 混合 (袋裝 帶紙),手卷丝,,0.035kg/pack*1,0.05 kg/包,,,,,,,6.13,42,0,316,1483,TRUE,10,🔥熱銷單品,TRUE,,https://picture.pipeuncle.com/pipeuncle-images/image/20260409/e59f3a53-4ec9-4608-90e9-2dac42174d55.jpg,"[{""spec"": ""0.035kg/pack*1"", ""price_usd"": 6.13, ""stock"": 286}, {""spec"": ""0.035kg/pack*5"", ""price_usd"": 29.71, ""stock"": 30}]"
2302,TO32793,馬霸選擇#9 咖啡 (帶紙),手卷丝,,0.03kg/pack*1,0.05 kg/包,手卷絲,弗吉尼亞煙草、白肋煙、東方煙草,精細切割,輕柔至中等,,,4.62,31,0,310,2265,TRUE,10, ,TRUE,,https://picture.pipeuncle.com/pipeuncle-images/image/20260316/6a52bf67-eb5e-48be-a235-a9ad411091a2.jpg,"[{""spec"": ""0.03kg/pack*1"", ""price_usd"": 4.62, ""stock"": 284}, {""spec"": ""0.03kg/pack*5"", ""price_usd"": 22.09, ""stock"": 26}]"
2464,TO32877,PS NUMBER 96 倫敦出口 (袋裝 帶紙),手卷丝,,0.035kg/pack*1,0.05 kg/包,,,,,,,6.13,42,0,304,1510,TRUE,10,🔥熱銷單品,TRUE,,https://picture.pipeuncle.com/pipeuncle-images/image/20260409/f550a193-292c-4451-9693-ff03fc3008f9.jpg,"[{""spec"": ""0.035kg/pack*1"", ""price_usd"": 6.13, ""stock"": 284}, {""spec"": ""0.035kg/pack*5"", ""price_usd"": 29.71, ""stock"": 20}]"
2463,TO32870,PS NUMBER 94 土耳其出口 (袋裝 帶紙),手卷丝,,0.035kg/pack*1,0.05 kg/包,,,,,,,6.13,42,0,303,1629,TRUE,10,🔥熱銷單品,TRUE,,https://picture.pipeuncle.com/pipeuncle-images/image/20260409/e3b3e2a8-c136-42c4-bdaf-d399d59a461a.jpg,"[{""spec"": ""0.035kg/pack*1"", ""price_usd"": 6.13, ""stock"": 283}, {""spec"": ""0.035kg/pack*5"", ""price_usd"": 29.71, ""stock"": 20}]"
2451,TO32928,PS NUMBER 91 丹麥出口,手卷丝,,0.15kg/box*1,0.23 kg/罐,,,,,,,22.24,151,0,293,35,TRUE,10,🔥熱銷單品,TRUE,,https://picture.pipeuncle.com/pipeuncle-images/image/20260504/2255592c-fb48-437e-a93d-3f97c301e834.jpg,"[{""spec"": ""0.15kg/box*1"", ""price_usd"": 22.24, ""stock"": 271}, {""spec"": ""0.15kg/box*3"", ""price_usd"": 64.74, ""stock"": 22}]"
2507,TO32897,紅田 黑醋栗 (帶紙),手卷丝,,0.03kg/pack*1,0.05 kg/包,,,,,,,4.29,29,0,280,196,TRUE,0,,TRUE,,https://picture.pipeuncle.com/pipeuncle-images/image/20260417/8b75c243-7324-4e77-a04d-5aa76e9e8020.jpg,"[{""spec"": ""0.03kg/pack*1"", ""price_usd"": 4.29, ""stock"": 264}, {""spec"": ""0.03kg/pack*5"", ""price_usd"": 20.59, ""stock"": 16}]"
2508,TO32898,紅田 櫻桃 (帶紙),手卷丝,,0.03kg/pack*1,0.05 kg/包,,,,,,,4.29,29,0,276,210,TRUE,0,,TRUE,,https://picture.pipeuncle.com/pipeuncle-images/image/20260417/dac49714-a4ae-4a62-94ce-e47ae14b6d92.jpg,"[{""spec"": ""0.03kg/pack*1"", ""price_usd"": 4.29, ""stock"": 256}, {""spec"": ""0.03kg/pack*5"", ""price_usd"": 20.59, ""stock"": 20}]"
2502,TO32894,紅田 蘋果 (帶紙),手卷丝,,0.03kg/pack*1,0.05 kg/包,,,,,,,4.29,29,0,267,218,TRUE,0,,TRUE,,https://picture.pipeuncle.com/pipeuncle-images/image/20260417/9bbaac3b-743b-435d-857b-d5344550ac3a.jpg,"[{""spec"": ""0.03kg/pack*1"", ""price_usd"": 4.29, ""stock"": 248}, {""spec"": ""0.03kg/pack*5"", ""price_usd"": 20.59, ""stock"": 19}]"
2513,TO32903,紅田 葡萄 (帶紙),手卷丝,,0.03kg/pack*1,0.05 kg/包,,,,,,,4.29,29,0,266,230,TRUE,0,,TRUE,,https://picture.pipeuncle.com/pipeuncle-images/image/20260417/339a88c8-589c-49a7-92c6-1eac2e03654b.jpg,"[{""spec"": ""0.03kg/pack*1"", ""price_usd"": 4.29, ""stock"": 249}, {""spec"": ""0.03kg/pack*5"", ""price_usd"": 20.59, ""stock"": 17}]"
2515,TO32905,紅田 皇家基爾 (帶紙),手卷丝,,0.03kg/pack*1,0.05 kg/包,,,,,,,4.29,29,0,257,245,TRUE,0,,TRUE,,https://picture.pipeuncle.com/pipeuncle-images/image/20260417/da6947d1-855e-4e67-8cb5-9cf07433abb9.jpg,"[{""spec"": ""0.03kg/pack*1"", ""price_usd"": 4.29, ""stock"": 244}, {""spec"": ""0.03kg/pack*5"", ""price_usd"": 20.59, ""stock"": 13}]"
2514,TO32904,紅田 榛果 (帶紙),手卷丝,,0.03kg/pack*1,0.05 kg/包,,,,,,,4.29,29,0,254,246,TRUE,0,,TRUE,,https://picture.pipeuncle.com/pipeuncle-images/image/20260417/51f0a736-2be7-4e79-8264-f17c48080b49.jpg,"[{""spec"": ""0.03kg/pack*1"", ""price_usd"": 4.29, ""stock"": 236}, {""spec"": ""0.03kg/pack*5"", ""price_usd"": 20.59, ""stock"": 18}]"
2454,TO32873,PS NUMBER 95 斯德哥爾摩 混合,手卷丝,,0.15kg/box*1,0.23 kg/罐,,,,,,,22.24,151,0,239,759,TRUE,10,🔥熱銷單品,TRUE,,https://picture.pipeuncle.com/pipeuncle-images/image/20260504/a8113bf3-1997-4f39-b13f-37fa86621921.jpg,"[{""spec"": ""0.15kg/box*1"", ""price_usd"": 22.24, ""stock"": 228}, {""spec"": ""0.15kg/box*3"", ""price_usd"": 64.74, ""stock"": 11}]"
2509,TO32899,紅田 巧克力 (帶紙),手卷丝,,0.03kg/pack*1,0.05 kg/包,,,,,,,4.29,29,0,232,285,TRUE,0,,TRUE,,https://picture.pipeuncle.com/pipeuncle-images/image/20260417/2974f58b-0b90-43df-9991-a815efc34ab4.jpg,"[{""spec"": ""0.03kg/pack*1"", ""price_usd"": 4.29, ""stock"": 220}, {""spec"": ""0.03kg/pack*5"", ""price_usd"": 20.59, ""stock"": 12}]"
2517,TO32907,紅田 薄荷 (帶紙),手卷丝,,0.03kg/pack*1,0.05 kg/包,,,,,,,4.29,29,0,177,206,TRUE,0,,TRUE,,https://picture.pipeuncle.com/pipeuncle-images/image/20260417/6d019084-cebb-4e8b-a38b-b9f40a077118.jpg,"[{""spec"": ""0.03kg/pack*1"", ""price_usd"": 4.29, ""stock"": 174}, {""spec"": ""0.03kg/pack*5"", ""price_usd"": 20.59, ""stock"": 3}]"
2505,TO32895,紅田 香蕉 (帶紙),手卷丝,,0.03kg/pack*1,0.05 kg/包,,,,,,,4.29,29,0,177,196,TRUE,0,,TRUE,,https://picture.pipeuncle.com/pipeuncle-images/image/20260417/1ba60d65-5c7e-4cc7-a57d-6f8c1b9427ce.jpg,"[{""spec"": ""0.03kg/pack*1"", ""price_usd"": 4.29, ""stock"": 171}, {""spec"": ""0.03kg/pack*5"", ""price_usd"": 20.59, ""stock"": 6}]"
2519,TO32909,紅田 桃子 (帶紙),手卷丝,,0.03kg/pack*1,0.05 kg/包,,,,,,,4.29,29,0,174,211,TRUE,0,,TRUE,,https://picture.pipeuncle.com/pipeuncle-images/image/20260417/a0eeee6e-c6c7-404a-a2a1-c21d27a70d04.jpg,"[{""spec"": ""0.03kg/pack*1"", ""price_usd"": 4.29, ""stock"": 167}, {""spec"": ""0.03kg/pack*5"", ""price_usd"": 20.59, ""stock"": 7}]"
2510,TO32900,紅田 巧克力薄荷 (帶紙),手卷丝,,0.03kg/pack*1,0.05 kg/包,,,,,,,4.29,29,0,173,217,TRUE,0,,TRUE,,https://picture.pipeuncle.com/pipeuncle-images/image/20260417/075bc6d6-1f1f-4b71-8d3a-0da5d8930af6.jpg,"[{""spec"": ""0.03kg/pack*1"", ""price_usd"": 4.29, ""stock"": 167}, {""spec"": ""0.03kg/pack*5"", ""price_usd"": 20.59, ""stock"": 6}]"
2521,TO32911,紅田 草莓 (帶紙),手卷丝,,0.03kg/pack*1,0.05 kg/包,,,,,,,4.29,29,0,171,215,TRUE,0,,TRUE,,https://picture.pipeuncle.com/pipeuncle-images/image/20260417/bfd873c9-985b-4fd1-a46a-145b2bc3ca53.jpg,"[{""spec"": ""0.03kg/pack*1"", ""price_usd"": 4.29, ""stock"": 163}, {""spec"": ""0.03kg/pack*5"", ""price_usd"": 20.59, ""stock"": 8}]"
2511,TO32901,紅田 柑橘 (帶紙),手卷丝,,0.03kg/pack*1,0.05 kg/包,,,,,,,4.29,29,0,170,227,TRUE,0,,TRUE,,https://picture.pipeuncle.com/pipeuncle-images/image/20260417/67a30d7d-302e-4e66-ada7-195aa57935b9.jpg,"[{""spec"": ""0.03kg/pack*1"", ""price_usd"": 4.29, ""stock"": 162}, {""spec"": ""0.03kg/pack*5"", ""price_usd"": 20.59, ""stock"": 8}]"
2516,TO32906,紅田 芒果 (帶紙),手卷丝,,0.03kg/pack*1,0.05 kg/包,,,,,,,4.29,29,0,169,219,TRUE,0,,TRUE,,https://picture.pipeuncle.com/pipeuncle-images/image/20260417/aeef240d-2756-4c6b-8b53-b896e8d2b9f5.jpg,"[{""spec"": ""0.03kg/pack*1"", ""price_usd"": 4.29, ""stock"": 159}, {""spec"": ""0.03kg/pack*5"", ""price_usd"": 20.59, ""stock"": 10}]"
2518,TO32908,紅田 香橙 (帶紙),手卷丝,,0.03kg/pack*1,0.05 kg/包,,,,,,,4.29,29,0,162,233,TRUE,0,,TRUE,,https://picture.pipeuncle.com/pipeuncle-images/image/20260417/8909f566-1467-489c-9d0b-7f6f2b6af117.jpg,"[{""spec"": ""0.03kg/pack*1"", ""price_usd"": 4.29, ""stock"": 154}, {""spec"": ""0.03kg/pack*5"", ""price_usd"": 20.59, ""stock"": 8}]"
2522,TO32912,紅田 香草 (帶紙),手卷丝,,0.03kg/pack*1,0.05 kg/包,,,,,,,4.29,29,0,152,229,TRUE,0,,TRUE,,https://picture.pipeuncle.com/pipeuncle-images/image/20260417/39db74a7-a7ca-441f-857b-944a2366a259.jpg,"[{""spec"": ""0.03kg/pack*1"", ""price_usd"": 4.29, ""stock"": 152}, {""spec"": ""0.03kg/pack*5"", ""price_usd"": 20.59, ""stock"": 0}]"
2298,TO32802,馬霸選擇#24 朗姆咖啡 (帶紙),手卷丝,,0.03kg/pack*1,0.05 kg/包,手卷絲,弗吉尼亞煙草、白肋煙、東方煙草,絲切（精細切割）,輕柔,,,4.62,31,0,117,2545,TRUE,10, ,TRUE,,https://picture.pipeuncle.com/pipeuncle-images/image/20260316/180ca4e7-95ea-4707-a29b-3316d0f0732e.jpg,"[{""spec"": ""0.03kg/pack*1"", ""price_usd"": 4.62, ""stock"": 117}, {""spec"": ""0.03kg/pack*5"", ""price_usd"": 22.09, ""stock"": 0}]"
2450,TO32868,PS NUMBER 93 阿姆斯特丹 手捲,手卷丝,,0.15kg/box*1,0.23 kg/罐,,,,,,,22.24,151,0,110,1219,TRUE,10,🔥熱銷單品,TRUE,,https://picture.pipeuncle.com/pipeuncle-images/image/20260504/bdde0e37-b6db-4570-b16f-8259cc6d4b5b.jpg,"[{""spec"": ""0.15kg/box*1"", ""price_usd"": 22.24, ""stock"": 110}, {""spec"": ""0.15kg/box*3"", ""price_usd"": 64.74, ""stock"": 0}]"
2453,TO32878,PS NUMBER 96 倫敦出口,手卷丝,,0.15kg/box*1,0.23 kg/罐,,,,,,,22.24,151,0,99,1112,TRUE,10,🔥熱銷單品,TRUE,,https://picture.pipeuncle.com/pipeuncle-images/image/20260504/ea8718da-82ee-4355-af18-62974d30cfd7.jpg,"[{""spec"": ""0.15kg/box*1"", ""price_usd"": 22.24, ""stock"": 99}, {""spec"": ""0.15kg/box*3"", ""price_usd"": 64.74, ""stock"": 0}]"
2520,TO32910,紅田 樹莓鳳梨 (帶紙),手卷丝,,0.03kg/pack*1,0.05 kg/包,,,,,,,4.29,29,0,99,300,TRUE,0,,TRUE,,https://picture.pipeuncle.com/pipeuncle-images/image/20260417/d85d4f63-bef2-43f5-a106-67f144c9ac51.jpg,"[{""spec"": ""0.03kg/pack*1"", ""price_usd"": 4.29, ""stock"": 98}, {""spec"": ""0.03kg/pack*5"", ""price_usd"": 20.59, ""stock"": 1}]"
2462,TO32876,PS NUMBER 91 丹麥出口 (袋裝 帶紙),手卷丝,,0.035kg/pack*1,0.05 kg/包,,,,,,,6.13,42,0,69,2461,TRUE,10,🔥熱銷單品,TRUE,,https://picture.pipeuncle.com/pipeuncle-images/image/20260409/a27245c8-6772-4f82-b0e2-9062ab5c2311.jpg,"[{""spec"": ""0.035kg/pack*1"", ""price_usd"": 6.13, ""stock"": 69}, {""spec"": ""0.035kg/pack*5"", ""price_usd"": 29.71, ""stock"": 0}]"
2512,TO32902,紅田 伯爵紅茶 (帶紙),手卷丝,,0.03kg/pack*1,0.05 kg/包,,,,,,,4.29,29,0,57,318,TRUE,0,,TRUE,,https://picture.pipeuncle.com/pipeuncle-images/image/20260417/b1b29eac-8a69-49be-bc8e-f23b79743b2e.jpg,"[{""spec"": ""0.03kg/pack*1"", ""price_usd"": 4.29, ""stock"": 47}, {""spec"": ""0.03kg/pack*5"", ""price_usd"": 20.59, ""stock"": 10}]"
2768,-,手捲精選 2號 (33包套餐),手卷丝组合,,"Bugler Gold 0.0184kg/pack*1
Bugler Original 0.0184kg/pack*1
Drum Bright Blue 0.05kg/pack*1
Drum The Original 0.05kg/pack*1
GV The Original 0.05kg/pack*1
GV Bright Yellow 0.05kg/pack*1
Old Holborn Yellow 0.025kg/pack*1
Old Holborn Blonde 0.025kg/pack*1
American Spirit Blue 0.03kg/pack*1
American Spirit Yellow 0.03kg/pack*1
CB Bright Virginia 0.05kg/pack*1
CB Virginia 0.05kg/pack*1
CB Cherry 0.05kg/pack*1
CB Menthol 0.05kg/pack*1
Colts Vanilla 0.03kg/pack*1
Colts Apple&Cinnamon 0.03kg/pack*1
Colts Cherry 0.03kg/pack*1
BS Premium Virginia  0.04kg/pack*1
BS Rich Virginia  0.04kg/pack*1
Choice #01 Original 0.03kg/pack*1
Choice #05 Aromatic 0.03kg/pack*1
Choice #33 Kir Royal 0.03kg/pack*1
MB Virginal 0.03kg/pack*1
MB Halfzware 0.03kg/pack*1
Ams Xxx Honest 0.025kg/pack*1
Ams Xxx Chffee Ice 0.025kg/pack*1
Ams Xxx Apple Ice  0.025kg/pack*1
PS 94 Turkish 0.035kg/pack*1
PS 96 London 0.035kg/pack*1
PS 95 Stockholm 0.035kg/pack*1
RF Rasp Pineap 0.03kg/pack*1
RF Earl grey tea 0.03kg/pack*1
RF Watemel Cantal 0.03kg/pack*1",,,,,,,,169.88,1155,0,14,53,TRUE,0,,FALSE,,https://picture.pipeuncle.com/pipeuncle-images/image/20260601/6f191b59-477b-40d8-9209-4bc954531127.jpg,"[{""spec"": ""Bugler Gold 0.0184kg/pack*1\nBugler Original 0.0184kg/pack*1\nDrum Bright Blue 0.05kg/pack*1\nDrum The Original 0.05kg/pack*1\nGV The Original 0.05kg/pack*1\nGV Bright Yellow 0.05kg/pack*1\nOld Holborn Yellow 0.025kg/pack*1\nOld Holborn Blonde 0.025kg/pack*1\nAmerican Spirit Blue 0.03kg/pack*1\nAmerican Spirit Yellow 0.03kg/pack*1\nCB Bright Virginia 0.05kg/pack*1\nCB Virginia 0.05kg/pack*1\nCB Cherry 0.05kg/pack*1\nCB Menthol 0.05kg/pack*1\nColts Vanilla 0.03kg/pack*1\nColts Apple&Cinnamon 0.03kg/pack*1\nColts Cherry 0.03kg/pack*1\nBS Premium Virginia  0.04kg/pack*1\nBS Rich Virginia  0.04kg/pack*1\nChoice #01 Original 0.03kg/pack*1\nChoice #05 Aromatic 0.03kg/pack*1\nChoice #33 Kir Royal 0.03kg/pack*1\nMB Virginal 0.03kg/pack*1\nMB Halfzware 0.03kg/pack*1\nAms Xxx Honest 0.025kg/pack*1\nAms Xxx Chffee Ice 0.025kg/pack*1\nAms Xxx Apple Ice  0.025kg/pack*1\nPS 94 Turkish 0.035kg/pack*1\nPS 96 London 0.035kg/pack*1\nPS 95 Stockholm 0.035kg/pack*1\nRF Rasp Pineap 0.03kg/pack*1\nRF Earl grey tea 0.03kg/pack*1\nRF Watemel Cantal 0.03kg/pack*1"", ""price_usd"": 169.88, ""stock"": 14}]"
2523,TO32913,紅田 西瓜哈密瓜 (帶紙),手卷丝,,0.03kg/pack*1,0.05 kg/包,,,,,,,4.29,29,0,2,398,TRUE,0,,TRUE,,https://picture.pipeuncle.com/pipeuncle-images/image/20260417/5e7331c7-c106-4106-8e6a-5849bd0fc4b9.jpg,"[{""spec"": ""0.03kg/pack*1"", ""price_usd"": 4.29, ""stock"": 2}, {""spec"": ""0.03kg/pack*5"", ""price_usd"": 20.59, ""stock"": 0}]"
285,TO31545,綠GV (金色弗吉尼亞),手卷丝,,0.05kg/pack*1,0.06 kg/包,,,,,,,7.95,54,0,4582,42978,TRUE,10,🔥熱銷單品,TRUE,,https://picture.pipeuncle.com/pipeuncle-images/image/20250815/8e7257ad-bbcd-485e-9f4c-6fb4452abd97.jpg,"[{""spec"": ""0.05kg/pack*1"", ""price_usd"": 7.95, ""stock"": 4582}]"
1038,-,鼓牌蔚藍 15包 &  鼓牌原味 15包 組合,手卷丝组合,,"DRUM BRIGHT BLUE 0.05kg/pack*15
DRUM THE ORIGINAL 0.05kg/pack*15",,,,,,,,177.93,1210,0,74,2208,TRUE,0,手卷煙絲組合(包郵),FALSE,,https://picture.pipeuncle.com/pipeuncle-images/image/20250504/8d472322-283e-4a16-9872-2db253c74dc3.jpg,"[{""spec"": ""DRUM BRIGHT BLUE 0.05kg/pack*15\nDRUM THE ORIGINAL 0.05kg/pack*15"", ""price_usd"": 177.93, ""stock"": 74}]"
1800,TO31599,明亮黃 (金色弗吉尼亞),手卷丝,,0.05kg/pack*1,0.06 kg/包,,,,,,,7.95,54,0,39,20900,TRUE,10,🔥熱銷單品,TRUE,,https://picture.pipeuncle.com/pipeuncle-images/image/20251111/abd152cf-47b6-4da8-af5c-3679572c7621.jpg,"[{""spec"": ""0.05kg/pack*1"", ""price_usd"": 7.95, ""stock"": 39}]"
2285,TO31452,喇叭手 金色 (帶紙),手卷丝,,18.4g/pack*1,0.035 kg/包,,,,,,,5.76,39,0,4943,5253,TRUE,10,🔥熱銷單品,TRUE,,https://picture.pipeuncle.com/pipeuncle-images/image/20260312/55f27989-b633-43d6-adab-02bd4602efce.jpg,"[{""spec"": ""18.4g/pack*1"", ""price_usd"": 5.76, ""stock"": 4943}]"
2194,TO32783,老霍本 黃,手卷丝,,0.025kg/pack*1,0.036 kg/包,,,,,,,5.13,35,0,2371,87014,TRUE,0,🔥熱銷單品,TRUE,,https://picture.pipeuncle.com/pipeuncle-images/image/20260223/1784c137-247d-472b-bce6-134f2881f149.jpg,"[{""spec"": ""0.025kg/pack*1"", ""price_usd"": 5.13, ""stock"": 2371}]"
2148,TO32217,COLTS 蘋果肉桂 (帶紙),手卷丝,,0.03kg/pack*1,0.05 kg/包,,,：精細切割,,,,4.75,32,0,1068,1622,TRUE,0,,TRUE,,https://picture.pipeuncle.com/pipeuncle-images/image/20260211/f585238c-6732-4aa7-9eb0-873d3c168516.jpg,"[{""spec"": ""0.03kg/pack*1"", ""price_usd"": 4.75, ""stock"": 968}, {""spec"": ""0.03kg/pack*5"", ""price_usd"": 22.79, ""stock"": 100}]"
2708,TO33059,美國精神 原味黃,手卷丝,,0.03kg/pack*1,0.04 kg/包,,,,,,,7.23,49,0,2907,2193,TRUE,10,🔥熱銷單品,TRUE,,https://picture.pipeuncle.com/pipeuncle-images/image/20260520/e406bfa0-b8c0-40ed-8f4b-8648e36b2b91.jpg,"[{""spec"": ""0.03kg/pack*1"", ""price_usd"": 7.23, ""stock"": 2861}, {""spec"": ""0.03kg/pack*5"", ""price_usd"": 35.27, ""stock"": 46}]"
286,TO31684,鼓牌原味,手卷丝,,0.05kg/pack*1,0.06 kg/包,,,,,,,7.75,53,0,2710,17529,TRUE,10,手卷煙絲,TRUE,,https://picture.pipeuncle.com/pipeuncle-images/image/20250815/9b698369-00c1-4043-b8cb-47220b50b66f.jpg,"[{""spec"": ""0.05kg/pack*1"", ""price_usd"": 7.75, ""stock"": 2673}, {""spec"": ""0.05kg/pack*5"", ""price_usd"": 37.8, ""stock"": 37}]"
2447,TO31451,喇叭手 原味 6OZ (170g 帶紙),手卷丝,,170g/box*1,0.265 kg/罐,手卷絲,土耳其煙草、混合煙草,精細切割,中等,,,49.36,336,0,34,1175,TRUE,10,🔥熱銷單品,TRUE,,https://picture.pipeuncle.com/pipeuncle-images/image/20260504/f36b0155-a111-49cd-9db0-77059b40b656.jpg,"[{""spec"": ""170g/box*1"", ""price_usd"": 49.36, ""stock"": 34}]"
2446,TO31450,喇叭手 金色 6OZ (170g 帶紙),手卷丝,,170g/box*1,0.265 kg/罐,,,,,,,49.36,336,0,2,1281,TRUE,10,🔥熱銷單品,TRUE,,https://picture.pipeuncle.com/pipeuncle-images/image/20260504/9a39b33d-e598-4bf8-8a85-643f78299426.jpg,"[{""spec"": ""170g/box*1"", ""price_usd"": 49.36, ""stock"": 2}]"
289,TO30402,鼓牌蔚藍,手卷丝,,0.05kg/pack*1,0.06,,,,,,,7.75,53,0,2780,15846,TRUE,10,手卷煙絲,TRUE,,https://picture.pipeuncle.com/pipeuncle-images/image/20250815/55ad6d3d-48ca-4931-8265-1505fc4ae998.jpg,"[{""spec"": ""0.05kg/pack*1"", ""price_usd"": 7.75, ""stock"": 2729}, {""spec"": ""0.05kg/pack*5"", ""price_usd"": 37.8, ""stock"": 51}]"
2155,TO32003,COLTS 香草 (帶紙),手卷丝,,0.03kg/pack*1,0.05 kg/包,,,：精細切割,,,,4.75,32,0,1929,745,TRUE,0,🔥熱銷單品,TRUE,,https://picture.pipeuncle.com/pipeuncle-images/image/20260211/a0af27e1-1cce-449d-9208-8acf83aa36b5.jpg,"[{""spec"": ""0.03kg/pack*1"", ""price_usd"": 4.75, ""stock"": 1849}, {""spec"": ""0.03kg/pack*5"", ""price_usd"": 22.79, ""stock"": 80}]"
791,TO31406,黑船長 弗吉尼亞(手卷絲),手卷丝,,0.05kg/pack,0.06 kg/包,,,,,,,6.32,43,0,1223,9340,TRUE,0, 🔥熱銷單品,TRUE,,https://picture.pipeuncle.com/pipeuncle-images/image/20250315/7e17e7ec-2eb5-4892-9d3c-dec22b73b08f.jpg,"[{""spec"": ""0.05kg/pack"", ""price_usd"": 6.32, ""stock"": 1178}, {""spec"": ""0.05kg/pack*5"", ""price_usd"": 30.67, ""stock"": 45}]"
2154,TO32230,COLTS 順滑原味 (帶紙),手卷丝,,0.03kg/pack*1,0.05 kg/包,,,：精細切割,,,,4.75,32,0,1003,2208,TRUE,0,,TRUE,,https://picture.pipeuncle.com/pipeuncle-images/image/20260211/0cd0098a-b6bb-4123-aff6-bd392cb92c23.jpg,"[{""spec"": ""0.03kg/pack*1"", ""price_usd"": 4.75, ""stock"": 910}, {""spec"": ""0.03kg/pack*5"", ""price_usd"": 22.79, ""stock"": 93}]"
2157,TO31444,巴厘絲 優質弗吉尼亞 (帶紙),手卷丝,,0.04kg/pack*1,0.058 kg/包,手卷絲,維吉尼亞煙草、白肋煙,精細絲切,中等,,,7.08,48,0,880,3628,TRUE,0,,TRUE,,https://picture.pipeuncle.com/pipeuncle-images/image/20260211/2f893f6a-9b80-4d12-9d81-4535fcd68dcf.jpg,"[{""spec"": ""0.04kg/pack*1"", ""price_usd"": 7.08, ""stock"": 793}, {""spec"": ""0.04kg/pack*5"", ""price_usd"": 34.39, ""stock"": 87}]"
2457,TO32862,阿姆斯特丹 誠實 (帶紙),手卷丝,,0.025kg/pack*1,0.043 kg/包,,,,,,,4.15,28,0,616,767,TRUE,10, ,TRUE,,https://picture.pipeuncle.com/pipeuncle-images/image/20260409/88bce0d1-07ba-40f0-958d-c18b22b53e19.jpg,"[{""spec"": ""0.025kg/pack*1"", ""price_usd"": 4.15, ""stock"": 596}, {""spec"": ""0.025kg/pack*5"", ""price_usd"": 19.8, ""stock"": 20}]"
2307,TO32785,馬霸選擇#01 原味 (帶紙),手卷丝,,0.03kg/pack*1,0.05 kg/包,手卷絲,弗吉尼亞煙草、白肋煙、卡文迪什,鬆散切割,輕柔至中等,,,4.62,31,0,608,3201,TRUE,10,手卷煙絲,TRUE,,https://picture.pipeuncle.com/pipeuncle-images/image/20260316/3dfa2795-0a8d-411c-bb8f-ac13558d43ed.jpg,"[{""spec"": ""0.03kg/pack*1"", ""price_usd"": 4.62, ""stock"": 588}, {""spec"": ""0.03kg/pack*5"", ""price_usd"": 22.09, ""stock"": 20}]"
2479,TO32867,馬霸手捲 半乾手捲 (帶紙),手卷丝,,0.03kg/pack*1,0.05 kg/包,手卷煙,火烤肯塔基煙草、深色維吉尼亞煙草,精細絲切,中等,,,4.92,33,0,488,758,TRUE,10, ,TRUE,,https://picture.pipeuncle.com/pipeuncle-images/image/20260414/22960d36-1278-41bc-af27-66e44bf71f20.jpg,"[{""spec"": ""0.03kg/pack*1"", ""price_usd"": 4.92, ""stock"": 438}, {""spec"": ""0.03kg/pack*5"", ""price_usd"": 23.64, ""stock"": 50}]"
2506,TO32896,紅田 黑加侖 (帶紙),手卷丝,,0.03kg/pack*1,0.05 kg/包,,,,,,,4.29,29,0,154,335,TRUE,0,手卷煙絲,TRUE,,https://picture.pipeuncle.com/pipeuncle-images/image/20260417/ec0b7137-c40c-41f7-a2bf-188738830286.jpg,"[{""spec"": ""0.03kg/pack*1"", ""price_usd"": 4.29, ""stock"": 147}, {""spec"": ""0.03kg/pack*5"", ""price_usd"": 20.59, ""stock"": 7}]"
2452,TO32871,PS NUMBER 94 土耳其出口,手卷丝,,0.15kg/box*1,0.23 kg/罐,,,,,,,22.24,151,0,88,1216,TRUE,10,🔥熱銷單品,TRUE,,https://picture.pipeuncle.com/pipeuncle-images/image/20260504/0cba86fa-f599-4dfc-8ba6-f3799f892f90.jpg,"[{""spec"": ""0.15kg/box*1"", ""price_usd"": 22.24, ""stock"": 88}, {""spec"": ""0.15kg/box*3"", ""price_usd"": 64.74, ""stock"": 0}]"
2480,TO32866,馬霸手捲 弗吉尼亞混合 (帶紙),手卷丝,,0.03kg/pack*1,0.05 kg/包,手卷煙,多種等級維吉尼亞煙草,精細切割,中等偏濃郁,,,4.92,33,0,74,1795,TRUE,10, 🔥熱銷單品,TRUE,,https://picture.pipeuncle.com/pipeuncle-images/image/20260414/1a2aebb0-d2e5-45ce-bebf-928f27c8d26d.jpg,"[{""spec"": ""0.03kg/pack*1"", ""price_usd"": 4.92, ""stock"": 74}, {""spec"": ""0.03kg/pack*5"", ""price_usd"": 23.64, ""stock"": 0}]"
2308,TO32803,阿姆斯特丹 葡萄冰爽 (帶紙),手卷丝,,0.025kg/pack*1,0.043 kg/包,手卷絲,弗吉尼亞煙草、白肋煙,精細切絲,輕柔,,,4.15,28,0,377,2336,TRUE,10, 手卷煙絲,TRUE,,https://picture.pipeuncle.com/pipeuncle-images/image/20260316/49033f01-b485-459a-b12c-6c4e6921df9f.jpg,"[{""spec"": ""0.025kg/pack*1"", ""price_usd"": 4.15, ""stock"": 377}, {""spec"": ""0.025kg/pack*5"", ""price_usd"": 19.8, ""stock"": 0}]"
2159,TO31445,巴厘絲 圓潤弗吉尼亞 (帶紙),手卷丝,,0.04kg/pack*1,0.058 kg/包,手卷絲,金色弗吉尼亞煙草、東方煙草,精細絲切,中等,,,7.08,48,0,198,3251,TRUE,0, 手卷煙絲,TRUE,,https://picture.pipeuncle.com/pipeuncle-images/image/20260211/8e96de55-232c-41b0-8e54-f9aed05accc5.jpg,"[{""spec"": ""0.04kg/pack*1"", ""price_usd"": 7.08, ""stock"": 198}, {""spec"": ""0.04kg/pack*5"", ""price_usd"": 34.39, ""stock"": 0}]"
2294,TO32804,馬霸手捲 美式混合 (帶紙),手卷丝,,0.03kg/pack*1,0.05 kg/包,,,：精細切割,,,,4.92,33,0,0,2684,TRUE,10, ,TRUE,,https://picture.pipeuncle.com/pipeuncle-images/image/20260315/99fe9c43-78a6-43cf-a0f5-c623b0f2a414.jpg,"[{""spec"": ""0.03kg/pack*1"", ""price_usd"": 4.92, ""stock"": 0}, {""spec"": ""0.03kg/pack*5"", ""price_usd"": 23.64, ""stock"": 0}]"
2156,TO31443,巴厘絲 中勁道 (帶紙),手卷丝,,0.04kg/pack*1,0.58 kg/包,手卷絲,深色火烤肯塔基煙草、金色弗吉尼亞煙草,精細絲切,中等偏上,,,7.08,48,0,140,3401,TRUE,0,,TRUE,,https://picture.pipeuncle.com/pipeuncle-images/image/20260211/2c2eedc0-3d43-427c-b906-d124f0ca7492.jpg,"[{""spec"": ""0.04kg/pack*1"", ""price_usd"": 7.08, ""stock"": 140}, {""spec"": ""0.04kg/pack*5"", ""price_usd"": 34.39, ""stock"": 0}]"
792,TO32050,黑船長 明亮弗吉尼亞(手卷絲),手卷丝,,0.05kg/pack,0.06 kg/包,,,,,,,6.32,43,0,867,3292,TRUE,0,,TRUE,,https://picture.pipeuncle.com/pipeuncle-images/image/20250315/d2e4b1ac-e6b5-4c33-8e91-5f30f646d385.jpg,"[{""spec"": ""0.05kg/pack"", ""price_usd"": 6.32, ""stock"": 814}, {""spec"": ""0.05kg/pack*5"", ""price_usd"": 30.67, ""stock"": 53}]"
793,TO32051,黑船長 香草(手卷絲),手卷丝,,0.05kg/pack,0.06 kg/包,,,,,,,6.32,43,0,2862,4721,TRUE,0,,TRUE,,https://picture.pipeuncle.com/pipeuncle-images/image/20250315/1bf78f6a-ca86-445a-989f-50e707a2eb7b.jpg,"[{""spec"": ""0.05kg/pack"", ""price_usd"": 6.32, ""stock"": 2778}, {""spec"": ""0.05kg/pack*5"", ""price_usd"": 30.67, ""stock"": 84}]"
794,TO32052,黑船長 櫻桃(手卷絲),手卷丝,,0.05kg/pack,0.06 kg/包,,,,,,,6.32,43,0,1909,4352,TRUE,0,,TRUE,,https://picture.pipeuncle.com/pipeuncle-images/image/20250315/56f6d22d-2734-488e-9353-047d128606b3.jpg,"[{""spec"": ""0.05kg/pack"", ""price_usd"": 6.32, ""stock"": 1819}, {""spec"": ""0.05kg/pack*5"", ""price_usd"": 30.67, ""stock"": 90}]"
2532,TO32922,史丹利 重焙 (帶紙),手卷丝,,0.03kg/pack*1,0.05 kg/包,,,,,,,4.29,29,0,0,495,FALSE,0,,TRUE,,https://picture.pipeuncle.com/pipeuncle-images/image/20260417/07f05348-afb4-40b4-bc53-d79752608efb.jpg,"[{""spec"": ""0.03kg/pack*1"", ""price_usd"": 4.29, ""stock"": 0}, {""spec"": ""0.03kg/pack*5"", ""price_usd"": 20.59, ""stock"": 0}]"
2531,TO32921,史丹利 弗吉尼亞 (帶紙),手卷丝,,0.03kg/pack*1,0.05 kg/包,,,,,,,4.29,29,0,0,618,FALSE,0,,TRUE,,https://picture.pipeuncle.com/pipeuncle-images/image/20260417/ec1767a8-d5d0-4c18-975e-78cc25283b1a.jpg,"[{""spec"": ""0.03kg/pack*1"", ""price_usd"": 4.29, ""stock"": 0}, {""spec"": ""0.03kg/pack*5"", ""price_usd"": 20.59, ""stock"": 0}]"
2530,TO32920,史丹利 天然 (帶紙),手卷丝,,0.03kg/pack*1,0.05 kg/包,,,,,,,4.29,29,0,0,518,FALSE,0,,TRUE,,https://picture.pipeuncle.com/pipeuncle-images/image/20260417/bf9e34a1-5a11-41d2-8edf-b8f3b1358d42.jpg,"[{""spec"": ""0.03kg/pack*1"", ""price_usd"": 4.29, ""stock"": 0}, {""spec"": ""0.03kg/pack*5"", ""price_usd"": 20.59, ""stock"": 0}]"
2528,TO32918,史丹利 特淡金黃 (帶紙),手卷丝,,0.03kg/pack*1,0.05 kg/包,,,,,,,4.29,29,0,0,400,FALSE,0,,TRUE,,https://picture.pipeuncle.com/pipeuncle-images/image/20260417/60776764-1347-4cb9-b545-324dd79c13ea.jpg,"[{""spec"": ""0.03kg/pack*1"", ""price_usd"": 4.29, ""stock"": 0}, {""spec"": ""0.03kg/pack*5"", ""price_usd"": 20.59, ""stock"": 0}]"
2527,TO32917,史丹利 經典 (帶紙),手卷丝,,0.03kg/pack*1,0.05 kg/包,,,,,,,4.29,29,0,0,515,FALSE,0,,TRUE,,https://picture.pipeuncle.com/pipeuncle-images/image/20260417/db4449d4-adf7-4fb4-9af9-ac23019ff115.jpg,"[{""spec"": ""0.03kg/pack*1"", ""price_usd"": 4.29, ""stock"": 0}, {""spec"": ""0.03kg/pack*5"", ""price_usd"": 20.59, ""stock"": 0}]"
2526,TO32916,史丹利 淺金 (帶紙),手卷丝,,0.03kg/pack*1,0.05 kg/包,,,,,,,4.29,29,0,0,466,FALSE,0,,TRUE,,https://picture.pipeuncle.com/pipeuncle-images/image/20260417/eb6aa388-3f13-41b1-8a55-4d340ccf26db.jpg,"[{""spec"": ""0.03kg/pack*1"", ""price_usd"": 4.29, ""stock"": 0}, {""spec"": ""0.03kg/pack*5"", ""price_usd"": 20.59, ""stock"": 0}]"
2524,TO32914,史丹利 美式混合 (帶紙),手卷丝,,0.03kg/pack*1,0.05 kg/包,,,,,,,4.29,29,0,0,656,FALSE,0,,TRUE,,https://picture.pipeuncle.com/pipeuncle-images/image/20260417/1f349356-3bfe-41b7-b43d-488d6c1914c8.jpg,"[{""spec"": ""0.03kg/pack*1"", ""price_usd"": 4.29, ""stock"": 0}, {""spec"": ""0.03kg/pack*5"", ""price_usd"": 20.59, ""stock"": 0}]"
2455,TO32875,PS NUMBER 90 挪威 手捲,手卷丝,,0.15kg/box*1,0.23 kg/罐,,,,,,,22.24,151,0,0,1420,FALSE,10,🔥熱銷單品,TRUE,,https://picture.pipeuncle.com/pipeuncle-images/image/20260504/6556c0d2-142b-42fd-a8cb-fde8ac53c13f.jpg,"[{""spec"": ""0.15kg/box*1"", ""price_usd"": 22.24, ""stock"": 0}, {""spec"": ""0.15kg/box*3"", ""price_usd"": 64.74, ""stock"": 0}]"
2305,TO32800,馬霸選擇#22 焦糖奶香 (帶紙),手卷丝,,0.03kg/pack*1,0.05 kg/包,手卷絲,絲切維吉尼亞煙草、白肋煙、東方煙草,絲切,輕柔至中等,,,4.62,31,0,0,2753,FALSE,10, ,TRUE,,https://picture.pipeuncle.com/pipeuncle-images/image/20260316/cbb0f65c-5558-465a-bc0a-3e6a1f534d5c.jpg,"[{""spec"": ""0.03kg/pack*1"", ""price_usd"": 4.62, ""stock"": 0}, {""spec"": ""0.03kg/pack*5"", ""price_usd"": 22.09, ""stock"": 0}]"
2163,TO32729,奧爾德・肯德爾 中等調配,手卷丝,,0.03kg/pack,0.05 kg/包,手卷絲,維吉尼亞煙草、白肋煙,精細切割,中等,,,7.39,50,0,0,200,FALSE,5,,TRUE,,https://picture.pipeuncle.com/pipeuncle-images/image/20260212/861344c1-49fd-42cb-a5f3-25f9791ca6a2.jpg,"[{""spec"": ""0.03kg/pack"", ""price_usd"": 7.39, ""stock"": 0}]"
2162,TO32730,奧爾德・肯德爾 金色調配,手卷丝,,0.03kg/pack,0.05 kg/包,手卷絲,純正維吉尼亞煙草,細切煙絲,輕柔,,,7.39,50,0,0,203,FALSE,5,🔥手卷丝,TRUE,,https://picture.pipeuncle.com/pipeuncle-images/image/20260212/d19d67f1-6478-4b47-809d-1602f02348b3.jpg,"[{""spec"": ""0.03kg/pack"", ""price_usd"": 7.39, ""stock"": 0}]"
2525,TO32915,史丹利 琥珀 (帶紙),手卷丝,,0.03kg/pack*1,0.05 kg/包,,,,,,,4.29,29,0,0,450,FALSE,0,手卷煙絲,TRUE,,https://picture.pipeuncle.com/pipeuncle-images/image/20260417/6c1c73f8-6135-4e8c-a4e5-7f1e47d10322.jpg,"[{""spec"": ""0.03kg/pack*1"", ""price_usd"": 4.29, ""stock"": 0}, {""spec"": ""0.03kg/pack*5"", ""price_usd"": 20.59, ""stock"": 0}]"
2467,TO32884,美國精神 原味藍,手卷丝,,0.03kg/pack*1,0.04 kg/包,,,,,,,7.23,49,0,0,11640,FALSE,10,🔥熱銷單品,TRUE,,https://picture.pipeuncle.com/pipeuncle-images/image/20260409/55c326c5-93fe-44ea-89a5-2bad26d82b85.jpg,"[{""spec"": ""0.03kg/pack*1"", ""price_usd"": 7.23, ""stock"": 0}, {""spec"": ""0.03kg/pack*5"", ""price_usd"": 35.27, ""stock"": 0}]"
1925,-,鼓牌原味 6包 & 鼓牌蔚藍 6包 &  綠GV(金色弗吉尼亞) 6包 &  明亮黃 (金色弗吉尼亞) 6包 &  黑船長 弗吉尼亞(手卷絲) 6包 組合,手卷丝组合,,"GOLDEN VIRGINIA 0.05kg/pack*6
GV BRIGHT YELLOW 0.05kg/pack*6
DRUM BRIGHT BLUE 0.05kg/pack*6
DRUM THE ORIGINAL 0.05kg/pack*6
CB VIRGINIA ROLLING 0.05kg/pack*6",,,,,,,,175.32,1192,0,0,69,FALSE,0,手卷煙絲組合(包郵),FALSE,,https://picture.pipeuncle.com/pipeuncle-images/image/20251222/64e5d6e8-c560-4704-8186-ab75d3e10119.jpg,"[{""spec"": ""GOLDEN VIRGINIA 0.05kg/pack*6\nGV BRIGHT YELLOW 0.05kg/pack*6\nDRUM BRIGHT BLUE 0.05kg/pack*6\nDRUM THE ORIGINAL 0.05kg/pack*6\nCB VIRGINIA ROLLING 0.05kg/pack*6"", ""price_usd"": 175.32, ""stock"": 0}]"
2696,TO33069,老霍本 白金,手卷丝,,0.025kg/pack*1,0.036 kg/包,,,,,,,5.13,35,0,0,2000,FALSE,0,🔥熱銷單品,TRUE,,https://picture.pipeuncle.com/pipeuncle-images/image/20260519/b0c5a108-e6e4-418d-8385-162a111bb51e.jpg,"[{""spec"": ""0.025kg/pack*1"", ""price_usd"": 5.13, ""stock"": 0}]"
2466,TO32874,PS NUMBER 90 挪威 手捲 (袋裝 帶紙),手卷丝,,0.035kg/pack*1,0.05 kg/包,,,,,,,6.13,42,0,0,2279,FALSE,10,🔥熱銷單品,TRUE,,https://picture.pipeuncle.com/pipeuncle-images/image/20260409/815417cd-f1d8-41a5-8ade-70ea18925641.jpg,"[{""spec"": ""0.035kg/pack*1"", ""price_usd"": 6.13, ""stock"": 0}, {""spec"": ""0.035kg/pack*5"", ""price_usd"": 29.71, ""stock"": 0}]"
2295,TO31993,馬霸手捲 純香 (帶紙),手卷丝,,0.03kg/pack*1,0.05 kg/包,,,：精細切割,,,,4.92,33,0,0,2594,FALSE,10, 手卷煙絲,TRUE,,https://picture.pipeuncle.com/pipeuncle-images/image/20260315/24cb6056-7428-4ec5-9a59-32d662106467.jpg,"[{""spec"": ""0.03kg/pack*1"", ""price_usd"": 4.92, ""stock"": 0}, {""spec"": ""0.03kg/pack*5"", ""price_usd"": 23.64, ""stock"": 0}]"
2529,TO32919,史丹利 半重焙 (帶紙),手卷丝,,0.03kg/pack*1,0.05 kg/包,,,,,,,4.29,29,0,0,636,FALSE,0,手卷煙絲,TRUE,,https://picture.pipeuncle.com/pipeuncle-images/image/20260417/9ab95023-50b9-4435-a530-f63710d97c07.jpg,"[{""spec"": ""0.03kg/pack*1"", ""price_usd"": 4.29, ""stock"": 0}, {""spec"": ""0.03kg/pack*5"", ""price_usd"": 20.59, ""stock"": 0}]"
2164,TO32731,奧爾德・肯德爾 深色調配,手卷丝,,0.03kg/pack,0.05 kg/包,手卷絲,純正維吉尼亞煙草、白肋煙,細切煙絲,濃郁,,,7.39,50,0,0,200,FALSE,5,,TRUE,,https://picture.pipeuncle.com/pipeuncle-images/image/20260212/86846677-154a-4408-a49a-96a6e489a9cc.jpg,"[{""spec"": ""0.03kg/pack"", ""price_usd"": 7.39, ""stock"": 0}]"
2564,TO31450,喇叭手 金色 6OZ (170g 帶紙) -,手卷丝,,170g/box*1,0.265 kg/罐,,,,,,,49.36,336,0,0,2,FALSE,10,🔥熱銷單品,TRUE,,https://picture.pipeuncle.com/pipeuncle-images/image/20260408/abf41063-ad73-43ee-a9b1-83080c40383d.jpg,"[{""spec"": ""170g/box*1"", ""price_usd"": 49.36, ""stock"": 0}]"
2563,TO32729,奧爾德・肯德爾 中等調配 -,手卷丝,,0.03kg/pack,0.05 kg/包,手卷絲,維吉尼亞煙草、白肋煙,精細切割,中等,,,7.39,50,0,0,2,FALSE,5,,TRUE,,https://picture.pipeuncle.com/pipeuncle-images/image/20260212/861344c1-49fd-42cb-a5f3-25f9791ca6a2.jpg,"[{""spec"": ""0.03kg/pack"", ""price_usd"": 7.39, ""stock"": 0}]"
795,TO32053,黑船長 薄荷醇(手卷絲),手卷丝,,0.05kg/pack,0.06 kg/包,,,,,,,6.32,43,0,1950,4436,TRUE,0,,TRUE,,https://picture.pipeuncle.com/pipeuncle-images/image/20250315/184659b0-0a99-4cf9-a580-05743e90cd34.jpg,"[{""spec"": ""0.05kg/pack"", ""price_usd"": 6.32, ""stock"": 1863}, {""spec"": ""0.05kg/pack*5"", ""price_usd"": 30.67, ""stock"": 87}]"
701,-,綠GV(金色弗吉尼亞) 10包 &  鼓牌蔚藍 10包 &  鼓牌原味 10包 組合,手卷丝组合,,"GOLDEN VIRGINIA 0.05kg/pack*10
DRUM BRIGHT BLUE 0.05kg/pack*10
DRUM THE ORIGINAL 0.05kg/pack*10",,,,,,,,177.93,1210,0,0,1406,FALSE,0,手卷煙絲組合(包郵),FALSE,,https://picture.pipeuncle.com/pipeuncle-images/image/20250504/a0dc544b-84dd-4313-9f12-f93c9872890c.jpg,"[{""spec"": ""GOLDEN VIRGINIA 0.05kg/pack*10\nDRUM BRIGHT BLUE 0.05kg/pack*10\nDRUM THE ORIGINAL 0.05kg/pack*10"", ""price_usd"": 177.93, ""stock"": 0}]"
