id,name,brand,category,price,goods_type,goods_type_name,ftype,url
1013,加热烟弹套餐2606O——TEREA烟弹15款各1包,加热烟套餐/,套餐,9300,11,套餐,10,https://ribenyan.com/index.php?m=goods&a=list&brand=117&goods_type=11&ftype=10
966,香烟套餐2604L——9款各1包 含和平铁罐,香烟套餐/,套餐,6200,11,套餐,10,https://ribenyan.com/index.php?m=goods&a=list&brand=116&goods_type=11&ftype=10
802,香烟套餐2601E——8款各1包 含和平铁罐,香烟套餐/,套餐,6060,11,套餐,10,https://ribenyan.com/index.php?m=goods&a=list&brand=116&goods_type=11&ftype=10
801,香烟套餐2601D——12款各1包,香烟套餐/,套餐,6550,11,套餐,10,https://ribenyan.com/index.php?m=goods&a=list&brand=116&goods_type=11&ftype=10
809,香烟套餐2601G——12款各1包,香烟套餐/,套餐,6970,11,套餐,10,https://ribenyan.com/index.php?m=goods&a=list&brand=116&goods_type=11&ftype=10
98,美国精神/AmericanSpirit 有机烟叶 绿松石 12mg 14支装,AmericanSpirit/美国精神,日本香烟,420,1,单品,1,https://ribenyan.com/index.php?m=goods&a=list&brand=8&goods_type=1&ftype=1
99,美国精神/AmericanSpirit 有机烟叶 金色 6mg 14支装,AmericanSpirit/美国精神,日本香烟,420,1,单品,1,https://ribenyan.com/index.php?m=goods&a=list&brand=8&goods_type=1&ftype=1
101,美国精神/AmericanSpirit 淡味 8mg 14支装,AmericanSpirit/美国精神,日本香烟,420,1,单品,1,https://ribenyan.com/index.php?m=goods&a=list&brand=8&goods_type=1&ftype=1
102,美国精神/AmericanSpirit 有机薄荷 淡味 9mg 14支装,AmericanSpirit/美国精神,日本香烟,420,1,单品,1,https://ribenyan.com/index.php?m=goods&a=list&brand=8&goods_type=1&ftype=1
100,美国精神/AmericanSpirit 有机烟叶 ONE 1mg 14支装,AmericanSpirit/美国精神,日本香烟,420,1,单品,1,https://ribenyan.com/index.php?m=goods&a=list&brand=8&goods_type=1&ftype=1
103,美国精神/AmericanSpirit 有机薄荷 超淡 5mg 14支装,AmericanSpirit/美国精神,日本香烟,420,1,单品,1,https://ribenyan.com/index.php?m=goods&a=list&brand=8&goods_type=1&ftype=1
104,美国精神/AmericanSpirit 有机薄荷 ONE 1mg 14支装,AmericanSpirit/美国精神,日本香烟,420,1,单品,1,https://ribenyan.com/index.php?m=goods&a=list&brand=8&goods_type=1&ftype=1
75,骆驼/Camel Craft 14mg 硬盒,Camel/骆驼,日本香烟,450,1,单品,1,https://ribenyan.com/index.php?m=goods&a=list&brand=7&goods_type=1&ftype=1
76,骆驼/Camel Craft 12mg 硬盒,Camel/骆驼,日本香烟,450,1,单品,1,https://ribenyan.com/index.php?m=goods&a=list&brand=7&goods_type=1&ftype=1
88,骆驼/Camel Craft 薄荷 梨爆珠 5mg 硬盒,Camel/骆驼,日本香烟,450,1,单品,1,https://ribenyan.com/index.php?m=goods&a=list&brand=7&goods_type=1&ftype=1
92,骆驼/Camel Craft 薄荷 莓果爆珠 5mg 长支 细支,Camel/骆驼,日本香烟,450,1,单品,1,https://ribenyan.com/index.php?m=goods&a=list&brand=7&goods_type=1&ftype=1
87,骆驼/Camel Craft 薄荷 梨爆珠 8mg 硬盒,Camel/骆驼,日本香烟,450,1,单品,1,https://ribenyan.com/index.php?m=goods&a=list&brand=7&goods_type=1&ftype=1
79,骆驼/Camel Craft 薄荷 莓果爆珠 8mg 硬盒,Camel/骆驼,日本香烟,450,1,单品,1,https://ribenyan.com/index.php?m=goods&a=list&brand=7&goods_type=1&ftype=1
80,骆驼/Camel Craft 薄荷 莓果爆珠 5mg 硬盒,Camel/骆驼,日本香烟,450,1,单品,1,https://ribenyan.com/index.php?m=goods&a=list&brand=7&goods_type=1&ftype=1
93,骆驼/Camel Craft 薄荷 莓果爆珠 1mg 长支 细支,Camel/骆驼,日本香烟,450,1,单品,1,https://ribenyan.com/index.php?m=goods&a=list&brand=7&goods_type=1&ftype=1
81,骆驼/Camel Craft 10mg 硬盒 ,Camel/骆驼,日本香烟,450,1,单品,1,https://ribenyan.com/index.php?m=goods&a=list&brand=7&goods_type=1&ftype=1
82,骆驼/Camel Craft 6mg 硬盒 ,Camel/骆驼,日本香烟,450,1,单品,1,https://ribenyan.com/index.php?m=goods&a=list&brand=7&goods_type=1&ftype=1
89,骆驼/Camel Craft 1mg 长支 细支,Camel/骆驼,日本香烟,450,1,单品,1,https://ribenyan.com/index.php?m=goods&a=list&brand=7&goods_type=1&ftype=1
77,骆驼/Camel Craft 薄荷 5mg 硬盒,Camel/骆驼,日本香烟,450,1,单品,1,https://ribenyan.com/index.php?m=goods&a=list&brand=7&goods_type=1&ftype=1
90,骆驼/Camel Craft 薄荷 5mg 长支 细支,Camel/骆驼,日本香烟,450,1,单品,1,https://ribenyan.com/index.php?m=goods&a=list&brand=7&goods_type=1&ftype=1
86,骆驼/Camel Craft 薄荷 莓果爆珠 1mg 长支 硬盒,Camel/骆驼,日本香烟,450,1,单品,1,https://ribenyan.com/index.php?m=goods&a=list&brand=7&goods_type=1&ftype=1
84,骆驼/Camel Craft 1mg 长支 硬盒 ,Camel/骆驼,日本香烟,450,1,单品,1,https://ribenyan.com/index.php?m=goods&a=list&brand=7&goods_type=1&ftype=1
83,骆驼/Camel Craft 3mg 硬盒 ,Camel/骆驼,日本香烟,450,1,单品,1,https://ribenyan.com/index.php?m=goods&a=list&brand=7&goods_type=1&ftype=1
78,骆驼/Camel Craft 薄荷 1mg 长支 硬盒,Camel/骆驼,日本香烟,450,1,单品,1,https://ribenyan.com/index.php?m=goods&a=list&brand=7&goods_type=1&ftype=1
106,回声/Echo 香烟,Echo/回声,日本香烟,500,1,单品,1,https://ribenyan.com/index.php?m=goods&a=list&brand=6&goods_type=1&ftype=1
706,Floyd 6,FLOYD/,日本香烟,540,1,单品,1,https://ribenyan.com/index.php?m=goods&a=list&brand=98&goods_type=1&ftype=1
705,Floyd 1,FLOYD/,日本香烟,540,1,单品,1,https://ribenyan.com/index.php?m=goods&a=list&brand=98&goods_type=1&ftype=1
96,喜力/Hi-lite 17mg 软盒,Hi-lite/喜力,日本香烟,520,1,单品,1,https://ribenyan.com/index.php?m=goods&a=list&brand=11&goods_type=1&ftype=1
97,喜力/Hi-lite 薄荷 10mg,Hi-lite/喜力,日本香烟,520,1,单品,1,https://ribenyan.com/index.php?m=goods&a=list&brand=11&goods_type=1&ftype=1
67,希望/Hope 原味 14mg 10支 硬盒,Hope/希望,日本香烟,300,1,单品,1,https://ribenyan.com/index.php?m=goods&a=list&brand=10&goods_type=1&ftype=1
69,希望/Hope 淡味 9mg 10支 硬盒,Hope/希望,日本香烟,300,1,单品,1,https://ribenyan.com/index.php?m=goods&a=list&brand=10&goods_type=1&ftype=1
71,希望/Hope 超淡 6mg 10支 硬盒,Hope/希望,日本香烟,300,1,单品,1,https://ribenyan.com/index.php?m=goods&a=list&brand=10&goods_type=1&ftype=1
85,梅比乌斯/MEVIUS Premium薄荷 紫色爆珠 8mg 硬盒,MEVIUS/梅比乌斯,日本香烟,580,1,单品,1,https://ribenyan.com/index.php?m=goods&a=list&brand=2&goods_type=1&ftype=1
25,梅比乌斯/MEVIUS Premium薄荷 紫色爆珠 5mg 硬盒,MEVIUS/梅比乌斯,日本香烟,580,1,单品,1,https://ribenyan.com/index.php?m=goods&a=list&brand=2&goods_type=1&ftype=1
41,梅比乌斯/MEVIUS E系列 薄荷 紫色爆珠 5mg 长支 细支,MEVIUS/梅比乌斯,日本香烟,500,1,单品,1,https://ribenyan.com/index.php?m=goods&a=list&brand=2&goods_type=1&ftype=1
27,梅比乌斯/MEVIUS Premium薄荷 黄色爆珠 5mg 硬盒,MEVIUS/梅比乌斯,日本香烟,580,1,单品,1,https://ribenyan.com/index.php?m=goods&a=list&brand=2&goods_type=1&ftype=1
9,梅比乌斯/MEVIUS 特淡 3mg 软盒,MEVIUS/梅比乌斯,日本香烟,580,1,单品,1,https://ribenyan.com/index.php?m=goods&a=list&brand=2&goods_type=1&ftype=1
2,梅比乌斯/MEVIUS RICH 12mg 软盒,MEVIUS/梅比乌斯,日本香烟,580,1,单品,1,https://ribenyan.com/index.php?m=goods&a=list&brand=2&goods_type=1&ftype=1
6,梅比乌斯/MEVIUS 超淡 6mg 软盒,MEVIUS/梅比乌斯,日本香烟,580,1,单品,1,https://ribenyan.com/index.php?m=goods&a=list&brand=2&goods_type=1&ftype=1
16,梅比乌斯/MEVIUS 1mg 软盒,MEVIUS/梅比乌斯,日本香烟,580,1,单品,1,https://ribenyan.com/index.php?m=goods&a=list&brand=2&goods_type=1&ftype=1
4,梅比乌斯/MEVIUS 10mg 软盒,MEVIUS/梅比乌斯,日本香烟,580,1,单品,1,https://ribenyan.com/index.php?m=goods&a=list&brand=2&goods_type=1&ftype=1
1011,梅比乌斯/MEVIUS E系列 12mg 硬盒,MEVIUS/梅比乌斯,日本香烟,500,1,单品,1,https://ribenyan.com/index.php?m=goods&a=list&brand=2&goods_type=1&ftype=1
42,梅比乌斯/MEVIUS E系列 薄荷 紫色爆珠 1mg 长支 细支,MEVIUS/梅比乌斯,日本香烟,500,1,单品,1,https://ribenyan.com/index.php?m=goods&a=list&brand=2&goods_type=1&ftype=1
35,梅比乌斯/MEVIUS E系列 薄荷 冰风暴 5mg 硬盒,MEVIUS/梅比乌斯,日本香烟,500,1,单品,1,https://ribenyan.com/index.php?m=goods&a=list&brand=2&goods_type=1&ftype=1
39,梅比乌斯/MEVIUS E系列 3mg 长支 细支 硬盒,MEVIUS/梅比乌斯,日本香烟,500,1,单品,1,https://ribenyan.com/index.php?m=goods&a=list&brand=2&goods_type=1&ftype=1
11,梅比乌斯/MEVIUS 淡味 8mg 软盒,MEVIUS/梅比乌斯,日本香烟,580,1,单品,1,https://ribenyan.com/index.php?m=goods&a=list&brand=2&goods_type=1&ftype=1
28,梅比乌斯/MEVIUS Premium薄荷 黄色爆珠 1mg 长支 硬盒,MEVIUS/梅比乌斯,日本香烟,580,1,单品,1,https://ribenyan.com/index.php?m=goods&a=list&brand=2&goods_type=1&ftype=1
43,梅比乌斯/MEVIUS E系列 薄荷 冰风暴 1mg 长支 细支,MEVIUS/梅比乌斯,日本香烟,500,1,单品,1,https://ribenyan.com/index.php?m=goods&a=list&brand=2&goods_type=1&ftype=1
26,梅比乌斯/MEVIUS Premium薄荷 紫色爆珠 1mg 长支 硬盒,MEVIUS/梅比乌斯,日本香烟,580,1,单品,1,https://ribenyan.com/index.php?m=goods&a=list&brand=2&goods_type=1&ftype=1
31,梅比乌斯/MEVIUS E系列 薄荷 紫色爆珠 8mg 硬盒,MEVIUS/梅比乌斯,日本香烟,500,1,单品,1,https://ribenyan.com/index.php?m=goods&a=list&brand=2&goods_type=1&ftype=1
5,梅比乌斯/MEVIUS 10mg 硬盒,MEVIUS/梅比乌斯,日本香烟,580,1,单品,1,https://ribenyan.com/index.php?m=goods&a=list&brand=2&goods_type=1&ftype=1
3,梅比乌斯/MEVIUS RICH 12mg 硬盒,MEVIUS/梅比乌斯,日本香烟,580,1,单品,1,https://ribenyan.com/index.php?m=goods&a=list&brand=2&goods_type=1&ftype=1
10,梅比乌斯/MEVIUS 10mg 长支 硬盒,MEVIUS/梅比乌斯,日本香烟,580,1,单品,1,https://ribenyan.com/index.php?m=goods&a=list&brand=2&goods_type=1&ftype=1
14,梅比乌斯/MEVIUS 特淡 3mg 硬盒,MEVIUS/梅比乌斯,日本香烟,580,1,单品,1,https://ribenyan.com/index.php?m=goods&a=list&brand=2&goods_type=1&ftype=1
40,梅比乌斯/MEVIUS E系列 1mg 长支 硬盒,MEVIUS/梅比乌斯,日本香烟,500,1,单品,1,https://ribenyan.com/index.php?m=goods&a=list&brand=2&goods_type=1&ftype=1
32,梅比乌斯/MEVIUS E系列 薄荷 紫色爆珠 5mg 硬盒,MEVIUS/梅比乌斯,日本香烟,500,1,单品,1,https://ribenyan.com/index.php?m=goods&a=list&brand=2&goods_type=1&ftype=1
34,梅比乌斯/MEVIUS E系列 薄荷 冰风暴 8mg 硬盒,MEVIUS/梅比乌斯,日本香烟,500,1,单品,1,https://ribenyan.com/index.php?m=goods&a=list&brand=2&goods_type=1&ftype=1
17,梅比乌斯/MEVIUS 1mg 硬盒,MEVIUS/梅比乌斯,日本香烟,580,1,单品,1,https://ribenyan.com/index.php?m=goods&a=list&brand=2&goods_type=1&ftype=1
38,梅比乌斯/MEVIUS E系列 6mg 长支 硬盒,MEVIUS/梅比乌斯,日本香烟,500,1,单品,1,https://ribenyan.com/index.php?m=goods&a=list&brand=2&goods_type=1&ftype=1
33,梅比乌斯/MEVIUS E系列 薄荷 紫色爆珠 1mg 长支 硬盒,MEVIUS/梅比乌斯,日本香烟,500,1,单品,1,https://ribenyan.com/index.php?m=goods&a=list&brand=2&goods_type=1&ftype=1
15,梅比乌斯/MEVIUS 特淡 3mg 长支 硬盒,MEVIUS/梅比乌斯,日本香烟,580,1,单品,1,https://ribenyan.com/index.php?m=goods&a=list&brand=2&goods_type=1&ftype=1
13,梅比乌斯/MEVIUS 淡味 8mg 长支 硬盒,MEVIUS/梅比乌斯,日本香烟,580,1,单品,1,https://ribenyan.com/index.php?m=goods&a=list&brand=2&goods_type=1&ftype=1
36,梅比乌斯/MEVIUS E系列 薄荷 冰风暴 1mg 长支 硬盒,MEVIUS/梅比乌斯,日本香烟,500,1,单品,1,https://ribenyan.com/index.php?m=goods&a=list&brand=2&goods_type=1&ftype=1
21,梅比乌斯/MEVIUS E系列 10mg 硬盒,MEVIUS/梅比乌斯,日本香烟,500,1,单品,1,https://ribenyan.com/index.php?m=goods&a=list&brand=2&goods_type=1&ftype=1
18,梅比乌斯/MEVIUS 1mg 长支 硬盒,MEVIUS/梅比乌斯,日本香烟,580,1,单品,1,https://ribenyan.com/index.php?m=goods&a=list&brand=2&goods_type=1&ftype=1
7,梅比乌斯/MEVIUS 超淡 6mg 硬盒,MEVIUS/梅比乌斯,日本香烟,580,1,单品,1,https://ribenyan.com/index.php?m=goods&a=list&brand=2&goods_type=1&ftype=1
23,梅比乌斯/MEVIUS E系列 3mg 长支 硬盒,MEVIUS/梅比乌斯,日本香烟,500,1,单品,1,https://ribenyan.com/index.php?m=goods&a=list&brand=2&goods_type=1&ftype=1
12,梅比乌斯/MEVIUS 淡味 8mg 硬盒,MEVIUS/梅比乌斯,日本香烟,580,1,单品,1,https://ribenyan.com/index.php?m=goods&a=list&brand=2&goods_type=1&ftype=1
24,梅比乌斯/MEVIUS E系列 1mg 长支 硬盒,MEVIUS/梅比乌斯,日本香烟,500,1,单品,1,https://ribenyan.com/index.php?m=goods&a=list&brand=2&goods_type=1&ftype=1
723,梅比乌斯/MEVIUS Strong 1mg 长支,MEVIUS/梅比乌斯,日本香烟,580,1,单品,1,https://ribenyan.com/index.php?m=goods&a=list&brand=2&goods_type=1&ftype=1
37,梅比乌斯/MEVIUS E系列 10mg 长支 硬盒,MEVIUS/梅比乌斯,日本香烟,500,1,单品,1,https://ribenyan.com/index.php?m=goods&a=list&brand=2&goods_type=1&ftype=1
8,梅比乌斯/MEVIUS 超淡 6mg 长支 硬盒,MEVIUS/梅比乌斯,日本香烟,580,1,单品,1,https://ribenyan.com/index.php?m=goods&a=list&brand=2&goods_type=1&ftype=1
22,梅比乌斯/MEVIUS E系列 6mg 硬盒,MEVIUS/梅比乌斯,日本香烟,500,1,单品,1,https://ribenyan.com/index.php?m=goods&a=list&brand=2&goods_type=1&ftype=1
64,和平/Peace 黄 21mg 软盒,Peace/和平,日本香烟,600,1,单品,1,https://ribenyan.com/index.php?m=goods&a=list&brand=4&goods_type=1&ftype=1
65,和平/Peace 淡味 10mg 硬盒,Peace/和平,日本香烟,600,1,单品,1,https://ribenyan.com/index.php?m=goods&a=list&brand=4&goods_type=1&ftype=1
74,和平/Peace 小雪茄,Peace/和平,日本香烟,650,1,单品,1,https://ribenyan.com/index.php?m=goods&a=list&brand=4&goods_type=1&ftype=1
63,和平/Peace 无嘴 28mg 10支 硬盒,Peace/和平,日本香烟,300,1,单品,1,https://ribenyan.com/index.php?m=goods&a=list&brand=4&goods_type=1&ftype=1
61,和平/Peace 无嘴 28mg 50支 罐装,Peace/和平,日本香烟,1500,1,单品,1,https://ribenyan.com/index.php?m=goods&a=list&brand=4&goods_type=1&ftype=1
72,和平/Peace 超淡 6mg 硬盒,Peace/和平,日本香烟,600,1,单品,1,https://ribenyan.com/index.php?m=goods&a=list&brand=4&goods_type=1&ftype=1
108,碧丝梦/Pianissmo Petil 薄荷 1mg,Pianissmo/碧丝梦,日本香烟,570,1,单品,1,https://ribenyan.com/index.php?m=goods&a=list&brand=5&goods_type=1&ftype=1
109,碧丝梦/Pianissmo Icene 薄荷 5mg,Pianissmo/碧丝梦,日本香烟,570,1,单品,1,https://ribenyan.com/index.php?m=goods&a=list&brand=5&goods_type=1&ftype=1
110,碧丝梦/Pianissmo Precia 薄荷 1mg,Pianissmo/碧丝梦,日本香烟,570,1,单品,1,https://ribenyan.com/index.php?m=goods&a=list&brand=5&goods_type=1&ftype=1
107,碧丝梦/Pianissmo Aria 薄荷 1mg,Pianissmo/碧丝梦,日本香烟,570,1,单品,1,https://ribenyan.com/index.php?m=goods&a=list&brand=5&goods_type=1&ftype=1
44,七星/SevenStars 碳滤 14mg 软盒,SevenStars/七星,日本香烟,600,1,单品,1,https://ribenyan.com/index.php?m=goods&a=list&brand=1&goods_type=1&ftype=1
46,七星/SevenStars 碳滤 10mg 硬盒,SevenStars/七星,日本香烟,600,1,单品,1,https://ribenyan.com/index.php?m=goods&a=list&brand=1&goods_type=1&ftype=1
47,七星/SevenStars 碳滤 7mg 硬盒,SevenStars/七星,日本香烟,600,1,单品,1,https://ribenyan.com/index.php?m=goods&a=list&brand=1&goods_type=1&ftype=1
1,七星/SevenStars Bold Black 18mg,SevenStars/七星,日本香烟,600,1,单品,1,https://ribenyan.com/index.php?m=goods&a=list&brand=1&goods_type=1&ftype=1
45,七星/SevenStars 碳滤 14mg【硬盒】,SevenStars/七星,日本香烟,600,1,单品,1,https://ribenyan.com/index.php?m=goods&a=list&brand=1&goods_type=1&ftype=1
49,七星/SevenStars 薄荷 8mg 硬盒,SevenStars/七星,日本香烟,600,1,单品,1,https://ribenyan.com/index.php?m=goods&a=list&brand=1&goods_type=1&ftype=1
48,七星/SevenStars 薄荷 12mg 硬盒,SevenStars/七星,日本香烟,600,1,单品,1,https://ribenyan.com/index.php?m=goods&a=list&brand=1&goods_type=1&ftype=1
578,七星/SevenStars Menthol Solid White 18mg,SevenStars/七星,日本香烟,600,1,单品,1,https://ribenyan.com/index.php?m=goods&a=list&brand=1&goods_type=1&ftype=1
105,若叶/Wakaba 香烟,Wakaba/若叶,日本香烟,500,1,单品,1,https://ribenyan.com/index.php?m=goods&a=list&brand=9&goods_type=1&ftype=1
50,云斯顿/Winston Caster 白 5mg 软盒,Winston/云斯顿,日本香烟,540,1,单品,1,https://ribenyan.com/index.php?m=goods&a=list&brand=3&goods_type=1&ftype=1
62,云斯顿/Winston 红 12mg 软盒,Winston/云斯顿,日本香烟,530,1,单品,1,https://ribenyan.com/index.php?m=goods&a=list&brand=3&goods_type=1&ftype=1
51,云斯顿/Winston Caster 白 5mg 硬盒,Winston/云斯顿,日本香烟,540,1,单品,1,https://ribenyan.com/index.php?m=goods&a=list&brand=3&goods_type=1&ftype=1
53,云斯顿/Winston Caster 白 3mg 硬盒,Winston/云斯顿,日本香烟,540,1,单品,1,https://ribenyan.com/index.php?m=goods&a=list&brand=3&goods_type=1&ftype=1
56,云斯顿/Winston Caster 白 1mg 长支 硬盒,Winston/云斯顿,日本香烟,540,1,单品,1,https://ribenyan.com/index.php?m=goods&a=list&brand=3&goods_type=1&ftype=1
55,云斯顿/Winston Cabin 红 8mg 硬盒,Winston/云斯顿,日本香烟,540,1,单品,1,https://ribenyan.com/index.php?m=goods&a=list&brand=3&goods_type=1&ftype=1
58,云斯顿/Winston Cabin 红 5mg 硬盒,Winston/云斯顿,日本香烟,540,1,单品,1,https://ribenyan.com/index.php?m=goods&a=list&brand=3&goods_type=1&ftype=1
60,云斯顿/Winston Cabin 红 1mg 硬盒,Winston/云斯顿,日本香烟,540,1,单品,1,https://ribenyan.com/index.php?m=goods&a=list&brand=3&goods_type=1&ftype=1
442,海马,海马/ウルマ,日本香烟,530,1,单品,1,https://ribenyan.com/index.php?m=goods&a=list&brand=53&goods_type=1&ftype=1
315,Apache Red,APACHE/,外国香烟,480,1,单品,2,https://ribenyan.com/index.php?m=goods&a=list&brand=14&goods_type=1&ftype=2
230,老船长/Ark Royal Sweet,Ark Royal/老船长,外国香烟,540,1,单品,2,https://ribenyan.com/index.php?m=goods&a=list&brand=46&goods_type=1&ftype=2
233,老船长/Ark Royal Black Chocolate 黑巧克力,Ark Royal/老船长,外国香烟,540,1,单品,2,https://ribenyan.com/index.php?m=goods&a=list&brand=46&goods_type=1&ftype=2
963,老船长/Ark Royal Caramel Macchiato,Ark Royal/老船长,外国香烟,550,1,单品,2,https://ribenyan.com/index.php?m=goods&a=list&brand=46&goods_type=1&ftype=2
229,老船长/Ark Royal Apple Mint 苹果薄荷,Ark Royal/老船长,外国香烟,540,1,单品,2,https://ribenyan.com/index.php?m=goods&a=list&brand=46&goods_type=1&ftype=2
228,老船长/Ark Royal Pipe,Ark Royal/老船长,外国香烟,540,1,单品,2,https://ribenyan.com/index.php?m=goods&a=list&brand=46&goods_type=1&ftype=2
231,老船长/Ark Royal Paradise Tea,Ark Royal/老船长,外国香烟,540,1,单品,2,https://ribenyan.com/index.php?m=goods&a=list&brand=46&goods_type=1&ftype=2
232,老船长/Ark Royal Paradise Tea 细支 1mg,Ark Royal/老船长,外国香烟,520,1,单品,2,https://ribenyan.com/index.php?m=goods&a=list&brand=46&goods_type=1&ftype=2
350,宾利/Bentley Black,Bentley/宾利,外国香烟,700,1,单品,2,https://ribenyan.com/index.php?m=goods&a=list&brand=15&goods_type=1&ftype=2
352,宾利/Bentley 薄荷,Bentley/宾利,外国香烟,700,1,单品,2,https://ribenyan.com/index.php?m=goods&a=list&brand=15&goods_type=1&ftype=2
788,黑魔鬼/BlackDevil 可可 限量版,BlackDevil/黑魔鬼,外国香烟,580,1,单品,2,https://ribenyan.com/index.php?m=goods&a=list&brand=43&goods_type=1&ftype=2
259,黑魔鬼/BlackDevil 原味,BlackDevil/黑魔鬼,外国香烟,580,1,单品,2,https://ribenyan.com/index.php?m=goods&a=list&brand=43&goods_type=1&ftype=2
263,黑魔鬼/BlackDevil 粉红香草,BlackDevil/黑魔鬼,外国香烟,580,1,单品,2,https://ribenyan.com/index.php?m=goods&a=list&brand=43&goods_type=1&ftype=2
265,黑魔鬼/BlackDevil 摩卡香草,BlackDevil/黑魔鬼,外国香烟,580,1,单品,2,https://ribenyan.com/index.php?m=goods&a=list&brand=43&goods_type=1&ftype=2
264,黑魔鬼/BlackDevil 薄荷香草,BlackDevil/黑魔鬼,外国香烟,580,1,单品,2,https://ribenyan.com/index.php?m=goods&a=list&brand=43&goods_type=1&ftype=2
258,黑魔鬼/BlackDevil 北极薄荷,BlackDevil/黑魔鬼,外国香烟,580,1,单品,2,https://ribenyan.com/index.php?m=goods&a=list&brand=43&goods_type=1&ftype=2
262,黑魔鬼/BlackDevil 可可,BlackDevil/黑魔鬼,外国香烟,580,1,单品,2,https://ribenyan.com/index.php?m=goods&a=list&brand=43&goods_type=1&ftype=2
253,黑杰克/BlackJack Supasawa Pineapple 8mg (菠萝),BlackJack/黑杰克,外国香烟,500,1,单品,2,https://ribenyan.com/index.php?m=goods&a=list&brand=42&goods_type=1&ftype=2
251,黑杰克/BlackJack Supasawa Random 5mg (5种爆珠随机),BlackJack/黑杰克,外国香烟,550,1,单品,2,https://ribenyan.com/index.php?m=goods&a=list&brand=42&goods_type=1&ftype=2
255,黑杰克/BlackJack Supasawa Lime 8mg (青柠),BlackJack/黑杰克,外国香烟,500,1,单品,2,https://ribenyan.com/index.php?m=goods&a=list&brand=42&goods_type=1&ftype=2
257,黑杰克/BlackJack Supasawa Lemon 8mg (柠檬),BlackJack/黑杰克,外国香烟,500,1,单品,2,https://ribenyan.com/index.php?m=goods&a=list&brand=42&goods_type=1&ftype=2
254,黑杰克/BlackJack Supasawa Mango 5mg (芒果),BlackJack/黑杰克,外国香烟,500,1,单品,2,https://ribenyan.com/index.php?m=goods&a=list&brand=42&goods_type=1&ftype=2
252,黑杰克/BlackJack Supasawa Grapefruit 5mg (葡萄柚),BlackJack/黑杰克,外国香烟,500,1,单品,2,https://ribenyan.com/index.php?m=goods&a=list&brand=42&goods_type=1&ftype=2
256,黑杰克/BlackJack Supasawa Lemon 5mg (柠檬),BlackJack/黑杰克,外国香烟,500,1,单品,2,https://ribenyan.com/index.php?m=goods&a=list&brand=42&goods_type=1&ftype=2
309,黑杰克/BlackJack Ocean+Change,BlackJack/黑杰克,外国香烟,490,1,单品,2,https://ribenyan.com/index.php?m=goods&a=list&brand=42&goods_type=1&ftype=2
301,黑杰克/BlackJack Ocean Mint,BlackJack/黑杰克,外国香烟,490,1,单品,2,https://ribenyan.com/index.php?m=goods&a=list&brand=42&goods_type=1&ftype=2
308,黑杰克/BlackJack Ocean Blue,BlackJack/黑杰克,外国香烟,490,1,单品,2,https://ribenyan.com/index.php?m=goods&a=list&brand=42&goods_type=1&ftype=2
300,黑杰克/BlackJack Island Black,BlackJack/黑杰克,外国香烟,490,1,单品,2,https://ribenyan.com/index.php?m=goods&a=list&brand=42&goods_type=1&ftype=2
307,黑杰克/BlackJack Island Brown,BlackJack/黑杰克,外国香烟,490,1,单品,2,https://ribenyan.com/index.php?m=goods&a=list&brand=42&goods_type=1&ftype=2
310,黑杰克/BlackJack Compact Brown,BlackJack/黑杰克,外国香烟,490,1,单品,2,https://ribenyan.com/index.php?m=goods&a=list&brand=42&goods_type=1&ftype=2
312,黑杰克/BlackJack Compact Black,BlackJack/黑杰克,外国香烟,490,1,单品,2,https://ribenyan.com/index.php?m=goods&a=list&brand=42&goods_type=1&ftype=2
311,黑杰克/BlackJack Compact+Change,BlackJack/黑杰克,外国香烟,490,1,单品,2,https://ribenyan.com/index.php?m=goods&a=list&brand=42&goods_type=1&ftype=2
1014,黑杰克/BlackJack Supasawa Blueberry 5mg (蓝莓),BlackJack/黑杰克,外国香烟,500,1,单品,2,https://ribenyan.com/index.php?m=goods&a=list&brand=42&goods_type=1&ftype=2
789,BlackStone American Cherry,BlackStone/黑石,外国香烟,670,1,单品,2,https://ribenyan.com/index.php?m=goods&a=list&brand=114&goods_type=1&ftype=2
269,宝亨/Bohem Cigar No.6 6mg,Bohem/宝亨,外国香烟,520,1,单品,2,https://ribenyan.com/index.php?m=goods&a=list&brand=16&goods_type=1&ftype=2
271,宝亨/Bohem Cigar Mojito Double 5mg,Bohem/宝亨,外国香烟,520,1,单品,2,https://ribenyan.com/index.php?m=goods&a=list&brand=16&goods_type=1&ftype=2
944,宝亨/Bohem Cigar Mini Super Slim Sepia,Bohem/宝亨,外国香烟,520,1,单品,2,https://ribenyan.com/index.php?m=goods&a=list&brand=16&goods_type=1&ftype=2
270,宝亨/Bohem Cigar Mojito 6mg,Bohem/宝亨,外国香烟,520,1,单品,2,https://ribenyan.com/index.php?m=goods&a=list&brand=16&goods_type=1&ftype=2
272,宝亨/Bohem Cigar Mojito One 1mg,Bohem/宝亨,外国香烟,520,1,单品,2,https://ribenyan.com/index.php?m=goods&a=list&brand=16&goods_type=1&ftype=2
946,宝亨/Bohem Cigar Mini Super Slim Ivory,Bohem/宝亨,外国香烟,520,1,单品,2,https://ribenyan.com/index.php?m=goods&a=list&brand=16&goods_type=1&ftype=2
945,宝亨/Bohem Cigar Grip,Bohem/宝亨,外国香烟,520,1,单品,2,https://ribenyan.com/index.php?m=goods&a=list&brand=16&goods_type=1&ftype=2
250,Bright Long 5,BRIGHT/,外国香烟,460,1,单品,2,https://ribenyan.com/index.php?m=goods&a=list&brand=17&goods_type=1&ftype=2
249,Bright Long 1,BRIGHT/,外国香烟,460,1,单品,2,https://ribenyan.com/index.php?m=goods&a=list&brand=17&goods_type=1&ftype=2
807,Chapman Super Slim Cherry,CHAPMAN/,外国香烟,590,1,单品,2,https://ribenyan.com/index.php?m=goods&a=list&brand=119&goods_type=1&ftype=2
808,Chapman Super Slim Vanilla,CHAPMAN/,外国香烟,590,1,单品,2,https://ribenyan.com/index.php?m=goods&a=list&brand=119&goods_type=1&ftype=2
239,Che/切格瓦拉 红色,Che/切格瓦拉,外国香烟,570,1,单品,2,https://ribenyan.com/index.php?m=goods&a=list&brand=18&goods_type=1&ftype=2
236,Che/切格瓦拉 黑色,Che/切格瓦拉,外国香烟,570,1,单品,2,https://ribenyan.com/index.php?m=goods&a=list&brand=18&goods_type=1&ftype=2
237,Che/切格瓦拉 黑色 薄荷,Che/切格瓦拉,外国香烟,570,1,单品,2,https://ribenyan.com/index.php?m=goods&a=list&brand=18&goods_type=1&ftype=2
240,Che/切格瓦拉 1mg 薄荷,Che/切格瓦拉,外国香烟,570,1,单品,2,https://ribenyan.com/index.php?m=goods&a=list&brand=18&goods_type=1&ftype=2
238,Che/切格瓦拉 Blanco,Che/切格瓦拉,外国香烟,570,1,单品,2,https://ribenyan.com/index.php?m=goods&a=list&brand=18&goods_type=1&ftype=2
171,Che/切格瓦拉 绿色 薄荷,Che/切格瓦拉,外国香烟,570,1,单品,2,https://ribenyan.com/index.php?m=goods&a=list&brand=18&goods_type=1&ftype=2
185,卡比龙/Cigaronne 皇家 细支 黑色,Cigaronne/卡比龙,外国香烟,1200,1,单品,2,https://ribenyan.com/index.php?m=goods&a=list&brand=45&goods_type=1&ftype=2
132,卡比龙/Cigaronne Royal Slims 薄荷,Cigaronne/卡比龙,外国香烟,1600,1,单品,2,https://ribenyan.com/index.php?m=goods&a=list&brand=45&goods_type=1&ftype=2
343,卡比龙/Cigaronne Tattoo 香草,Cigaronne/卡比龙,外国香烟,800,1,单品,2,https://ribenyan.com/index.php?m=goods&a=list&brand=45&goods_type=1&ftype=2
326,卡比龙/Cigaronne Exclusive 棕色,Cigaronne/卡比龙,外国香烟,1500,1,单品,2,https://ribenyan.com/index.php?m=goods&a=list&brand=45&goods_type=1&ftype=2
329,卡比龙/Cigaronne Magnet,Cigaronne/卡比龙,外国香烟,800,1,单品,2,https://ribenyan.com/index.php?m=goods&a=list&brand=45&goods_type=1&ftype=2
342,卡比龙/Cigaronne Tattoo 樱桃,Cigaronne/卡比龙,外国香烟,800,1,单品,2,https://ribenyan.com/index.php?m=goods&a=list&brand=45&goods_type=1&ftype=2
580,卡比龙/Cigaronne Super Slims 薄荷,Cigaronne/卡比龙,外国香烟,780,1,单品,2,https://ribenyan.com/index.php?m=goods&a=list&brand=45&goods_type=1&ftype=2
344,卡比龙/Cigaronne Tattoo 巧克力,Cigaronne/卡比龙,外国香烟,800,1,单品,2,https://ribenyan.com/index.php?m=goods&a=list&brand=45&goods_type=1&ftype=2
327,卡比龙/Cigaronne 超细 黑色,Cigaronne/卡比龙,外国香烟,780,1,单品,2,https://ribenyan.com/index.php?m=goods&a=list&brand=45&goods_type=1&ftype=2
323,卡比龙/Cigaronne 极致细 黑色,Cigaronne/卡比龙,外国香烟,700,1,单品,2,https://ribenyan.com/index.php?m=goods&a=list&brand=45&goods_type=1&ftype=2
328,卡比龙/Cigaronne 幻影 银色,Cigaronne/卡比龙,外国香烟,1100,1,单品,2,https://ribenyan.com/index.php?m=goods&a=list&brand=45&goods_type=1&ftype=2
708,Djarum Black Jasmine Tea 8,DJARUM/,外国香烟,280,1,单品,2,https://ribenyan.com/index.php?m=goods&a=list&brand=19&goods_type=1&ftype=2
707,Djarum Black 8,DJARUM/,外国香烟,280,1,单品,2,https://ribenyan.com/index.php?m=goods&a=list&brand=19&goods_type=1&ftype=2
709,Djarum Black Mint Tea 8,DJARUM/,外国香烟,280,1,单品,2,https://ribenyan.com/index.php?m=goods&a=list&brand=19&goods_type=1&ftype=2
330,Djarum Super,DJARUM/,外国香烟,510,1,单品,2,https://ribenyan.com/index.php?m=goods&a=list&brand=19&goods_type=1&ftype=2
710,Djarum Black Menthol 8,DJARUM/,外国香烟,280,1,单品,2,https://ribenyan.com/index.php?m=goods&a=list&brand=19&goods_type=1&ftype=2
302,福尔特/Forte Extra Light,Forte/福尔特,外国香烟,460,1,单品,2,https://ribenyan.com/index.php?m=goods&a=list&brand=21&goods_type=1&ftype=2
295,福尔特/Forte Extra Light 薄荷,Forte/福尔特,外国香烟,460,1,单品,2,https://ribenyan.com/index.php?m=goods&a=list&brand=21&goods_type=1&ftype=2
296,福尔特/Forte 薄荷,Forte/福尔特,外国香烟,460,1,单品,2,https://ribenyan.com/index.php?m=goods&a=list&brand=21&goods_type=1&ftype=2
297,福尔特/Forte 16支 Extra Light,Forte/福尔特,外国香烟,390,1,单品,2,https://ribenyan.com/index.php?m=goods&a=list&brand=21&goods_type=1&ftype=2
298,福尔特/Forte 16支 Original,Forte/福尔特,外国香烟,390,1,单品,2,https://ribenyan.com/index.php?m=goods&a=list&brand=21&goods_type=1&ftype=2
303,福尔特/Forte Original,Forte/福尔特,外国香烟,460,1,单品,2,https://ribenyan.com/index.php?m=goods&a=list&brand=21&goods_type=1&ftype=2
304,福尔特/Forte 16支 Extra Light 薄荷,Forte/福尔特,外国香烟,390,1,单品,2,https://ribenyan.com/index.php?m=goods&a=list&brand=21&goods_type=1&ftype=2
305,福尔特/Forte 16支 薄荷,Forte/福尔特,外国香烟,390,1,单品,2,https://ribenyan.com/index.php?m=goods&a=list&brand=21&goods_type=1&ftype=2
299,福尔特/Forte 16支 Lights,Forte/福尔特,外国香烟,390,1,单品,2,https://ribenyan.com/index.php?m=goods&a=list&brand=21&goods_type=1&ftype=2
306,福尔特/Forte Lights,Forte/福尔特,外国香烟,460,1,单品,2,https://ribenyan.com/index.php?m=goods&a=list&brand=21&goods_type=1&ftype=2
321,盐仓/GudangGaram Surya Mild 16支 33mg,GudangGaram/盐仓,外国香烟,530,1,单品,2,https://ribenyan.com/index.php?m=goods&a=list&brand=22&goods_type=1&ftype=2
320,盐仓/GudangGaram Surya 36支 42mg,GudangGaram/盐仓,外国香烟,1400,1,单品,2,https://ribenyan.com/index.php?m=goods&a=list&brand=22&goods_type=1&ftype=2
319,盐仓/GudangGaram Signature 薄荷 15mg,GudangGaram/盐仓,外国香烟,580,1,单品,2,https://ribenyan.com/index.php?m=goods&a=list&brand=22&goods_type=1&ftype=2
325,盐仓/GudangGaram 薄荷 16支 33mg,GudangGaram/盐仓,外国香烟,530,1,单品,2,https://ribenyan.com/index.php?m=goods&a=list&brand=22&goods_type=1&ftype=2
318,盐仓/GudangGaram Signature Mild 15mg,GudangGaram/盐仓,外国香烟,580,1,单品,2,https://ribenyan.com/index.php?m=goods&a=list&brand=22&goods_type=1&ftype=2
322,盐仓/GudangGaram Garam Nusantara Mild 12支 18mg,GudangGaram/盐仓,外国香烟,380,1,单品,2,https://ribenyan.com/index.php?m=goods&a=list&brand=22&goods_type=1&ftype=2
324,盐仓/GudangGaram Nusantara 薄荷 12支 18mg,GudangGaram/盐仓,外国香烟,380,1,单品,2,https://ribenyan.com/index.php?m=goods&a=list&brand=22&goods_type=1&ftype=2
291,HARVEST 超细 Double Cherry,HARVEST/,外国香烟,540,1,单品,2,https://ribenyan.com/index.php?m=goods&a=list&brand=23&goods_type=1&ftype=2
290,HARVEST King Size Vanilla,HARVEST/,外国香烟,480,1,单品,2,https://ribenyan.com/index.php?m=goods&a=list&brand=23&goods_type=1&ftype=2
289,HARVEST King Size Cherry,HARVEST/,外国香烟,480,1,单品,2,https://ribenyan.com/index.php?m=goods&a=list&brand=23&goods_type=1&ftype=2
293,HARVEST 超细 Double Vanilla,HARVEST/,外国香烟,540,1,单品,2,https://ribenyan.com/index.php?m=goods&a=list&brand=23&goods_type=1&ftype=2
294,HARVEST 超细 薄荷,HARVEST/,外国香烟,540,1,单品,2,https://ribenyan.com/index.php?m=goods&a=list&brand=23&goods_type=1&ftype=2
292,HARVEST 超细 经典,HARVEST/,外国香烟,540,1,单品,2,https://ribenyan.com/index.php?m=goods&a=list&brand=23&goods_type=1&ftype=2
235,J.P.S. KS 硬盒,J.S.P./,外国香烟,560,1,单品,2,https://ribenyan.com/index.php?m=goods&a=list&brand=25&goods_type=1&ftype=2
176,健牌/箭牌/Kent S系列 Spark 5mg 长支 硬盒,Kent/健牌/箭牌,外国香烟,500,1,单品,2,https://ribenyan.com/index.php?m=goods&a=list&brand=44&goods_type=1&ftype=2
178,健牌/箭牌/Kent S系列 Spark 薄荷 5mg 长支 硬盒,Kent/健牌/箭牌,外国香烟,500,1,单品,2,https://ribenyan.com/index.php?m=goods&a=list&brand=44&goods_type=1&ftype=2
172,健牌/箭牌/Kent 6mg 长支 硬盒,Kent/健牌/箭牌,外国香烟,520,1,单品,2,https://ribenyan.com/index.php?m=goods&a=list&brand=44&goods_type=1&ftype=2
173,健牌/箭牌/Kent 3mg 长支 硬盒,Kent/健牌/箭牌,外国香烟,520,1,单品,2,https://ribenyan.com/index.php?m=goods&a=list&brand=44&goods_type=1&ftype=2
177,健牌/箭牌/Kent S系列 Spark 薄荷 1mg 长支 硬盒,Kent/健牌/箭牌,外国香烟,500,1,单品,2,https://ribenyan.com/index.php?m=goods&a=list&brand=44&goods_type=1&ftype=2
181,健牌/箭牌/Kent S系列 1mg 长支 硬盒,Kent/健牌/箭牌,外国香烟,500,1,单品,2,https://ribenyan.com/index.php?m=goods&a=list&brand=44&goods_type=1&ftype=2
175,健牌/箭牌/Kent S系列 Spark 1mg 长支 硬盒,Kent/健牌/箭牌,外国香烟,500,1,单品,2,https://ribenyan.com/index.php?m=goods&a=list&brand=44&goods_type=1&ftype=2
182,健牌/箭牌/Kent S系列 3mg 长支 硬盒,Kent/健牌/箭牌,外国香烟,500,1,单品,2,https://ribenyan.com/index.php?m=goods&a=list&brand=44&goods_type=1&ftype=2
179,健牌/箭牌/Kent S系列 Spark Mellow 1mg 长支 硬盒,Kent/健牌/箭牌,外国香烟,500,1,单品,2,https://ribenyan.com/index.php?m=goods&a=list&brand=44&goods_type=1&ftype=2
174,健牌/箭牌/Kent I-Boost 1mg 长支 硬盒,Kent/健牌/箭牌,外国香烟,520,1,单品,2,https://ribenyan.com/index.php?m=goods&a=list&brand=44&goods_type=1&ftype=2
170,健牌/箭牌/Kent 1mg 长支 硬盒,Kent/健牌/箭牌,外国香烟,520,1,单品,2,https://ribenyan.com/index.php?m=goods&a=list&brand=44&goods_type=1&ftype=2
180,健牌/箭牌/Kent S系列 薄荷 1mg 长支 硬盒,Kent/健牌/箭牌,外国香烟,500,1,单品,2,https://ribenyan.com/index.php?m=goods&a=list&brand=44&goods_type=1&ftype=2
169,健牌/箭牌/Kent 1mg KS 硬盒,Kent/健牌/箭牌,外国香烟,520,1,单品,2,https://ribenyan.com/index.php?m=goods&a=list&brand=44&goods_type=1&ftype=2
195,KOOL Minty系列 Minty Berry 5mg,KOOL/,外国香烟,500,1,单品,2,https://ribenyan.com/index.php?m=goods&a=list&brand=26&goods_type=1&ftype=2
194,KOOL Minty系列 Minty Boost 8mg,KOOL/,外国香烟,500,1,单品,2,https://ribenyan.com/index.php?m=goods&a=list&brand=26&goods_type=1&ftype=2
281,KOOL Looped Sangria,KOOL/,外国香烟,500,1,单品,2,https://ribenyan.com/index.php?m=goods&a=list&brand=26&goods_type=1&ftype=2
157,KOOL FK 硬盒,KOOL/,外国香烟,580,1,单品,2,https://ribenyan.com/index.php?m=goods&a=list&brand=26&goods_type=1&ftype=2
282,KOOL Looped Plus,KOOL/,外国香烟,500,1,单品,2,https://ribenyan.com/index.php?m=goods&a=list&brand=26&goods_type=1&ftype=2
191,KOOL Boost Fresh 8mg  硬盒,KOOL/,外国香烟,580,1,单品,2,https://ribenyan.com/index.php?m=goods&a=list&brand=26&goods_type=1&ftype=2
190,KOOL Boost Fresh 5mg  硬盒,KOOL/,外国香烟,580,1,单品,2,https://ribenyan.com/index.php?m=goods&a=list&brand=26&goods_type=1&ftype=2
192,KOOL Milds FK 硬盒,KOOL/,外国香烟,580,1,单品,2,https://ribenyan.com/index.php?m=goods&a=list&brand=26&goods_type=1&ftype=2
196,KOOL 淡味 硬盒,KOOL/,外国香烟,580,1,单品,2,https://ribenyan.com/index.php?m=goods&a=list&brand=26&goods_type=1&ftype=2
280,KOOL Looped,KOOL/,外国香烟,500,1,单品,2,https://ribenyan.com/index.php?m=goods&a=list&brand=26&goods_type=1&ftype=2
355,L.A. Bold 12支 23mg,L.A./,外国香烟,350,1,单品,2,https://ribenyan.com/index.php?m=goods&a=list&brand=27&goods_type=1&ftype=2
997,L.A. Ice Mango Boost 16支 18mg,L.A./,外国香烟,500,1,单品,2,https://ribenyan.com/index.php?m=goods&a=list&brand=27&goods_type=1&ftype=2
353,L.A. Ice Purple Boost 16支 16mg,L.A./,外国香烟,500,1,单品,2,https://ribenyan.com/index.php?m=goods&a=list&brand=27&goods_type=1&ftype=2
354,L.A. Ice 16支 13mg,L.A./,外国香烟,500,1,单品,2,https://ribenyan.com/index.php?m=goods&a=list&brand=27&goods_type=1&ftype=2
998,L.A. Light 16支 16mg,L.A./,外国香烟,500,1,单品,2,https://ribenyan.com/index.php?m=goods&a=list&brand=27&goods_type=1&ftype=2
150,云雀/Lark 12mg 长支 硬盒,Lark/云雀,外国香烟,540,1,单品,2,https://ribenyan.com/index.php?m=goods&a=list&brand=48&goods_type=1&ftype=2
148,云雀/Lark 12mg KS 硬盒,Lark/云雀,外国香烟,540,1,单品,2,https://ribenyan.com/index.php?m=goods&a=list&brand=48&goods_type=1&ftype=2
158,云雀/Lark Classic Mild KS 硬盒,Lark/云雀,外国香烟,540,1,单品,2,https://ribenyan.com/index.php?m=goods&a=list&brand=48&goods_type=1&ftype=2
159,云雀/Lark Super Mild 长支 硬盒,Lark/云雀,外国香烟,540,1,单品,2,https://ribenyan.com/index.php?m=goods&a=list&brand=48&goods_type=1&ftype=2
160,云雀/Lark Super 5mg KS 硬盒,Lark/云雀,外国香烟,540,1,单品,2,https://ribenyan.com/index.php?m=goods&a=list&brand=48&goods_type=1&ftype=2
164,云雀/Lark Select 薄荷 1mg 长支 硬盒,Lark/云雀,外国香烟,500,1,单品,2,https://ribenyan.com/index.php?m=goods&a=list&brand=48&goods_type=1&ftype=2
163,云雀/Lark Select Purple 1mg 长支 硬盒,Lark/云雀,外国香烟,500,1,单品,2,https://ribenyan.com/index.php?m=goods&a=list&brand=48&goods_type=1&ftype=2
166,云雀/Lark Hybrid KS 硬盒,Lark/云雀,外国香烟,540,1,单品,2,https://ribenyan.com/index.php?m=goods&a=list&brand=48&goods_type=1&ftype=2
154,云雀/Lark Extra 3mg 长支 硬盒,Lark/云雀,外国香烟,540,1,单品,2,https://ribenyan.com/index.php?m=goods&a=list&brand=48&goods_type=1&ftype=2
153,云雀/Lark Extra 3mg KS 硬盒,Lark/云雀,外国香烟,540,1,单品,2,https://ribenyan.com/index.php?m=goods&a=list&brand=48&goods_type=1&ftype=2
162,云雀/Lark Super 5mg 长支 硬盒,Lark/云雀,外国香烟,540,1,单品,2,https://ribenyan.com/index.php?m=goods&a=list&brand=48&goods_type=1&ftype=2
167,云雀/Lark Mild KS 硬盒,Lark/云雀,外国香烟,540,1,单品,2,https://ribenyan.com/index.php?m=goods&a=list&brand=48&goods_type=1&ftype=2
168,云雀/Lark Mild 长支 硬盒,Lark/云雀,外国香烟,540,1,单品,2,https://ribenyan.com/index.php?m=goods&a=list&brand=48&goods_type=1&ftype=2
161,云雀/Lark Select 1mg 长支 硬盒,Lark/云雀,外国香烟,500,1,单品,2,https://ribenyan.com/index.php?m=goods&a=list&brand=48&goods_type=1&ftype=2
152,云雀/Lark Ultra 1mg 长支 硬盒,Lark/云雀,外国香烟,540,1,单品,2,https://ribenyan.com/index.php?m=goods&a=list&brand=48&goods_type=1&ftype=2
151,云雀/Lark Ultra 1mg KS 硬盒,Lark/云雀,外国香烟,540,1,单品,2,https://ribenyan.com/index.php?m=goods&a=list&brand=48&goods_type=1&ftype=2
165,云雀/Lark Select 薄荷 5mg 长支 硬盒,Lark/云雀,外国香烟,500,1,单品,2,https://ribenyan.com/index.php?m=goods&a=list&brand=48&goods_type=1&ftype=2
211,好彩/LuckyStrike 红 11mg 软盒,LuckyStrike/好彩,外国香烟,620,1,单品,2,https://ribenyan.com/index.php?m=goods&a=list&brand=41&goods_type=1&ftype=2
223,好彩/LuckyStrike 红 11mg 硬盒,LuckyStrike/好彩,外国香烟,620,1,单品,2,https://ribenyan.com/index.php?m=goods&a=list&brand=41&goods_type=1&ftype=2
965,好彩/LuckyStrike 10 Box,LuckyStrike/好彩,外国香烟,450,1,单品,2,https://ribenyan.com/index.php?m=goods&a=list&brand=41&goods_type=1&ftype=2
313,好彩/LuckyStrike 过滤嘴 雪茄型 细支 淡味,LuckyStrike/好彩,外国香烟,470,1,单品,2,https://ribenyan.com/index.php?m=goods&a=list&brand=41&goods_type=1&ftype=2
217,好彩/LuckyStrike Expert Cut 14mg,LuckyStrike/好彩,外国香烟,470,1,单品,2,https://ribenyan.com/index.php?m=goods&a=list&brand=41&goods_type=1&ftype=2
224,好彩/LuckyStrike 淡味 6mg 硬盒,LuckyStrike/好彩,外国香烟,620,1,单品,2,https://ribenyan.com/index.php?m=goods&a=list&brand=41&goods_type=1&ftype=2
222,好彩/LuckyStrike 黑色系列 Chillberry 8mg,LuckyStrike/好彩,外国香烟,450,1,单品,2,https://ribenyan.com/index.php?m=goods&a=list&brand=41&goods_type=1&ftype=2
221,好彩/LuckyStrike 黑色系列 Chillberry 5mg,LuckyStrike/好彩,外国香烟,450,1,单品,2,https://ribenyan.com/index.php?m=goods&a=list&brand=41&goods_type=1&ftype=2
964,好彩/LuckyStrike 6 Box,LuckyStrike/好彩,外国香烟,450,1,单品,2,https://ribenyan.com/index.php?m=goods&a=list&brand=41&goods_type=1&ftype=2
219,好彩/LuckyStrike 黑色系列 薄荷 8mg,LuckyStrike/好彩,外国香烟,450,1,单品,2,https://ribenyan.com/index.php?m=goods&a=list&brand=41&goods_type=1&ftype=2
218,好彩/LuckyStrike 黑色系列 薄荷 5mg,LuckyStrike/好彩,外国香烟,450,1,单品,2,https://ribenyan.com/index.php?m=goods&a=list&brand=41&goods_type=1&ftype=2
216,好彩/LuckyStrike Expert Cut 10mg,LuckyStrike/好彩,外国香烟,470,1,单品,2,https://ribenyan.com/index.php?m=goods&a=list&brand=41&goods_type=1&ftype=2
214,好彩/LuckyStrike Expert Cut 8mg,LuckyStrike/好彩,外国香烟,470,1,单品,2,https://ribenyan.com/index.php?m=goods&a=list&brand=41&goods_type=1&ftype=2
212,好彩/LuckyStrike Expert Cut 1mg 长支 硬盒,LuckyStrike/好彩,外国香烟,470,1,单品,2,https://ribenyan.com/index.php?m=goods&a=list&brand=41&goods_type=1&ftype=2
215,好彩/LuckyStrike Expert Cut 6mg,LuckyStrike/好彩,外国香烟,470,1,单品,2,https://ribenyan.com/index.php?m=goods&a=list&brand=41&goods_type=1&ftype=2
220,好彩/LuckyStrike 黑色系列 Chillberry 1mg 长支,LuckyStrike/好彩,外国香烟,450,1,单品,2,https://ribenyan.com/index.php?m=goods&a=list&brand=41&goods_type=1&ftype=2
213,好彩/LuckyStrike Expert Cut 3mg,LuckyStrike/好彩,外国香烟,470,1,单品,2,https://ribenyan.com/index.php?m=goods&a=list&brand=41&goods_type=1&ftype=2
133,万宝路/Marlboro 红 12mg 软盒,Marlboro/万宝路,外国香烟,620,1,单品,2,https://ribenyan.com/index.php?m=goods&a=list&brand=47&goods_type=1&ftype=2
139,万宝路/Marlboro 金 硬盒,Marlboro/万宝路,外国香烟,620,1,单品,2,https://ribenyan.com/index.php?m=goods&a=list&brand=47&goods_type=1&ftype=2
144,万宝路/Marlboro 中醇 硬盒,Marlboro/万宝路,外国香烟,620,1,单品,2,https://ribenyan.com/index.php?m=goods&a=list&brand=47&goods_type=1&ftype=2
142,万宝路/Marlboro 热带 激浪 8mg 硬盒,Marlboro/万宝路,外国香烟,620,1,单品,2,https://ribenyan.com/index.php?m=goods&a=list&brand=47&goods_type=1&ftype=2
140,万宝路/Marlboro 金 长支 硬盒,Marlboro/万宝路,外国香烟,620,1,单品,2,https://ribenyan.com/index.php?m=goods&a=list&brand=47&goods_type=1&ftype=2
134,万宝路/Marlboro 红 12mg 硬盒,Marlboro/万宝路,外国香烟,620,1,单品,2,https://ribenyan.com/index.php?m=goods&a=list&brand=47&goods_type=1&ftype=2
141,万宝路/Marlboro 双爆珠 5mg 硬盒,Marlboro/万宝路,外国香烟,620,1,单品,2,https://ribenyan.com/index.php?m=goods&a=list&brand=47&goods_type=1&ftype=2
149,万宝路/Marlboro 薄荷 12mg 硬盒,Marlboro/万宝路,外国香烟,620,1,单品,2,https://ribenyan.com/index.php?m=goods&a=list&brand=47&goods_type=1&ftype=2
138,万宝路/Marlboro 清透 混合 ３ＫＳＢ,Marlboro/万宝路,外国香烟,620,1,单品,2,https://ribenyan.com/index.php?m=goods&a=list&brand=47&goods_type=1&ftype=2
143,万宝路/Marlboro 黑色 薄荷 8mg 硬盒,Marlboro/万宝路,外国香烟,620,1,单品,2,https://ribenyan.com/index.php?m=goods&a=list&brand=47&goods_type=1&ftype=2
147,万宝路/Marlboro 薄荷 8mg 长支 硬盒,Marlboro/万宝路,外国香烟,620,1,单品,2,https://ribenyan.com/index.php?m=goods&a=list&brand=47&goods_type=1&ftype=2
146,万宝路/Marlboro 薄荷 8mg 硬盒,Marlboro/万宝路,外国香烟,620,1,单品,2,https://ribenyan.com/index.php?m=goods&a=list&brand=47&goods_type=1&ftype=2
137,万宝路/Marlboro 冰爆 超劲 8mg 硬盒,Marlboro/万宝路,外国香烟,620,1,单品,2,https://ribenyan.com/index.php?m=goods&a=list&brand=47&goods_type=1&ftype=2
145,万宝路/Marlboro 薄荷 4mg 硬盒,Marlboro/万宝路,外国香烟,620,1,单品,2,https://ribenyan.com/index.php?m=goods&a=list&brand=47&goods_type=1&ftype=2
136,万宝路/Marlboro 冰爆 超劲 5mg 硬盒,Marlboro/万宝路,外国香烟,620,1,单品,2,https://ribenyan.com/index.php?m=goods&a=list&brand=47&goods_type=1&ftype=2
135,万宝路/Marlboro 冰爆 超劲 1mg 硬盒,Marlboro/万宝路,外国香烟,620,1,单品,2,https://ribenyan.com/index.php?m=goods&a=list&brand=47&goods_type=1&ftype=2
316,OSMO 14支 10mg,OSMO/,外国香烟,330,1,单品,2,https://ribenyan.com/index.php?m=goods&a=list&brand=28&goods_type=1&ftype=2
317,OSMO 薄荷 14支 6mg,OSMO/,外国香烟,330,1,单品,2,https://ribenyan.com/index.php?m=goods&a=list&brand=28&goods_type=1&ftype=2
184,百乐门/Parliament 9mg KS 硬盒,Parliament/百乐门,外国香烟,580,1,单品,2,https://ribenyan.com/index.php?m=goods&a=list&brand=39&goods_type=1&ftype=2
183,百乐门/Parliament 9mg 长支 硬盒,Parliament/百乐门,外国香烟,620,1,单品,2,https://ribenyan.com/index.php?m=goods&a=list&brand=39&goods_type=1&ftype=2
187,百乐门/Parliament 淡味 6mg KS 硬盒,Parliament/百乐门,外国香烟,580,1,单品,2,https://ribenyan.com/index.php?m=goods&a=list&brand=39&goods_type=1&ftype=2
188,百乐门/Parliament 淡味 6mg 长支 硬盒,Parliament/百乐门,外国香烟,620,1,单品,2,https://ribenyan.com/index.php?m=goods&a=list&brand=39&goods_type=1&ftype=2
186,百乐门/Parliament 超淡 3mg 长支 硬盒,Parliament/百乐门,外国香烟,620,1,单品,2,https://ribenyan.com/index.php?m=goods&a=list&brand=39&goods_type=1&ftype=2
189,百乐门/Parliament One 1mg 长支 硬盒,Parliament/百乐门,外国香烟,620,1,单品,2,https://ribenyan.com/index.php?m=goods&a=list&brand=39&goods_type=1&ftype=2
340,百乐/Peel Grape (葡萄),Peel/百乐,外国香烟,550,1,单品,2,https://ribenyan.com/index.php?m=goods&a=list&brand=38&goods_type=1&ftype=2
947,百乐/Peel Watermelon (西瓜),Peel/百乐,外国香烟,550,1,单品,2,https://ribenyan.com/index.php?m=goods&a=list&brand=38&goods_type=1&ftype=2
339,百乐/Peel Orange (橙子),Peel/百乐,外国香烟,550,1,单品,2,https://ribenyan.com/index.php?m=goods&a=list&brand=38&goods_type=1&ftype=2
1015,百乐/Peel Greek Yogurt (希腊酸奶),Peel/百乐,外国香烟,550,1,单品,2,https://ribenyan.com/index.php?m=goods&a=list&brand=38&goods_type=1&ftype=2
341,百乐/Peel Red Wine (红酒),Peel/百乐,外国香烟,550,1,单品,2,https://ribenyan.com/index.php?m=goods&a=list&brand=38&goods_type=1&ftype=2
267,PEPE Organic 18支,PEPE/,外国香烟,540,1,单品,2,https://ribenyan.com/index.php?m=goods&a=list&brand=29&goods_type=1&ftype=2
268,PEPE Rich Green 18支,PEPE/,外国香烟,500,1,单品,2,https://ribenyan.com/index.php?m=goods&a=list&brand=29&goods_type=1&ftype=2
204,菲利普莫里斯/PhilipMorris 14mg KS 硬盒,PhilipMorris/菲利普莫里斯,外国香烟,450,1,单品,2,https://ribenyan.com/index.php?m=goods&a=list&brand=40&goods_type=1&ftype=2
203,菲利普莫里斯/PhilipMorris 10mg KS 硬盒,PhilipMorris/菲利普莫里斯,外国香烟,450,1,单品,2,https://ribenyan.com/index.php?m=goods&a=list&brand=40&goods_type=1&ftype=2
156,菲利普莫里斯/PhilipMorris Purple 1mg 长支 超细 N,PhilipMorris/菲利普莫里斯,外国香烟,450,1,单品,2,https://ribenyan.com/index.php?m=goods&a=list&brand=40&goods_type=1&ftype=2
205,菲利普莫里斯/PhilipMorris Purple 5mg KS 硬盒,PhilipMorris/菲利普莫里斯,外国香烟,450,1,单品,2,https://ribenyan.com/index.php?m=goods&a=list&brand=40&goods_type=1&ftype=2
201,菲利普莫里斯/PhilipMorris 3mg KS 硬盒,PhilipMorris/菲利普莫里斯,外国香烟,450,1,单品,2,https://ribenyan.com/index.php?m=goods&a=list&brand=40&goods_type=1&ftype=2
207,菲利普莫里斯/PhilipMorris 1mg 长支 超细 硬盒 N,PhilipMorris/菲利普莫里斯,外国香烟,450,1,单品,2,https://ribenyan.com/index.php?m=goods&a=list&brand=40&goods_type=1&ftype=2
155,菲利普莫里斯/PhilipMorris 薄荷 1mg 长支 硬盒,PhilipMorris/菲利普莫里斯,外国香烟,450,1,单品,2,https://ribenyan.com/index.php?m=goods&a=list&brand=40&goods_type=1&ftype=2
208,菲利普莫里斯/PhilipMorris 薄荷 8mg KS 硬盒,PhilipMorris/菲利普莫里斯,外国香烟,450,1,单品,2,https://ribenyan.com/index.php?m=goods&a=list&brand=40&goods_type=1&ftype=2
210,菲利普莫里斯/PhilipMorris 1mg 长支 硬盒,PhilipMorris/菲利普莫里斯,外国香烟,450,1,单品,2,https://ribenyan.com/index.php?m=goods&a=list&brand=40&goods_type=1&ftype=2
200,菲利普莫里斯/PhilipMorris 6mg KS 硬盒,PhilipMorris/菲利普莫里斯,外国香烟,450,1,单品,2,https://ribenyan.com/index.php?m=goods&a=list&brand=40&goods_type=1&ftype=2
202,菲利普莫里斯/PhilipMorris 薄荷 5mg KS 硬盒,PhilipMorris/菲利普莫里斯,外国香烟,450,1,单品,2,https://ribenyan.com/index.php?m=goods&a=list&brand=40&goods_type=1&ftype=2
248,PUEBLO Natural 10 19支,PUEBLO/普韦布洛,外国香烟,520,1,单品,2,https://ribenyan.com/index.php?m=goods&a=list&brand=30&goods_type=1&ftype=2
247,PUEBLO Natural 6 19支,PUEBLO/普韦布洛,外国香烟,520,1,单品,2,https://ribenyan.com/index.php?m=goods&a=list&brand=30&goods_type=1&ftype=2
969,Republicana Yellow,Republicana/,外国香烟,600,1,单品,2,https://ribenyan.com/index.php?m=goods&a=list&brand=126&goods_type=1&ftype=2
968,Republicana Black,Republicana/,外国香烟,600,1,单品,2,https://ribenyan.com/index.php?m=goods&a=list&brand=126&goods_type=1&ftype=2
937,Smokin Joes Full Flavor 13mg,Smokin Joes/,外国香烟,580,1,单品,2,https://ribenyan.com/index.php?m=goods&a=list&brand=122&goods_type=1&ftype=2
940,Smokin Joes Menthol 12mg,Smokin Joes/,外国香烟,580,1,单品,2,https://ribenyan.com/index.php?m=goods&a=list&brand=122&goods_type=1&ftype=2
938,Smokin Joes Light 12mg,Smokin Joes/,外国香烟,580,1,单品,2,https://ribenyan.com/index.php?m=goods&a=list&brand=122&goods_type=1&ftype=2
939,Smokin Joes Ultra Light 11mg,Smokin Joes/,外国香烟,580,1,单品,2,https://ribenyan.com/index.php?m=goods&a=list&brand=122&goods_type=1&ftype=2
335,寿百年/Sobranie Black Russian 7mg,Sobranie/寿百年,外国香烟,1000,1,单品,2,https://ribenyan.com/index.php?m=goods&a=list&brand=32&goods_type=1&ftype=2
334,寿百年/Sobranie Cocktail 5mg,Sobranie/寿百年,外国香烟,1000,1,单品,2,https://ribenyan.com/index.php?m=goods&a=list&brand=32&goods_type=1&ftype=2
337,TREASURER Executive Black 7mg,TREASURER/,外国香烟,680,1,单品,2,https://ribenyan.com/index.php?m=goods&a=list&brand=33&goods_type=1&ftype=2
928,TREASURER Premium Black 10mg,TREASURER/,外国香烟,4000,1,单品,2,https://ribenyan.com/index.php?m=goods&a=list&brand=33&goods_type=1&ftype=2
930,Treasurer Luxury Black 8mg,TREASURER/,外国香烟,1500,1,单品,2,https://ribenyan.com/index.php?m=goods&a=list&brand=33&goods_type=1&ftype=2
929,TREASURER Premier Gold 8mg,TREASURER/,外国香烟,3800,1,单品,2,https://ribenyan.com/index.php?m=goods&a=list&brand=33&goods_type=1&ftype=2
246,VIBES,VIBES/,外国香烟,540,1,单品,2,https://ribenyan.com/index.php?m=goods&a=list&brand=34&goods_type=1&ftype=2
199,弗吉尼亚/Virginia S Rose 薄荷 1mg,Virginia/弗吉尼亚,外国香烟,570,1,单品,2,https://ribenyan.com/index.php?m=goods&a=list&brand=35&goods_type=1&ftype=2
198,弗吉尼亚/Virginia S Sophia 6mg,Virginia/弗吉尼亚,外国香烟,570,1,单品,2,https://ribenyan.com/index.php?m=goods&a=list&brand=35&goods_type=1&ftype=2
197,弗吉尼亚/Virginia S Sophia 1mg,Virginia/弗吉尼亚,外国香烟,570,1,单品,2,https://ribenyan.com/index.php?m=goods&a=list&brand=35&goods_type=1&ftype=2
225,WIN 1mg,WIN/,外国香烟,430,1,单品,2,https://ribenyan.com/index.php?m=goods&a=list&brand=36&goods_type=1&ftype=2
226,WIN 3mg,WIN/,外国香烟,430,1,单品,2,https://ribenyan.com/index.php?m=goods&a=list&brand=36&goods_type=1&ftype=2
227,WIN 5mg,WIN/,外国香烟,430,1,单品,2,https://ribenyan.com/index.php?m=goods&a=list&brand=36&goods_type=1&ftype=2
241,中华 硬盒,中华/,外国香烟,630,1,单品,2,https://ribenyan.com/index.php?m=goods&a=list&brand=49&goods_type=1&ftype=2
441,中华 软盒,中华/,外国香烟,1050,1,单品,2,https://ribenyan.com/index.php?m=goods&a=list&brand=49&goods_type=1&ftype=2
245,中南海 ONE 薄荷 1mg,中南海/,外国香烟,500,1,单品,2,https://ribenyan.com/index.php?m=goods&a=list&brand=50&goods_type=1&ftype=2
244,中南海 ONE 1mg,中南海/,外国香烟,520,1,单品,2,https://ribenyan.com/index.php?m=goods&a=list&brand=50&goods_type=1&ftype=2
242,中南海 超淡 3mg,中南海/,外国香烟,520,1,单品,2,https://ribenyan.com/index.php?m=goods&a=list&brand=50&goods_type=1&ftype=2
243,中南海 淡味 8mg,中南海/,外国香烟,520,1,单品,2,https://ribenyan.com/index.php?m=goods&a=list&brand=50&goods_type=1&ftype=2
336,中南海 5mg 长支,中南海/,外国香烟,530,1,单品,2,https://ribenyan.com/index.php?m=goods&a=list&brand=50&goods_type=1&ftype=2
287,双喜/DoubleHappiness 薄荷,双喜/DoubleHappiness,外国香烟,470,1,单品,2,https://ribenyan.com/index.php?m=goods&a=list&brand=20&goods_type=1&ftype=2
284,双喜/DoubleHappiness 16支 原味,双喜/DoubleHappiness,外国香烟,380,1,单品,2,https://ribenyan.com/index.php?m=goods&a=list&brand=20&goods_type=1&ftype=2
286,双喜/DoubleHappiness 原味,双喜/DoubleHappiness,外国香烟,470,1,单品,2,https://ribenyan.com/index.php?m=goods&a=list&brand=20&goods_type=1&ftype=2
285,双喜/DoubleHappiness 16支 淡味,双喜/DoubleHappiness,外国香烟,380,1,单品,2,https://ribenyan.com/index.php?m=goods&a=list&brand=20&goods_type=1&ftype=2
288,双喜/DoubleHappiness 淡味,双喜/DoubleHappiness,外国香烟,470,1,单品,2,https://ribenyan.com/index.php?m=goods&a=list&brand=20&goods_type=1&ftype=2
347,阿里山 MUSE 5mg 蜜瓜薄荷 硬盒 ,阿里山/,外国香烟,480,1,单品,2,https://ribenyan.com/index.php?m=goods&a=list&brand=37&goods_type=1&ftype=2
1022,阿里山 MUSE 薄荷&蜜桃双爆珠 5mg,阿里山/,外国香烟,580,1,单品,2,https://ribenyan.com/index.php?m=goods&a=list&brand=37&goods_type=1&ftype=2
348,阿里山 景泰典蓝 软盒,阿里山/,外国香烟,800,1,单品,2,https://ribenyan.com/index.php?m=goods&a=list&brand=37&goods_type=1&ftype=2
1021,阿里山 彩韵 橙味爆珠 7mg,阿里山/,外国香烟,600,1,单品,2,https://ribenyan.com/index.php?m=goods&a=list&brand=37&goods_type=1&ftype=2
131,阿里山 景泰典蓝 中支 硬盒,阿里山/,外国香烟,600,1,单品,2,https://ribenyan.com/index.php?m=goods&a=list&brand=37&goods_type=1&ftype=2
349,阿里山 景泰典蓝 硬盒,阿里山/,外国香烟,520,1,单品,2,https://ribenyan.com/index.php?m=goods&a=list&brand=37&goods_type=1&ftype=2
1020,阿里山 彩韵 蜜瓜爆珠 7mg,阿里山/,外国香烟,600,1,单品,2,https://ribenyan.com/index.php?m=goods&a=list&brand=37&goods_type=1&ftype=2
346,阿里山 MUSE 8mg 硬盒,阿里山/,外国香烟,430,1,单品,2,https://ribenyan.com/index.php?m=goods&a=list&brand=37&goods_type=1&ftype=2
345,阿里山 MUSE 4mg 硬盒,阿里山/,外国香烟,430,1,单品,2,https://ribenyan.com/index.php?m=goods&a=list&brand=37&goods_type=1&ftype=2
948,黄鹤楼 四季,黄鹤楼/,外国香烟,770,1,单品,2,https://ribenyan.com/index.php?m=goods&a=list&brand=125&goods_type=1&ftype=2
363,骆驼/Camel 蓝莓爆珠 Berry Option Ploom用,Camel/骆驼,雪茄,530,2,单品,3,https://ribenyan.com/index.php?m=goods&a=list&brand=7&goods_type=2&ftype=3
368,骆驼/Camel 浓原味 Rich Ploom用,Camel/骆驼,雪茄,530,2,单品,3,https://ribenyan.com/index.php?m=goods&a=list&brand=7&goods_type=2&ftype=3
364,骆驼/Camel 浓薄荷 Menthol Cold Ploom用,Camel/骆驼,雪茄,530,2,单品,3,https://ribenyan.com/index.php?m=goods&a=list&brand=7&goods_type=2&ftype=3
367,骆驼/Camel 麝香葡萄 Menthol Muscat Ploom用,Camel/骆驼,雪茄,530,2,单品,3,https://ribenyan.com/index.php?m=goods&a=list&brand=7&goods_type=2&ftype=3
366,骆驼/Camel 蓝莓薄荷 Menthol Berry Ploom用,Camel/骆驼,雪茄,530,2,单品,3,https://ribenyan.com/index.php?m=goods&a=list&brand=7&goods_type=2&ftype=3
362,骆驼/Camel 淡原味 Smooth Ploom用,Camel/骆驼,雪茄,530,2,单品,3,https://ribenyan.com/index.php?m=goods&a=list&brand=7&goods_type=2&ftype=3
365,骆驼/Camel 淡薄荷 Menthol Fresh Ploom用,Camel/骆驼,雪茄,530,2,单品,3,https://ribenyan.com/index.php?m=goods&a=list&brand=7&goods_type=2&ftype=3
359,Evo Tropical Banana Crystal,EVO/,雪茄,580,2,单品,3,https://ribenyan.com/index.php?m=goods&a=list&brand=51&goods_type=2&ftype=3
360,Evo Tropical Berry Crystal,EVO/,雪茄,580,2,单品,3,https://ribenyan.com/index.php?m=goods&a=list&brand=51&goods_type=2&ftype=3
984,Evo Sakura Regular,EVO/,雪茄,580,2,单品,3,https://ribenyan.com/index.php?m=goods&a=list&brand=51&goods_type=2&ftype=3
361,Evo Berry Crystal,EVO/,雪茄,580,2,单品,3,https://ribenyan.com/index.php?m=goods&a=list&brand=51&goods_type=2&ftype=3
765,Evo Hachimitsu Lemon Crystal,EVO/,雪茄,580,2,单品,3,https://ribenyan.com/index.php?m=goods&a=list&brand=51&goods_type=2&ftype=3
763,Evo Black Menthol,EVO/,雪茄,580,2,单品,3,https://ribenyan.com/index.php?m=goods&a=list&brand=51&goods_type=2&ftype=3
358,Evo Deep Regular,EVO/,雪茄,580,2,单品,3,https://ribenyan.com/index.php?m=goods&a=list&brand=51&goods_type=2&ftype=3
357,Evo Cold Menthol,EVO/,雪茄,580,2,单品,3,https://ribenyan.com/index.php?m=goods&a=list&brand=51&goods_type=2&ftype=3
764,Evo Fresh Mint,EVO/,雪茄,580,2,单品,3,https://ribenyan.com/index.php?m=goods&a=list&brand=51&goods_type=2&ftype=3
399,健牌/箭牌/Kent True Berry Boost Hyper专用,Kent/健牌/箭牌,雪茄,520,2,单品,3,https://ribenyan.com/index.php?m=goods&a=list&brand=44&goods_type=2&ftype=3
398,健牌/箭牌/Kent True Tobacco Hyper专用,Kent/健牌/箭牌,雪茄,520,2,单品,3,https://ribenyan.com/index.php?m=goods&a=list&brand=44&goods_type=2&ftype=3
401,健牌/箭牌/Kent True Rich Tobacco Hyper专用,Kent/健牌/箭牌,雪茄,520,2,单品,3,https://ribenyan.com/index.php?m=goods&a=list&brand=44&goods_type=2&ftype=3
402,健牌/箭牌/Kent True Rich Menthol Hyper专用,Kent/健牌/箭牌,雪茄,520,2,单品,3,https://ribenyan.com/index.php?m=goods&a=list&brand=44&goods_type=2&ftype=3
691,Kent Neostick Bright Tobacco JW,Kent/健牌/箭牌,雪茄,580,2,单品,3,https://ribenyan.com/index.php?m=goods&a=list&brand=44&goods_type=2&ftype=3
400,健牌/箭牌/Kent True Menthol Hyper专用,Kent/健牌/箭牌,雪茄,520,2,单品,3,https://ribenyan.com/index.php?m=goods&a=list&brand=44&goods_type=2&ftype=3
692,Kent Neostick Smooth Fresh JW,Kent/健牌/箭牌,雪茄,580,2,单品,3,https://ribenyan.com/index.php?m=goods&a=list&brand=44&goods_type=2&ftype=3
693,Kent Neostick Intensely Fresh JW,Kent/健牌/箭牌,雪茄,580,2,单品,3,https://ribenyan.com/index.php?m=goods&a=list&brand=44&goods_type=2&ftype=3
694,Kent Neostick Mint Boost XW,Kent/健牌/箭牌,雪茄,550,2,单品,3,https://ribenyan.com/index.php?m=goods&a=list&brand=44&goods_type=2&ftype=3
415,好彩/LuckyStrike Tropical Boost Hyper专用 C,LuckyStrike/好彩,雪茄,480,2,单品,3,https://ribenyan.com/index.php?m=goods&a=list&brand=41&goods_type=2&ftype=3
417,好彩/LuckyStrike Berry Boost Hyper专用 C,LuckyStrike/好彩,雪茄,480,2,单品,3,https://ribenyan.com/index.php?m=goods&a=list&brand=41&goods_type=2&ftype=3
420,好彩/LuckyStrike Rich Tobacco Hyper专用 C,LuckyStrike/好彩,雪茄,480,2,单品,3,https://ribenyan.com/index.php?m=goods&a=list&brand=41&goods_type=2&ftype=3
412,好彩/LuckyStrike Dark Tobacco Hyper专用 C,LuckyStrike/好彩,雪茄,480,2,单品,3,https://ribenyan.com/index.php?m=goods&a=list&brand=41&goods_type=2&ftype=3
413,好彩/LuckyStrike Dark Menthol Hyper专用 C,LuckyStrike/好彩,雪茄,480,2,单品,3,https://ribenyan.com/index.php?m=goods&a=list&brand=41&goods_type=2&ftype=3
418,好彩/LuckyStrike Berry Menthol Hyper专用 C,LuckyStrike/好彩,雪茄,480,2,单品,3,https://ribenyan.com/index.php?m=goods&a=list&brand=41&goods_type=2&ftype=3
419,好彩/LuckyStrike Menthol Hyper专用 C,LuckyStrike/好彩,雪茄,480,2,单品,3,https://ribenyan.com/index.php?m=goods&a=list&brand=41&goods_type=2&ftype=3
414,好彩/LuckyStrike Tropical Switch Hyper专用,LuckyStrike/好彩,雪茄,480,2,单品,3,https://ribenyan.com/index.php?m=goods&a=list&brand=41&goods_type=2&ftype=3
416,好彩/LuckyStrike Berry Switch Hyper专用,LuckyStrike/好彩,雪茄,480,2,单品,3,https://ribenyan.com/index.php?m=goods&a=list&brand=41&goods_type=2&ftype=3
378,梅比乌斯/MEVIUS 蓝莓爆珠 Berry Option Ploom用,MEVIUS/梅比乌斯,雪茄,550,2,单品,3,https://ribenyan.com/index.php?m=goods&a=list&brand=2&goods_type=2&ftype=3
376,梅比乌斯/MEVIUS 黑薄荷 Black Cold Menthol Ploom用,MEVIUS/梅比乌斯,雪茄,550,2,单品,3,https://ribenyan.com/index.php?m=goods&a=list&brand=2&goods_type=2&ftype=3
369,梅比乌斯/MEVIUS 苹果爆珠 Apple Option Ploom用,MEVIUS/梅比乌斯,雪茄,550,2,单品,3,https://ribenyan.com/index.php?m=goods&a=list&brand=2&goods_type=2&ftype=3
370,梅比乌斯/MEVIUS 浓香原味 Aroma Rich Regular Ploom用,MEVIUS/梅比乌斯,雪茄,550,2,单品,3,https://ribenyan.com/index.php?m=goods&a=list&brand=2&goods_type=2&ftype=3
372,梅比乌斯/MEVIUS 柠檬爆珠 Citrus Option Ploom用,MEVIUS/梅比乌斯,雪茄,550,2,单品,3,https://ribenyan.com/index.php?m=goods&a=list&brand=2&goods_type=2&ftype=3
374,梅比乌斯/MEVIUS 淡原味 Smooth Regular Ploom用,MEVIUS/梅比乌斯,雪茄,550,2,单品,3,https://ribenyan.com/index.php?m=goods&a=list&brand=2&goods_type=2&ftype=3
375,梅比乌斯/MEVIUS 浓原味 Deep Regular Ploom用,MEVIUS/梅比乌斯,雪茄,550,2,单品,3,https://ribenyan.com/index.php?m=goods&a=list&brand=2&goods_type=2&ftype=3
379,梅比乌斯/MEVIUS 麝香葡萄爆珠 Muscat Option Ploom用,MEVIUS/梅比乌斯,雪茄,550,2,单品,3,https://ribenyan.com/index.php?m=goods&a=list&brand=2&goods_type=2&ftype=3
377,梅比乌斯/MEVIUS 梨爆珠 Pear Option Ploom用,MEVIUS/梅比乌斯,雪茄,550,2,单品,3,https://ribenyan.com/index.php?m=goods&a=list&brand=2&goods_type=2&ftype=3
380,梅比乌斯/MEVIUS 混合薄荷 Mix Mint Menthol Ploom用,MEVIUS/梅比乌斯,雪茄,550,2,单品,3,https://ribenyan.com/index.php?m=goods&a=list&brand=2&goods_type=2&ftype=3
371,梅比乌斯/MEVIUS 淡薄荷 Cold Menthol Ploom用,MEVIUS/梅比乌斯,雪茄,550,2,单品,3,https://ribenyan.com/index.php?m=goods&a=list&brand=2&goods_type=2&ftype=3
373,梅比乌斯/MEVIUS 浓薄荷 Sharp Cold Menthol Ploom用,MEVIUS/梅比乌斯,雪茄,550,2,单品,3,https://ribenyan.com/index.php?m=goods&a=list&brand=2&goods_type=2&ftype=3
409,NEO Brilliant Muscat,NEO/,雪茄,530,2,单品,3,https://ribenyan.com/index.php?m=goods&a=list&brand=13&goods_type=2&ftype=3
407,NEO Brilliant Tropical Hyper专用,NEO/,雪茄,530,2,单品,3,https://ribenyan.com/index.php?m=goods&a=list&brand=13&goods_type=2&ftype=3
410,NEO Brilliant Red Fruits Hyper专用,NEO/,雪茄,530,2,单品,3,https://ribenyan.com/index.php?m=goods&a=list&brand=13&goods_type=2&ftype=3
411,NEO Brilliant Wildberry,NEO/,雪茄,530,2,单品,3,https://ribenyan.com/index.php?m=goods&a=list&brand=13&goods_type=2&ftype=3
403,NEO Arctic Menthol Hyper专用,NEO/,雪茄,530,2,单品,3,https://ribenyan.com/index.php?m=goods&a=list&brand=13&goods_type=2&ftype=3
404,NEO Iced Menthol Hyper专用,NEO/,雪茄,530,2,单品,3,https://ribenyan.com/index.php?m=goods&a=list&brand=13&goods_type=2&ftype=3
405,NEO Classic Tobacco Hyper专用,NEO/,雪茄,530,2,单品,3,https://ribenyan.com/index.php?m=goods&a=list&brand=13&goods_type=2&ftype=3
129,NEO Brilliant Berry (glo hyper),NEO/,雪茄,530,2,单品,3,https://ribenyan.com/index.php?m=goods&a=list&brand=13&goods_type=2&ftype=3
406,NEO Chilled Menthol Hyper专用,NEO/,雪茄,530,2,单品,3,https://ribenyan.com/index.php?m=goods&a=list&brand=13&goods_type=2&ftype=3
701,Neo Chilled Menthol for hyper F,NEO/,雪茄,530,2,单品,3,https://ribenyan.com/index.php?m=goods&a=list&brand=13&goods_type=2&ftype=3
386,SENTIA 西瓜冰 Juicy Red,SENTIA/,雪茄,570,2,单品,3,https://ribenyan.com/index.php?m=goods&a=list&brand=31&goods_type=2&ftype=3
387,SENTIA 柔和原味 Smooth Gold E,SENTIA/,雪茄,570,2,单品,3,https://ribenyan.com/index.php?m=goods&a=list&brand=31&goods_type=2&ftype=3
389,SENTIA 超浓原味 Deep Bronze E,SENTIA/,雪茄,570,2,单品,3,https://ribenyan.com/index.php?m=goods&a=list&brand=31&goods_type=2&ftype=3
993,SENTIA 紫色爆珠 Purple Capsule,SENTIA/,雪茄,570,2,单品,3,https://ribenyan.com/index.php?m=goods&a=list&brand=31&goods_type=2&ftype=3
391,SENTIA 淡香草原味 Balanced Yellow E,SENTIA/,雪茄,570,2,单品,3,https://ribenyan.com/index.php?m=goods&a=list&brand=31&goods_type=2&ftype=3
393,SENTIA 浓原味 Pure Teak E,SENTIA/,雪茄,570,2,单品,3,https://ribenyan.com/index.php?m=goods&a=list&brand=31&goods_type=2&ftype=3
390,SENTIA 热带水果 Tropical Yellow E,SENTIA/,雪茄,570,2,单品,3,https://ribenyan.com/index.php?m=goods&a=list&brand=31&goods_type=2&ftype=3
397,SENTIA 浓薄荷 Frost Green E,SENTIA/,雪茄,570,2,单品,3,https://ribenyan.com/index.php?m=goods&a=list&brand=31&goods_type=2&ftype=3
381,SENTIA 黑蓝莓 Icy Purple E,SENTIA/,雪茄,570,2,单品,3,https://ribenyan.com/index.php?m=goods&a=list&brand=31&goods_type=2&ftype=3
277,SENTIA 黑薄荷 Ice Black E,SENTIA/,雪茄,570,2,单品,3,https://ribenyan.com/index.php?m=goods&a=list&brand=31&goods_type=2&ftype=3
396,SENTIA 蓝莓 Fresh Purple,SENTIA/,雪茄,570,2,单品,3,https://ribenyan.com/index.php?m=goods&a=list&brand=31&goods_type=2&ftype=3
384,SENTIA 坚果 Clear Silver E,SENTIA/,雪茄,570,2,单品,3,https://ribenyan.com/index.php?m=goods&a=list&brand=31&goods_type=2&ftype=3
385,SENTIA 青柠 Citrus Green E,SENTIA/,雪茄,570,2,单品,3,https://ribenyan.com/index.php?m=goods&a=list&brand=31&goods_type=2&ftype=3
766,SENTIA Icy Red,SENTIA/,雪茄,570,2,单品,3,https://ribenyan.com/index.php?m=goods&a=list&brand=31&goods_type=2&ftype=3
388,SENTIA 紫罗兰 Smooth Violet,SENTIA/,雪茄,570,2,单品,3,https://ribenyan.com/index.php?m=goods&a=list&brand=31&goods_type=2&ftype=3
395,SENTIA 珊瑚橙 Fresh Coral,SENTIA/,雪茄,570,2,单品,3,https://ribenyan.com/index.php?m=goods&a=list&brand=31&goods_type=2&ftype=3
383,SENTIA 薄荷 Cool Jade E,SENTIA/,雪茄,570,2,单品,3,https://ribenyan.com/index.php?m=goods&a=list&brand=31&goods_type=2&ftype=3
394,SENTIA 温和薄荷 Fresh Emerald,SENTIA/,雪茄,570,2,单品,3,https://ribenyan.com/index.php?m=goods&a=list&brand=31&goods_type=2&ftype=3
113,TEREA 百香果爆珠/绿洲爆珠 Oasis Pearl E,TEREA/,雪茄,620,2,单品,3,https://ribenyan.com/index.php?m=goods&a=list&brand=12&goods_type=2&ftype=3
114,TEREA 西瓜爆珠 Sun Pearl E,TEREA/,雪茄,620,2,单品,3,https://ribenyan.com/index.php?m=goods&a=list&brand=12&goods_type=2&ftype=3
279,TEREA 浓原味 Regular E,TEREA/,雪茄,620,2,单品,3,https://ribenyan.com/index.php?m=goods&a=list&brand=12&goods_type=2&ftype=3
1010,TEREA Blossom Pearl,TEREA/,雪茄,620,2,单品,3,https://ribenyan.com/index.php?m=goods&a=list&brand=12&goods_type=2&ftype=3
429,TEREA 青提爆珠 Shine Pearl,TEREA/,雪茄,620,2,单品,3,https://ribenyan.com/index.php?m=goods&a=list&brand=12&goods_type=2&ftype=3
430,TEREA 黑冰水蜜桃/黑蜜桃薄荷 Black Fusia Menthol,TEREA/,雪茄,620,2,单品,3,https://ribenyan.com/index.php?m=goods&a=list&brand=12&goods_type=2&ftype=3
275,TEREA 超浓原味 Rich Regular E,TEREA/,雪茄,620,2,单品,3,https://ribenyan.com/index.php?m=goods&a=list&brand=12&goods_type=2&ftype=3
127,TEREA 黑冰蓝莓 Black Purple Menthol E,TEREA/,雪茄,620,2,单品,3,https://ribenyan.com/index.php?m=goods&a=list&brand=12&goods_type=2&ftype=3
276,TEREA 花香爆珠/樱花爆珠 Riviera Pearl,TEREA/,雪茄,620,2,单品,3,https://ribenyan.com/index.php?m=goods&a=list&brand=12&goods_type=2&ftype=3
120,TEREA 淡原味 Balanced Regular E,TEREA/,雪茄,620,2,单品,3,https://ribenyan.com/index.php?m=goods&a=list&brand=12&goods_type=2&ftype=3
122,TEREA 黑冰阳光/柑橘 Black Sunshine Menthol,TEREA/,雪茄,620,2,单品,3,https://ribenyan.com/index.php?m=goods&a=list&brand=12&goods_type=2&ftype=3
274,TEREA 浓薄荷 Menthol E,TEREA/,雪茄,620,2,单品,3,https://ribenyan.com/index.php?m=goods&a=list&brand=12&goods_type=2&ftype=3
273,TEREA 淡薄荷 Mint E,TEREA/,雪茄,620,2,单品,3,https://ribenyan.com/index.php?m=goods&a=list&brand=12&goods_type=2&ftype=3
116,TEREA 坚果 Smooth Regular E,TEREA/,雪茄,620,2,单品,3,https://ribenyan.com/index.php?m=goods&a=list&brand=12&goods_type=2&ftype=3
579,TEREA 蓝莓爆珠 Velvet Pearl,TEREA/,雪茄,620,2,单品,3,https://ribenyan.com/index.php?m=goods&a=list&brand=12&goods_type=2&ftype=3
128,TEREA 黑冰野莓/黑莓果 Black Ruby Menthol,TEREA/,雪茄,620,2,单品,3,https://ribenyan.com/index.php?m=goods&a=list&brand=12&goods_type=2&ftype=3
126,TEREA 黑冰薄荷 Black Menthol E,TEREA/,雪茄,620,2,单品,3,https://ribenyan.com/index.php?m=goods&a=list&brand=12&goods_type=2&ftype=3
812,TEREA 星光爆珠 Stellar Pearl,TEREA/,雪茄,620,2,单品,3,https://ribenyan.com/index.php?m=goods&a=list&brand=12&goods_type=2&ftype=3
112,TEREA 蓝莓 Purple Menthol E,TEREA/,雪茄,620,2,单品,3,https://ribenyan.com/index.php?m=goods&a=list&brand=12&goods_type=2&ftype=3
121,TEREA 水蜜桃/花香 Fusion Menthol E,TEREA/,雪茄,620,2,单品,3,https://ribenyan.com/index.php?m=goods&a=list&brand=12&goods_type=2&ftype=3
422,TEREA 檀木/雪松 Warm Regular E,TEREA/,雪茄,620,2,单品,3,https://ribenyan.com/index.php?m=goods&a=list&brand=12&goods_type=2&ftype=3
111,TEREA 青柠 Yellow Menthol E,TEREA/,雪茄,620,2,单品,3,https://ribenyan.com/index.php?m=goods&a=list&brand=12&goods_type=2&ftype=3
278,TEREA 红宝石/梅子原味 Ruby Regular E,TEREA/,雪茄,620,2,单品,3,https://ribenyan.com/index.php?m=goods&a=list&brand=12&goods_type=2&ftype=3
124,TEREA 黑冰青柠/黑柠檬 Black Yellow Menthol E,TEREA/,雪茄,620,2,单品,3,https://ribenyan.com/index.php?m=goods&a=list&brand=12&goods_type=2&ftype=3
117,TEREA 热带水果 Tropical Menthol E,TEREA/,雪茄,620,2,单品,3,https://ribenyan.com/index.php?m=goods&a=list&brand=12&goods_type=2&ftype=3
689,TEREA 柠檬 Clear Regular,TEREA/,雪茄,620,2,单品,3,https://ribenyan.com/index.php?m=goods&a=list&brand=12&goods_type=2&ftype=3
435,TEREA 洋梨 Bright Menthol E,TEREA/,雪茄,620,2,单品,3,https://ribenyan.com/index.php?m=goods&a=list&brand=12&goods_type=2&ftype=3
574,Virto Berry Click,VIRTO/,雪茄,580,2,单品,3,https://ribenyan.com/index.php?m=goods&a=list&brand=74&goods_type=2&ftype=3
576,Virto Melon Click,VIRTO/,雪茄,580,2,单品,3,https://ribenyan.com/index.php?m=goods&a=list&brand=74&goods_type=2&ftype=3
932,Virto Bright Cherry Click,VIRTO/,雪茄,580,2,单品,3,https://ribenyan.com/index.php?m=goods&a=list&brand=74&goods_type=2&ftype=3
570,Virto Iced Berry Click,VIRTO/,雪茄,580,2,单品,3,https://ribenyan.com/index.php?m=goods&a=list&brand=74&goods_type=2&ftype=3
572,Virto Dark Tobacco,VIRTO/,雪茄,580,2,单品,3,https://ribenyan.com/index.php?m=goods&a=list&brand=74&goods_type=2&ftype=3
577,Virto Menthol Click,VIRTO/,雪茄,580,2,单品,3,https://ribenyan.com/index.php?m=goods&a=list&brand=74&goods_type=2&ftype=3
571,Virto Iced Menthol Click,VIRTO/,雪茄,580,2,单品,3,https://ribenyan.com/index.php?m=goods&a=list&brand=74&goods_type=2&ftype=3
573,Virto Balanced Tobacco,VIRTO/,雪茄,580,2,单品,3,https://ribenyan.com/index.php?m=goods&a=list&brand=74&goods_type=2&ftype=3
575,Virto Mint Click,VIRTO/,雪茄,580,2,单品,3,https://ribenyan.com/index.php?m=goods&a=list&brand=74&goods_type=2&ftype=3
923,glo Hyper Pro 曜石黑,glo/,其他,4270,9,9,7,https://ribenyan.com/index.php?m=goods&a=list&brand=120&goods_type=9&ftype=7
922,glo Hyper Pro 天青蓝,glo/,其他,4270,9,9,7,https://ribenyan.com/index.php?m=goods&a=list&brand=120&goods_type=9&ftype=7
751,IQOS ILUMA i Prime 翻盖 午夜黑,IQOS/,其他,13980,9,9,7,https://ribenyan.com/index.php?m=goods&a=list&brand=52&goods_type=9&ftype=7
759,IQOS ILUMA i ONE 一体机 午夜黑 新款,IQOS/,其他,6980,9,9,7,https://ribenyan.com/index.php?m=goods&a=list&brand=52&goods_type=9&ftype=7
757,IQOS ILUMA i ONE 一体机 微风蓝 新款,IQOS/,其他,6780,9,9,7,https://ribenyan.com/index.php?m=goods&a=list&brand=52&goods_type=9&ftype=7
745,IQOS ILUMA i 侧开 午夜黑,IQOS/,其他,10980,9,9,7,https://ribenyan.com/index.php?m=goods&a=list&brand=52&goods_type=9&ftype=7
750,IQOS ILUMA i Prime 翻盖 微风蓝,IQOS/,其他,13780,9,9,7,https://ribenyan.com/index.php?m=goods&a=list&brand=52&goods_type=9&ftype=7
744,IQOS ILUMA i 侧开 微风蓝,IQOS/,其他,10780,9,9,7,https://ribenyan.com/index.php?m=goods&a=list&brand=52&goods_type=9&ftype=7
752,IQOS ILUMA i Prime 翻盖 山杨青,IQOS/,其他,14580,9,9,7,https://ribenyan.com/index.php?m=goods&a=list&brand=52&goods_type=9&ftype=7
761,IQOS ILUMA i 侧开 银河蓝限量版,IQOS/,其他,12980,9,9,7,https://ribenyan.com/index.php?m=goods&a=list&brand=52&goods_type=9&ftype=7
749,IQOS ILUMA i Prime 翻盖 石榴红,IQOS/,其他,14980,9,9,7,https://ribenyan.com/index.php?m=goods&a=list&brand=52&goods_type=9&ftype=7
738,IQOS ILUMA i 侧开 电光紫,IQOS/,其他,11580,9,9,7,https://ribenyan.com/index.php?m=goods&a=list&brand=52&goods_type=9&ftype=7
760,IQOS ILUMA i PRIME 翻盖 电光紫,IQOS/,其他,14980,9,9,7,https://ribenyan.com/index.php?m=goods&a=list&brand=52&goods_type=9&ftype=7
814,IQOS ILUMA i 侧开 叶片绿,IQOS/,其他,10980,9,9,7,https://ribenyan.com/index.php?m=goods&a=list&brand=52&goods_type=9&ftype=7
943,IQOS ILUMA i 侧开 数电紫,IQOS/,其他,10980,9,9,7,https://ribenyan.com/index.php?m=goods&a=list&brand=52&goods_type=9&ftype=7
804,ploom aura 亮玄黑,ploom/,其他,4280,9,9,7,https://ribenyan.com/index.php?m=goods&a=list&brand=118&goods_type=9&ftype=7
805,ploom aura 深海蓝,ploom/,其他,4280,9,9,7,https://ribenyan.com/index.php?m=goods&a=list&brand=118&goods_type=9&ftype=7
806,ploom aura 玫瑰金,ploom/,其他,4280,9,9,7,https://ribenyan.com/index.php?m=goods&a=list&brand=118&goods_type=9&ftype=7
786,Acrema Blend 20g装,Acrema Blend/,手卷,700,3,单品,4,https://ribenyan.com/index.php?m=goods&a=list&brand=113&goods_type=3&ftype=4
511,Amber Leaf Organic Blend 25g装,Amber Leaf/琥珀,手卷,730,3,单品,4,https://ribenyan.com/index.php?m=goods&a=list&brand=67&goods_type=3&ftype=4
551,Amber Leaf Blonde 25g装,Amber Leaf/琥珀,手卷,700,3,单品,4,https://ribenyan.com/index.php?m=goods&a=list&brand=67&goods_type=3&ftype=4
532,Amsterdamer Grape Ice 25g装,Amsterdamer/阿姆斯特丹,手卷,700,3,单品,4,https://ribenyan.com/index.php?m=goods&a=list&brand=69&goods_type=3&ftype=4
531,Amsterdamer Coffee Ice 25g装,Amsterdamer/阿姆斯特丹,手卷,700,3,单品,4,https://ribenyan.com/index.php?m=goods&a=list&brand=69&goods_type=3&ftype=4
534,Amsterdamer Apple Ice 25g装,Amsterdamer/阿姆斯特丹,手卷,700,3,单品,4,https://ribenyan.com/index.php?m=goods&a=list&brand=69&goods_type=3&ftype=4
542,Amsterdamer Vanilla Ice 25g装,Amsterdamer/阿姆斯特丹,手卷,700,3,单品,4,https://ribenyan.com/index.php?m=goods&a=list&brand=69&goods_type=3&ftype=4
530,Amsterdamer Menthol Ice 25g装,Amsterdamer/阿姆斯特丹,手卷,700,3,单品,4,https://ribenyan.com/index.php?m=goods&a=list&brand=69&goods_type=3&ftype=4
533,Amsterdamer Original 25g装,Amsterdamer/阿姆斯特丹,手卷,700,3,单品,4,https://ribenyan.com/index.php?m=goods&a=list&brand=69&goods_type=3&ftype=4
536,Amsterdamer XXX Honest 25g装,Amsterdamer/阿姆斯特丹,手卷,700,3,单品,4,https://ribenyan.com/index.php?m=goods&a=list&brand=69&goods_type=3&ftype=4
535,Amsterdamer XXX Plain 25g装,Amsterdamer/阿姆斯特丹,手卷,700,3,单品,4,https://ribenyan.com/index.php?m=goods&a=list&brand=69&goods_type=3&ftype=4
540,老船长/Ark Royal Berry Rose Iced Tea Shag 30g装,Ark Royal/老船长,手卷,840,3,单品,4,https://ribenyan.com/index.php?m=goods&a=list&brand=46&goods_type=3&ftype=4
541,老船长/Ark Royal Berry Mix Ice Shag 30g装,Ark Royal/老船长,手卷,840,3,单品,4,https://ribenyan.com/index.php?m=goods&a=list&brand=46&goods_type=3&ftype=4
546,老船长/Ark Royal Vanilla Cream Shag 30g装,Ark Royal/老船长,手卷,840,3,单品,4,https://ribenyan.com/index.php?m=goods&a=list&brand=46&goods_type=3&ftype=4
539,老船长/Ark Royal Berry Rosetea Shag 30g装,Ark Royal/老船长,手卷,840,3,单品,4,https://ribenyan.com/index.php?m=goods&a=list&brand=46&goods_type=3&ftype=4
547,老船长/Ark Royal Paradise Tea Shag 30g装,Ark Royal/老船长,手卷,840,3,单品,4,https://ribenyan.com/index.php?m=goods&a=list&brand=46&goods_type=3&ftype=4
538,老船长/Ark Royal Wineberry Shag 30g装,Ark Royal/老船长,手卷,840,3,单品,4,https://ribenyan.com/index.php?m=goods&a=list&brand=46&goods_type=3&ftype=4
544,老船长/Ark Royal Ice Menthol Shag 30g装,Ark Royal/老船长,手卷,840,3,单品,4,https://ribenyan.com/index.php?m=goods&a=list&brand=46&goods_type=3&ftype=4
545,老船长/Ark Royal Original Shag 30g装,Ark Royal/老船长,手卷,840,3,单品,4,https://ribenyan.com/index.php?m=goods&a=list&brand=46&goods_type=3&ftype=4
549,老船长/Ark Royal Virginia Gold Shag 30g装,Ark Royal/老船长,手卷,880,3,单品,4,https://ribenyan.com/index.php?m=goods&a=list&brand=46&goods_type=3&ftype=4
550,老船长/Ark Royal Pina Colada Shag 30g装,Ark Royal/老船长,手卷,840,3,单品,4,https://ribenyan.com/index.php?m=goods&a=list&brand=46&goods_type=3&ftype=4
537,老船长/Ark Royal Latakia Shag 30g装,Ark Royal/老船长,手卷,880,3,单品,4,https://ribenyan.com/index.php?m=goods&a=list&brand=46&goods_type=3&ftype=4
548,老船长/Ark Royal Turkish Blend Shag 30g装,Ark Royal/老船长,手卷,880,3,单品,4,https://ribenyan.com/index.php?m=goods&a=list&brand=46&goods_type=3&ftype=4
521,Bali Shag Halfzwal 40g装,Bali Shag/巴厘岛,手卷,1210,3,单品,4,https://ribenyan.com/index.php?m=goods&a=list&brand=60&goods_type=3&ftype=4
520,Bali Shag Rounded Virginia 40g装,Bali Shag/巴厘岛,手卷,1210,3,单品,4,https://ribenyan.com/index.php?m=goods&a=list&brand=60&goods_type=3&ftype=4
518,Bali Shag Rich Virginia 40g装,Bali Shag/巴厘岛,手卷,1210,3,单品,4,https://ribenyan.com/index.php?m=goods&a=list&brand=60&goods_type=3&ftype=4
466,Bali Shag Premium Virginia 40g装,Bali Shag/巴厘岛,手卷,1260,3,单品,4,https://ribenyan.com/index.php?m=goods&a=list&brand=60&goods_type=3&ftype=4
669,Bi Bo Fine Cut 40g装,Bi Bo/,手卷,1500,3,单品,4,https://ribenyan.com/index.php?m=goods&a=list&brand=92&goods_type=3&ftype=4
942,Black Hawk Cappuccino 100g 罐装,Black Hawk/黑鹰,手卷,3000,3,单品,4,https://ribenyan.com/index.php?m=goods&a=list&brand=124&goods_type=3&ftype=4
639,Black Spider Shag Coconut Milk 30g装,Black Spider/黑蜘蛛,手卷,830,3,单品,4,https://ribenyan.com/index.php?m=goods&a=list&brand=89&goods_type=3&ftype=4
934,Black Spider Shag Melon Menthol 30g装,Black Spider/黑蜘蛛,手卷,830,3,单品,4,https://ribenyan.com/index.php?m=goods&a=list&brand=89&goods_type=3&ftype=4
652,Black Spider Shag Menthol Max 30g装,Black Spider/黑蜘蛛,手卷,830,3,单品,4,https://ribenyan.com/index.php?m=goods&a=list&brand=89&goods_type=3&ftype=4
630,Black Spider Shag Ice Vanilla 30g装,Black Spider/黑蜘蛛,手卷,830,3,单品,4,https://ribenyan.com/index.php?m=goods&a=list&brand=89&goods_type=3&ftype=4
647,Black Spider Shag Frozen Mojito 30g装,Black Spider/黑蜘蛛,手卷,830,3,单品,4,https://ribenyan.com/index.php?m=goods&a=list&brand=89&goods_type=3&ftype=4
644,Black Spider Shag Tropical Menthol 30g装,Black Spider/黑蜘蛛,手卷,830,3,单品,4,https://ribenyan.com/index.php?m=goods&a=list&brand=89&goods_type=3&ftype=4
635,Black Spider Shag Cafe Vanilla 30g装,Black Spider/黑蜘蛛,手卷,830,3,单品,4,https://ribenyan.com/index.php?m=goods&a=list&brand=89&goods_type=3&ftype=4
656,Black Spider Shag Lemon Tea 30g装,Black Spider/黑蜘蛛,手卷,830,3,单品,4,https://ribenyan.com/index.php?m=goods&a=list&brand=89&goods_type=3&ftype=4
642,Black Spider Shag Cherry Cola 30g装,Black Spider/黑蜘蛛,手卷,830,3,单品,4,https://ribenyan.com/index.php?m=goods&a=list&brand=89&goods_type=3&ftype=4
646,Black Spider Shag Peach 30g装,Black Spider/黑蜘蛛,手卷,830,3,单品,4,https://ribenyan.com/index.php?m=goods&a=list&brand=89&goods_type=3&ftype=4
651,Black Spider Shag Mixed Nuts 30g装,Black Spider/黑蜘蛛,手卷,830,3,单品,4,https://ribenyan.com/index.php?m=goods&a=list&brand=89&goods_type=3&ftype=4
935,Black Spider Shag Orange Peel Menthol 30g装,Black Spider/黑蜘蛛,手卷,830,3,单品,4,https://ribenyan.com/index.php?m=goods&a=list&brand=89&goods_type=3&ftype=4
654,Black Spider Shag Lychee Menthol 30g装,Black Spider/黑蜘蛛,手卷,830,3,单品,4,https://ribenyan.com/index.php?m=goods&a=list&brand=89&goods_type=3&ftype=4
933,Black Spider Shag Strawberry Candy 30g装,Black Spider/黑蜘蛛,手卷,830,3,单品,4,https://ribenyan.com/index.php?m=goods&a=list&brand=89&goods_type=3&ftype=4
643,Black Spider Shag Chocolate 30g装,Black Spider/黑蜘蛛,手卷,830,3,单品,4,https://ribenyan.com/index.php?m=goods&a=list&brand=89&goods_type=3&ftype=4
650,Black Spider Shag Mango Lassi 30g装,Black Spider/黑蜘蛛,手卷,830,3,单品,4,https://ribenyan.com/index.php?m=goods&a=list&brand=89&goods_type=3&ftype=4
638,Black Spider Shag Green Tea 30g装,Black Spider/黑蜘蛛,手卷,830,3,单品,4,https://ribenyan.com/index.php?m=goods&a=list&brand=89&goods_type=3&ftype=4
641,Black Spider Shag Double Rich Custard 30g装,Black Spider/黑蜘蛛,手卷,830,3,单品,4,https://ribenyan.com/index.php?m=goods&a=list&brand=89&goods_type=3&ftype=4
637,Black Spider Shag Kyoho Menthol 30g装,Black Spider/黑蜘蛛,手卷,830,3,单品,4,https://ribenyan.com/index.php?m=goods&a=list&brand=89&goods_type=3&ftype=4
649,Black Spider Shag Marron Glace 30g装,Black Spider/黑蜘蛛,手卷,830,3,单品,4,https://ribenyan.com/index.php?m=goods&a=list&brand=89&goods_type=3&ftype=4
632,Black Spider Shag Afternoon Tea 30g装,Black Spider/黑蜘蛛,手卷,830,3,单品,4,https://ribenyan.com/index.php?m=goods&a=list&brand=89&goods_type=3&ftype=4
655,Black Spider Shag Ramune 30g装,Black Spider/黑蜘蛛,手卷,830,3,单品,4,https://ribenyan.com/index.php?m=goods&a=list&brand=89&goods_type=3&ftype=4
640,Black Spider Shag Ginger Ale 30g装,Black Spider/黑蜘蛛,手卷,830,3,单品,4,https://ribenyan.com/index.php?m=goods&a=list&brand=89&goods_type=3&ftype=4
648,Black Spider Shag Muscat 30g装,Black Spider/黑蜘蛛,手卷,830,3,单品,4,https://ribenyan.com/index.php?m=goods&a=list&brand=89&goods_type=3&ftype=4
633,Black Spider Shag Amazon Guarana 30g装,Black Spider/黑蜘蛛,手卷,830,3,单品,4,https://ribenyan.com/index.php?m=goods&a=list&brand=89&goods_type=3&ftype=4
653,Black Spider Shag Yuzu 30g装,Black Spider/黑蜘蛛,手卷,830,3,单品,4,https://ribenyan.com/index.php?m=goods&a=list&brand=89&goods_type=3&ftype=4
645,Black Spider Shag Virginia Plus 30g装,Black Spider/黑蜘蛛,手卷,830,3,单品,4,https://ribenyan.com/index.php?m=goods&a=list&brand=89&goods_type=3&ftype=4
636,Black Spider Shag Kir Royale 30g装,Black Spider/黑蜘蛛,手卷,830,3,单品,4,https://ribenyan.com/index.php?m=goods&a=list&brand=89&goods_type=3&ftype=4
631,Black Spider Shag Apple Pie 30g装,Black Spider/黑蜘蛛,手卷,830,3,单品,4,https://ribenyan.com/index.php?m=goods&a=list&brand=89&goods_type=3&ftype=4
670,Black Devil Original Shag Coconut Milk 40g装,BlackDevil/黑魔鬼,手卷,1100,3,单品,4,https://ribenyan.com/index.php?m=goods&a=list&brand=43&goods_type=3&ftype=4
680,Blue Note Fine Cut 40g装,Blue Note/蓝色音符,手卷,1500,3,单品,4,https://ribenyan.com/index.php?m=goods&a=list&brand=71&goods_type=3&ftype=4
423,卡布奇诺/Cappuccino 巧克力 40g装,Cappuccino/卡布奇诺,手卷,1260,3,单品,4,https://ribenyan.com/index.php?m=goods&a=list&brand=79&goods_type=3&ftype=4
432,卡布奇诺/Cappuccino 40g装,Cappuccino/卡布奇诺,手卷,1260,3,单品,4,https://ribenyan.com/index.php?m=goods&a=list&brand=79&goods_type=3&ftype=4
476,Choice Kir Royale 30g装,CHOICE/,手卷,830,3,单品,4,https://ribenyan.com/index.php?m=goods&a=list&brand=62&goods_type=3&ftype=4
515,Choice Cafe 30g装,CHOICE/,手卷,830,3,单品,4,https://ribenyan.com/index.php?m=goods&a=list&brand=62&goods_type=3&ftype=4
480,Choice Original 30g装,CHOICE/,手卷,830,3,单品,4,https://ribenyan.com/index.php?m=goods&a=list&brand=62&goods_type=3&ftype=4
481,Choice Rhubarb 30g装,CHOICE/,手卷,830,3,单品,4,https://ribenyan.com/index.php?m=goods&a=list&brand=62&goods_type=3&ftype=4
509,Colts Vanilla 30g装,COLTS/,手卷,850,3,单品,4,https://ribenyan.com/index.php?m=goods&a=list&brand=66&goods_type=3&ftype=4
506,Colts Fruity Jasmine 30g装,COLTS/,手卷,850,3,单品,4,https://ribenyan.com/index.php?m=goods&a=list&brand=66&goods_type=3&ftype=4
508,Colts Green Tea 30g装,COLTS/,手卷,850,3,单品,4,https://ribenyan.com/index.php?m=goods&a=list&brand=66&goods_type=3&ftype=4
505,Colts Lychee 30g装,COLTS/,手卷,850,3,单品,4,https://ribenyan.com/index.php?m=goods&a=list&brand=66&goods_type=3&ftype=4
510,Colts Apple & Cinnamon 30g装,COLTS/,手卷,850,3,单品,4,https://ribenyan.com/index.php?m=goods&a=list&brand=66&goods_type=3&ftype=4
504,Colts 100% Natural 30g装,COLTS/,手卷,850,3,单品,4,https://ribenyan.com/index.php?m=goods&a=list&brand=66&goods_type=3&ftype=4
512,Colts Clear Menthol 30g装,COLTS/,手卷,850,3,单品,4,https://ribenyan.com/index.php?m=goods&a=list&brand=66&goods_type=3&ftype=4
507,Colts Cherry 30g装,COLTS/,手卷,850,3,单品,4,https://ribenyan.com/index.php?m=goods&a=list&brand=66&goods_type=3&ftype=4
598,Colts Smooth Taste 30g装,COLTS/,手卷,850,3,单品,4,https://ribenyan.com/index.php?m=goods&a=list&brand=66&goods_type=3&ftype=4
690,Dora Watermelon 30g装,DORA/,手卷,900,3,单品,4,https://ribenyan.com/index.php?m=goods&a=list&brand=86&goods_type=3&ftype=4
625,Dora Peach Cream 30g装,DORA/,手卷,900,3,单品,4,https://ribenyan.com/index.php?m=goods&a=list&brand=86&goods_type=3&ftype=4
624,Dora Walnut Cream 30g装,DORA/,手卷,900,3,单品,4,https://ribenyan.com/index.php?m=goods&a=list&brand=86&goods_type=3&ftype=4
815,Dora Ice 30g装,DORA/,手卷,900,3,单品,4,https://ribenyan.com/index.php?m=goods&a=list&brand=86&goods_type=3&ftype=4
818,Dora Creme Brulee 30g装,DORA/,手卷,900,3,单品,4,https://ribenyan.com/index.php?m=goods&a=list&brand=86&goods_type=3&ftype=4
816,Dora  Acai 30g装,DORA/,手卷,900,3,单品,4,https://ribenyan.com/index.php?m=goods&a=list&brand=86&goods_type=3&ftype=4
817,Dora Cherry 30g装,DORA/,手卷,900,3,单品,4,https://ribenyan.com/index.php?m=goods&a=list&brand=86&goods_type=3&ftype=4
623,Dora Yellow Virginia 30g装,DORA/,手卷,900,3,单品,4,https://ribenyan.com/index.php?m=goods&a=list&brand=86&goods_type=3&ftype=4
569,Drum 50g装,DRUM/,手卷,1400,3,单品,4,https://ribenyan.com/index.php?m=goods&a=list&brand=73&goods_type=3&ftype=4
674,Flandria Spanish Virginia 25g装,Flandria/佛朗德里亚,手卷,760,3,单品,4,https://ribenyan.com/index.php?m=goods&a=list&brand=93&goods_type=3&ftype=4
672,Flandria Original 25g装,Flandria/佛朗德里亚,手卷,760,3,单品,4,https://ribenyan.com/index.php?m=goods&a=list&brand=93&goods_type=3&ftype=4
677,Flandria Virginia 25g装,Flandria/佛朗德里亚,手卷,760,3,单品,4,https://ribenyan.com/index.php?m=goods&a=list&brand=93&goods_type=3&ftype=4
678,Flandria Vanilla 25g装,Flandria/佛朗德里亚,手卷,760,3,单品,4,https://ribenyan.com/index.php?m=goods&a=list&brand=93&goods_type=3&ftype=4
673,Flandria Gold 25g装,Flandria/佛朗德里亚,手卷,760,3,单品,4,https://ribenyan.com/index.php?m=goods&a=list&brand=93&goods_type=3&ftype=4
679,Flandria Black 25g装,Flandria/佛朗德里亚,手卷,760,3,单品,4,https://ribenyan.com/index.php?m=goods&a=list&brand=93&goods_type=3&ftype=4
675,Flandria Silver 25g装,Flandria/佛朗德里亚,手卷,760,3,单品,4,https://ribenyan.com/index.php?m=goods&a=list&brand=93&goods_type=3&ftype=4
676,Flandria Natural 25g装,Flandria/佛朗德里亚,手卷,760,3,单品,4,https://ribenyan.com/index.php?m=goods&a=list&brand=93&goods_type=3&ftype=4
601,金色混合/Golden Blend's Virginia 30g装,Golden Blend's/金色混合,手卷,900,3,单品,4,https://ribenyan.com/index.php?m=goods&a=list&brand=81&goods_type=3&ftype=4
600,金色混合/Golden Blend's Aromatic Shag 30g装,Golden Blend's/金色混合,手卷,900,3,单品,4,https://ribenyan.com/index.php?m=goods&a=list&brand=81&goods_type=3&ftype=4
443,Golden Virginia 50g装,Golden Virginia/金色佛吉尼亚,手卷,1400,3,单品,4,https://ribenyan.com/index.php?m=goods&a=list&brand=54&goods_type=3&ftype=4
627,Harvest Shag Cherry 30g装,HARVEST/,手卷,830,3,单品,4,https://ribenyan.com/index.php?m=goods&a=list&brand=23&goods_type=3&ftype=4
628,Harvest Shag Vanilla 30g装,HARVEST/,手卷,830,3,单品,4,https://ribenyan.com/index.php?m=goods&a=list&brand=23&goods_type=3&ftype=4
467,Hi-Tabaco Virginia Gold 30g装,Hi-Tabaco/,手卷,1080,3,单品,4,https://ribenyan.com/index.php?m=goods&a=list&brand=61&goods_type=3&ftype=4
468,Hi-Tabaco Non-Additive Premium 30g装,Hi-Tabaco/,手卷,1080,3,单品,4,https://ribenyan.com/index.php?m=goods&a=list&brand=61&goods_type=3&ftype=4
469,Hi-Tabaco Dark Fire 30g装,Hi-Tabaco/,手卷,940,3,单品,4,https://ribenyan.com/index.php?m=goods&a=list&brand=61&goods_type=3&ftype=4
607,JBR Vanilla 30g装,JBR/,手卷,900,3,单品,4,https://ribenyan.com/index.php?m=goods&a=list&brand=82&goods_type=3&ftype=4
608,JBR Blueberry Mint 30g装,JBR/,手卷,900,3,单品,4,https://ribenyan.com/index.php?m=goods&a=list&brand=82&goods_type=3&ftype=4
606,JBR Two Apple 30g装,JBR/,手卷,900,3,单品,4,https://ribenyan.com/index.php?m=goods&a=list&brand=82&goods_type=3&ftype=4
605,JBR Grape 30g装,JBR/,手卷,900,3,单品,4,https://ribenyan.com/index.php?m=goods&a=list&brand=82&goods_type=3&ftype=4
459,伐木工/Lumber Jack Original 25g装,Lumber Jack/伐木工,手卷,700,3,单品,4,https://ribenyan.com/index.php?m=goods&a=list&brand=59&goods_type=3&ftype=4
458,伐木工/Lumber Jack Light 25g装,Lumber Jack/伐木工,手卷,700,3,单品,4,https://ribenyan.com/index.php?m=goods&a=list&brand=59&goods_type=3&ftype=4
560,曼尼顿/Manitou Gold 80g罐装,Manitou/曼尼顿,手卷,2420,3,单品,4,https://ribenyan.com/index.php?m=goods&a=list&brand=72&goods_type=3&ftype=4
561,曼尼顿/Manitou Gold 30g装,Manitou/曼尼顿,手卷,910,3,单品,4,https://ribenyan.com/index.php?m=goods&a=list&brand=72&goods_type=3&ftype=4
562,曼尼顿/Manitou Organic 25g装,Manitou/曼尼顿,手卷,910,3,单品,4,https://ribenyan.com/index.php?m=goods&a=list&brand=72&goods_type=3&ftype=4
460,Pepe Dark Green 30g装,PEPE/,手卷,840,3,单品,4,https://ribenyan.com/index.php?m=goods&a=list&brand=29&goods_type=3&ftype=4
522,Pepe Rich Green 30g装,PEPE/,手卷,840,3,单品,4,https://ribenyan.com/index.php?m=goods&a=list&brand=29&goods_type=3&ftype=4
461,Pepe Organic Shag 30g装,PEPE/,手卷,900,3,单品,4,https://ribenyan.com/index.php?m=goods&a=list&brand=29&goods_type=3&ftype=4
462,Pepe Easy Green 30g装,PEPE/,手卷,840,3,单品,4,https://ribenyan.com/index.php?m=goods&a=list&brand=29&goods_type=3&ftype=4
982,Pepe Rich Green Shag 100g 罐装,PEPE/,手卷,2720,3,单品,4,https://ribenyan.com/index.php?m=goods&a=list&brand=29&goods_type=3&ftype=4
980,Pepe Dark Green Shag 100g 罐装,PEPE/,手卷,2720,3,单品,4,https://ribenyan.com/index.php?m=goods&a=list&brand=29&goods_type=3&ftype=4
983,Pepe Easy Green Shag 100g 罐装,PEPE/,手卷,2720,3,单品,4,https://ribenyan.com/index.php?m=goods&a=list&brand=29&goods_type=3&ftype=4
981,Pepe Organic Shag 100g 罐装,PEPE/,手卷,2720,3,单品,4,https://ribenyan.com/index.php?m=goods&a=list&brand=29&goods_type=3&ftype=4
629,Perfect Blend Fine Cut 40g装,Perfect Blend/完美混合,手卷,1410,3,单品,4,https://ribenyan.com/index.php?m=goods&a=list&brand=88&goods_type=3&ftype=4
519,Pueblo Natural Shag 30g装,PUEBLO/普韦布洛,手卷,900,3,单品,4,https://ribenyan.com/index.php?m=goods&a=list&brand=30&goods_type=3&ftype=4
463,Pueblo Natural Shag Blue 30g装,PUEBLO/普韦布洛,手卷,900,3,单品,4,https://ribenyan.com/index.php?m=goods&a=list&brand=30&goods_type=3&ftype=4
465,Pueblo Natural Shag Orange 30g装,PUEBLO/普韦布洛,手卷,900,3,单品,4,https://ribenyan.com/index.php?m=goods&a=list&brand=30&goods_type=3&ftype=4
464,Pueblo Natural Shag Pink 30g装,PUEBLO/普韦布洛,手卷,900,3,单品,4,https://ribenyan.com/index.php?m=goods&a=list&brand=30&goods_type=3&ftype=4
976,Pueblo Natural Shag 100g装,PUEBLO/普韦布洛,手卷,2900,3,单品,4,https://ribenyan.com/index.php?m=goods&a=list&brand=30&goods_type=3&ftype=4
975,Pueblo Natural Shag Blue 100g装,PUEBLO/普韦布洛,手卷,2900,3,单品,4,https://ribenyan.com/index.php?m=goods&a=list&brand=30&goods_type=3&ftype=4
584,R&W Gold 30g装,R&W/,手卷,1090,3,单品,4,https://ribenyan.com/index.php?m=goods&a=list&brand=75&goods_type=3&ftype=4
582,R&W Premium 30g装,R&W/,手卷,1090,3,单品,4,https://ribenyan.com/index.php?m=goods&a=list&brand=75&goods_type=3&ftype=4
583,R&W Classic 30g装,R&W/,手卷,1090,3,单品,4,https://ribenyan.com/index.php?m=goods&a=list&brand=75&goods_type=3&ftype=4
581,R&W Green 30g装,R&W/,手卷,1090,3,单品,4,https://ribenyan.com/index.php?m=goods&a=list&brand=75&goods_type=3&ftype=4
926,R&W Classic Shag 100g Paper Can,R&W/,手卷,3550,3,单品,4,https://ribenyan.com/index.php?m=goods&a=list&brand=75&goods_type=3&ftype=4
924,R&W Green 100g Paper Can,R&W/,手卷,3550,3,单品,4,https://ribenyan.com/index.php?m=goods&a=list&brand=75&goods_type=3&ftype=4
925,R&W Premium 100g Paper Can,R&W/,手卷,3550,3,单品,4,https://ribenyan.com/index.php?m=goods&a=list&brand=75&goods_type=3&ftype=4
986,红牛/RED BULL Blueberry Mint 40g装,RED BULL/红牛,手卷,1200,3,单品,4,https://ribenyan.com/index.php?m=goods&a=list&brand=130&goods_type=3&ftype=4
990,红牛/RED BULL Two Apple 40g装,RED BULL/红牛,手卷,1200,3,单品,4,https://ribenyan.com/index.php?m=goods&a=list&brand=130&goods_type=3&ftype=4
989,红牛/RED BULL Halfzware Shag 40g装,RED BULL/红牛,手卷,1200,3,单品,4,https://ribenyan.com/index.php?m=goods&a=list&brand=130&goods_type=3&ftype=4
987,红牛/RED BULL Blond Shag 40g装,RED BULL/红牛,手卷,1200,3,单品,4,https://ribenyan.com/index.php?m=goods&a=list&brand=130&goods_type=3&ftype=4
988,红牛/RED BULL Zware Shag 40g装,RED BULL/红牛,手卷,1200,3,单品,4,https://ribenyan.com/index.php?m=goods&a=list&brand=130&goods_type=3&ftype=4
456,红场/Red Field Honey 20g装,RED FiELD/红场,手卷,560,3,单品,4,https://ribenyan.com/index.php?m=goods&a=list&brand=58&goods_type=3&ftype=4
452,红场/Red Field Plum 20g装,RED FiELD/红场,手卷,560,3,单品,4,https://ribenyan.com/index.php?m=goods&a=list&brand=58&goods_type=3&ftype=4
457,红场/Red Field Natural 20g装,RED FiELD/红场,手卷,560,3,单品,4,https://ribenyan.com/index.php?m=goods&a=list&brand=58&goods_type=3&ftype=4
451,红场/Red Field Maple 20g装,RED FiELD/红场,手卷,560,3,单品,4,https://ribenyan.com/index.php?m=goods&a=list&brand=58&goods_type=3&ftype=4
453,红场/Red Field Vanilla Caramel 20g装,RED FiELD/红场,手卷,560,3,单品,4,https://ribenyan.com/index.php?m=goods&a=list&brand=58&goods_type=3&ftype=4
454,红场/Red Field Virginia 20g装,RED FiELD/红场,手卷,560,3,单品,4,https://ribenyan.com/index.php?m=goods&a=list&brand=58&goods_type=3&ftype=4
455,红场/Red Field Arctic Menthol 20g装,RED FiELD/红场,手卷,560,3,单品,4,https://ribenyan.com/index.php?m=goods&a=list&brand=58&goods_type=3&ftype=4
487,Spade New York Blend 20g装,SPADE/,手卷,500,3,单品,4,https://ribenyan.com/index.php?m=goods&a=list&brand=63&goods_type=3&ftype=4
488,Spade Air Blend 20g装,SPADE/,手卷,500,3,单品,4,https://ribenyan.com/index.php?m=goods&a=list&brand=63&goods_type=3&ftype=4
617,Stanley Double Chocolate 25g装,STANLEY/斯坦利,手卷,720,3,单品,4,https://ribenyan.com/index.php?m=goods&a=list&brand=64&goods_type=3&ftype=4
616,Stanley Double Coffee 25g装,STANLEY/斯坦利,手卷,720,3,单品,4,https://ribenyan.com/index.php?m=goods&a=list&brand=64&goods_type=3&ftype=4
613,Stanley Double Apple 25g装,STANLEY/斯坦利,手卷,720,3,单品,4,https://ribenyan.com/index.php?m=goods&a=list&brand=64&goods_type=3&ftype=4
618,Stanley Double Vanilla 25g装,STANLEY/斯坦利,手卷,720,3,单品,4,https://ribenyan.com/index.php?m=goods&a=list&brand=64&goods_type=3&ftype=4
614,Stanley Double Orange 25g装,STANLEY/斯坦利,手卷,720,3,单品,4,https://ribenyan.com/index.php?m=goods&a=list&brand=64&goods_type=3&ftype=4
620,Stanley Double Raspberry 25g装,STANLEY/斯坦利,手卷,720,3,单品,4,https://ribenyan.com/index.php?m=goods&a=list&brand=64&goods_type=3&ftype=4
615,Stanley Double Cassis 25g装,STANLEY/斯坦利,手卷,720,3,单品,4,https://ribenyan.com/index.php?m=goods&a=list&brand=64&goods_type=3&ftype=4
974,Stanley Vanilla 100g 罐装,STANLEY/斯坦利,手卷,2800,3,单品,4,https://ribenyan.com/index.php?m=goods&a=list&brand=64&goods_type=3&ftype=4
612,Stanley Double Ice Mint 25g装,STANLEY/斯坦利,手卷,720,3,单品,4,https://ribenyan.com/index.php?m=goods&a=list&brand=64&goods_type=3&ftype=4
492,Stanley Hazelnut 30g装,STANLEY/斯坦利,手卷,830,3,单品,4,https://ribenyan.com/index.php?m=goods&a=list&brand=64&goods_type=3&ftype=4
619,Stanley Double Hazelnut 25g装,STANLEY/斯坦利,手卷,720,3,单品,4,https://ribenyan.com/index.php?m=goods&a=list&brand=64&goods_type=3&ftype=4
490,Stanley Liquorice 30g装,STANLEY/斯坦利,手卷,830,3,单品,4,https://ribenyan.com/index.php?m=goods&a=list&brand=64&goods_type=3&ftype=4
611,Stanley Double Earl Grey Tea 25g装,STANLEY/斯坦利,手卷,720,3,单品,4,https://ribenyan.com/index.php?m=goods&a=list&brand=64&goods_type=3&ftype=4
493,Stanley Double Licorice 25g装,STANLEY/斯坦利,手卷,720,3,单品,4,https://ribenyan.com/index.php?m=goods&a=list&brand=64&goods_type=3&ftype=4
382,三只狗/Three Dogs Cigar Blend 30g装,Three Dogs/三只狗,手卷,1000,3,单品,4,https://ribenyan.com/index.php?m=goods&a=list&brand=77&goods_type=3&ftype=4
588,三只狗/Three Dogs Latakia Blend 30g装,Three Dogs/三只狗,手卷,1000,3,单品,4,https://ribenyan.com/index.php?m=goods&a=list&brand=77&goods_type=3&ftype=4
440,三只狗/Three Dogs Cavendish Blend 30g装,Three Dogs/三只狗,手卷,1000,3,单品,4,https://ribenyan.com/index.php?m=goods&a=list&brand=77&goods_type=3&ftype=4
589,三只狗/Three Dogs Madagascar Vanilla 30g装,Three Dogs/三只狗,手卷,1000,3,单品,4,https://ribenyan.com/index.php?m=goods&a=list&brand=77&goods_type=3&ftype=4
434,三只狗/Three Dogs Kretek Blend 30g装,Three Dogs/三只狗,手卷,1000,3,单品,4,https://ribenyan.com/index.php?m=goods&a=list&brand=77&goods_type=3&ftype=4
590,三只狗/Three Dogs Perique Blend 30g装,Three Dogs/三只狗,手卷,1000,3,单品,4,https://ribenyan.com/index.php?m=goods&a=list&brand=77&goods_type=3&ftype=4
591,三只狗/Three Dogs Turkish Blend 30g装,Three Dogs/三只狗,手卷,1000,3,单品,4,https://ribenyan.com/index.php?m=goods&a=list&brand=77&goods_type=3&ftype=4
979,TP-77 American Blend 150g装,TP-77/,手卷,3990,3,单品,4,https://ribenyan.com/index.php?m=goods&a=list&brand=129&goods_type=3&ftype=4
977,TP-77 Virginia Blend 150g装,TP-77/,手卷,3990,3,单品,4,https://ribenyan.com/index.php?m=goods&a=list&brand=129&goods_type=3&ftype=4
978,TP-77 Menthol 150g装,TP-77/,手卷,3990,3,单品,4,https://ribenyan.com/index.php?m=goods&a=list&brand=129&goods_type=3&ftype=4
985,TP-77 Omega Menthol 150g装,TP-77/,手卷,3990,3,单品,4,https://ribenyan.com/index.php?m=goods&a=list&brand=129&goods_type=3&ftype=4
687,Wild Bison 35g装,Wild Bison/,手卷,1000,3,单品,4,https://ribenyan.com/index.php?m=goods&a=list&brand=96&goods_type=3&ftype=4
688,Wild Bison 150g装,Wild Bison/,手卷,4200,3,单品,4,https://ribenyan.com/index.php?m=goods&a=list&brand=96&goods_type=3&ftype=4
503,ZIG-ZAG Golden Shag 25g装,ZIG-ZAG/,手卷,680,3,单品,4,https://ribenyan.com/index.php?m=goods&a=list&brand=65&goods_type=3&ftype=4
502,ZIG-ZAG Mint Shag 25g装,ZIG-ZAG/,手卷,680,3,单品,4,https://ribenyan.com/index.php?m=goods&a=list&brand=65&goods_type=3&ftype=4
445,Seven Seas Regular Blend 40g装,7seas/Seven Seas,烟斗丝,1250,4,单品,5,https://ribenyan.com/index.php?m=goods&a=list&brand=55&goods_type=4&ftype=5
446,Seven Seas Cherry 40g装,7seas/Seven Seas,烟斗丝,1250,4,单品,5,https://ribenyan.com/index.php?m=goods&a=list&brand=55&goods_type=4&ftype=5
444,Seven Seas Royal Blend 40g装,7seas/Seven Seas,烟斗丝,1250,4,单品,5,https://ribenyan.com/index.php?m=goods&a=list&brand=55&goods_type=4&ftype=5
447,Seven Seas Gold Blend 40g装,7seas/Seven Seas,烟斗丝,1250,4,单品,5,https://ribenyan.com/index.php?m=goods&a=list&brand=55&goods_type=4&ftype=5
526,Amphora Full Aromatek 50g装,AMPHORA/,烟斗丝,1490,4,单品,5,https://ribenyan.com/index.php?m=goods&a=list&brand=68&goods_type=4&ftype=5
527,Amphora Black Cavendish 50g装,AMPHORA/,烟斗丝,1490,4,单品,5,https://ribenyan.com/index.php?m=goods&a=list&brand=68&goods_type=4&ftype=5
525,Amphora Rich Aroma 50g装,AMPHORA/,烟斗丝,1490,4,单品,5,https://ribenyan.com/index.php?m=goods&a=list&brand=68&goods_type=4&ftype=5
528,Amphora English Blend 50g装,AMPHORA/,烟斗丝,1490,4,单品,5,https://ribenyan.com/index.php?m=goods&a=list&brand=68&goods_type=4&ftype=5
552,老船长/Ark Royal Full Aroma Pipe 50g装,Ark Royal/老船长,烟斗丝,1470,4,单品,5,https://ribenyan.com/index.php?m=goods&a=list&brand=46&goods_type=4&ftype=5
971,Bi Bo Pipe Tobacco 50g装,Bi Bo/,烟斗丝,2950,4,单品,5,https://ribenyan.com/index.php?m=goods&a=list&brand=92&goods_type=4&ftype=5
1012,Bi Bo Pipe Tobacco Other Brother 50g装,Bi Bo/,烟斗丝,3000,4,单品,5,https://ribenyan.com/index.php?m=goods&a=list&brand=92&goods_type=4&ftype=5
559,Blue Note 50g装,Blue Note/蓝色音符,烟斗丝,2950,4,单品,5,https://ribenyan.com/index.php?m=goods&a=list&brand=71&goods_type=4&ftype=5
684,BORKUM RIFF Vanilla 50g装,BORKUM RIFF/,烟斗丝,1590,4,单品,5,https://ribenyan.com/index.php?m=goods&a=list&brand=94&goods_type=4&ftype=5
683,BORKUM RIFF Cherry Cavendish 50g装,BORKUM RIFF/,烟斗丝,1590,4,单品,5,https://ribenyan.com/index.php?m=goods&a=list&brand=94&goods_type=4&ftype=5
681,BORKUM RIFF 50g装,BORKUM RIFF/,烟斗丝,1590,4,单品,5,https://ribenyan.com/index.php?m=goods&a=list&brand=94&goods_type=4&ftype=5
682,BORKUM RIFF Original (原 Ultra Light) 50g装,BORKUM RIFF/,烟斗丝,1590,4,单品,5,https://ribenyan.com/index.php?m=goods&a=list&brand=94&goods_type=4&ftype=5
592,Capito Mellow Light 40g装,CAPITO /,烟斗丝,1350,4,单品,5,https://ribenyan.com/index.php?m=goods&a=list&brand=78&goods_type=4&ftype=5
594,黑船长/Captain Black Gold 42.5g装,Captain Black/黑船长,烟斗丝,1400,4,单品,5,https://ribenyan.com/index.php?m=goods&a=list&brand=80&goods_type=4&ftype=5
597,黑船长/Captain Black Pipe Royal 42.5g装,Captain Black/黑船长,烟斗丝,1400,4,单品,5,https://ribenyan.com/index.php?m=goods&a=list&brand=80&goods_type=4&ftype=5
593,黑船长/Captain Black Original 42.5g装,Captain Black/黑船长,烟斗丝,1400,4,单品,5,https://ribenyan.com/index.php?m=goods&a=list&brand=80&goods_type=4&ftype=5
596,黑船长/Captain Black Pipe Cherry 42.5g装,Captain Black/黑船长,烟斗丝,1400,4,单品,5,https://ribenyan.com/index.php?m=goods&a=list&brand=80&goods_type=4&ftype=5
715,黑船长/Captain Black Pipe Watermelon 42.5g装,Captain Black/黑船长,烟斗丝,1400,4,单品,5,https://ribenyan.com/index.php?m=goods&a=list&brand=80&goods_type=4&ftype=5
595,黑船长/Captain Black Pipe Green Apple 42.5g装,Captain Black/黑船长,烟斗丝,1400,4,单品,5,https://ribenyan.com/index.php?m=goods&a=list&brand=80&goods_type=4&ftype=5
1023,DTM Treasures of Ireland Sligo Bay 50g装,DTM/,烟斗丝,3000,4,单品,5,https://ribenyan.com/index.php?m=goods&a=list&brand=91&goods_type=4&ftype=5
599,金色混合/Golden Blend's Amaretto 50g装,Golden Blend's/金色混合,烟斗丝,1650,4,单品,5,https://ribenyan.com/index.php?m=goods&a=list&brand=81&goods_type=4&ftype=5
603,金色混合/Golden Blend's Vanilla 50g装,Golden Blend's/金色混合,烟斗丝,1650,4,单品,5,https://ribenyan.com/index.php?m=goods&a=list&brand=81&goods_type=4&ftype=5
626,Half and Half 50g装,HALF AND HALF/,烟斗丝,1620,4,单品,5,https://ribenyan.com/index.php?m=goods&a=list&brand=87&goods_type=4&ftype=5
566,马坝/Mac Baren Mixture 50g装,Mac Baren/马坝,烟斗丝,1600,4,单品,5,https://ribenyan.com/index.php?m=goods&a=list&brand=70&goods_type=4&ftype=5
718,桃山/Momoyama 100g装,Momoyama/桃山,烟斗丝,3400,4,单品,5,https://ribenyan.com/index.php?m=goods&a=list&brand=100&goods_type=4&ftype=5
717,桃山/Momoyama 40g装,Momoyama/桃山,烟斗丝,1350,4,单品,5,https://ribenyan.com/index.php?m=goods&a=list&brand=100&goods_type=4&ftype=5
973,Perfect Blend 100g装,Perfect Blend/完美混合,烟斗丝,4900,4,单品,5,https://ribenyan.com/index.php?m=goods&a=list&brand=88&goods_type=4&ftype=5
1024,Pesse Canoe Oriental Flake 50g装,Pesse Canoe/,烟斗丝,3000,4,单品,5,https://ribenyan.com/index.php?m=goods&a=list&brand=132&goods_type=4&ftype=5
1025,Pesse Canoe Latakia Flake - 40 [50g装],Pesse Canoe/,烟斗丝,3000,4,单品,5,https://ribenyan.com/index.php?m=goods&a=list&brand=132&goods_type=4&ftype=5
1026,Pesse Canoe South 50g装,Pesse Canoe/,烟斗丝,3200,4,单品,5,https://ribenyan.com/index.php?m=goods&a=list&brand=132&goods_type=4&ftype=5
1027,Pesse Canoe East 50g装,Pesse Canoe/,烟斗丝,3200,4,单品,5,https://ribenyan.com/index.php?m=goods&a=list&brand=132&goods_type=4&ftype=5
1028,Pesse Canoe West 50g装,Pesse Canoe/,烟斗丝,3200,4,单品,5,https://ribenyan.com/index.php?m=goods&a=list&brand=132&goods_type=4&ftype=5
1029,Pesse Canoe North 50g装,Pesse Canoe/,烟斗丝,3200,4,单品,5,https://ribenyan.com/index.php?m=goods&a=list&brand=132&goods_type=4&ftype=5
1030,Pesse Canoe Latakia Flake - 20 [50g装],Pesse Canoe/,烟斗丝,3000,4,单品,5,https://ribenyan.com/index.php?m=goods&a=list&brand=132&goods_type=4&ftype=5
664,Peterson Flake 50g装,Peterson/彼得森,烟斗丝,2600,4,单品,5,https://ribenyan.com/index.php?m=goods&a=list&brand=90&goods_type=4&ftype=5
657,Peterson Early Morning 50g装,Peterson/彼得森,烟斗丝,2600,4,单品,5,https://ribenyan.com/index.php?m=goods&a=list&brand=90&goods_type=4&ftype=5
665,Peterson My Mixture 965 50g装,Peterson/彼得森,烟斗丝,2600,4,单品,5,https://ribenyan.com/index.php?m=goods&a=list&brand=90&goods_type=4&ftype=5
994,Peterson Old Dublin 50g装,Peterson/彼得森,烟斗丝,2300,4,单品,5,https://ribenyan.com/index.php?m=goods&a=list&brand=90&goods_type=4&ftype=5
659,Peterson Aran 40g装,Peterson/彼得森,烟斗丝,1520,4,单品,5,https://ribenyan.com/index.php?m=goods&a=list&brand=90&goods_type=4&ftype=5
995,Peterson Sherlock Holmes 50g装,Peterson/彼得森,烟斗丝,2300,4,单品,5,https://ribenyan.com/index.php?m=goods&a=list&brand=90&goods_type=4&ftype=5
658,Peterson Irish Dew 40g装,Peterson/彼得森,烟斗丝,1520,4,单品,5,https://ribenyan.com/index.php?m=goods&a=list&brand=90&goods_type=4&ftype=5
667,Peterson Wild Atlantic 40g装,Peterson/彼得森,烟斗丝,1520,4,单品,5,https://ribenyan.com/index.php?m=goods&a=list&brand=90&goods_type=4&ftype=5
671,Peterson Connoisseur's Choice Black,Peterson/彼得森,烟斗丝,1520,4,单品,5,https://ribenyan.com/index.php?m=goods&a=list&brand=90&goods_type=4&ftype=5
716,Promenade 40g装,PROMENADE/,烟斗丝,1350,4,单品,5,https://ribenyan.com/index.php?m=goods&a=list&brand=99&goods_type=4&ftype=5
722,ROCK'N CHAIR 40g装,ROCK'N CHAIR/,烟斗丝,1350,4,单品,5,https://ribenyan.com/index.php?m=goods&a=list&brand=101&goods_type=4&ftype=5
1000,Samuel Gawith Kendal Cream Deluxe flake 50g装,Samuel Gawith/塞缪尔加维,烟斗丝,3200,4,单品,5,https://ribenyan.com/index.php?m=goods&a=list&brand=131&goods_type=4&ftype=5
1001,Samuel Gawith Golden Glow 50g装,Samuel Gawith/塞缪尔加维,烟斗丝,3200,4,单品,5,https://ribenyan.com/index.php?m=goods&a=list&brand=131&goods_type=4&ftype=5
1005,Samuel Gawith Perfection 50g装,Samuel Gawith/塞缪尔加维,烟斗丝,3200,4,单品,5,https://ribenyan.com/index.php?m=goods&a=list&brand=131&goods_type=4&ftype=5
1007,Samuel Gawith Fire Dance Flake 50g装,Samuel Gawith/塞缪尔加维,烟斗丝,3200,4,单品,5,https://ribenyan.com/index.php?m=goods&a=list&brand=131&goods_type=4&ftype=5
999,Samuel Gawith Grousemoor 50g装,Samuel Gawith/塞缪尔加维,烟斗丝,3200,4,单品,5,https://ribenyan.com/index.php?m=goods&a=list&brand=131&goods_type=4&ftype=5
1008,Samuel Gawith Commonwealth 50g装,Samuel Gawith/塞缪尔加维,烟斗丝,3200,4,单品,5,https://ribenyan.com/index.php?m=goods&a=list&brand=131&goods_type=4&ftype=5
1002,Samuel Gawith Skiff Mixture 50g装,Samuel Gawith/塞缪尔加维,烟斗丝,3200,4,单品,5,https://ribenyan.com/index.php?m=goods&a=list&brand=131&goods_type=4&ftype=5
1003,Samuel Gawith Squadron Leader 50g装,Samuel Gawith/塞缪尔加维,烟斗丝,3200,4,单品,5,https://ribenyan.com/index.php?m=goods&a=list&brand=131&goods_type=4&ftype=5
1004,Samuel Gawith Balkan Flake 50g装,Samuel Gawith/塞缪尔加维,烟斗丝,3200,4,单品,5,https://ribenyan.com/index.php?m=goods&a=list&brand=131&goods_type=4&ftype=5
1006,Samuel Gawith Bothy Flake 50g装,Samuel Gawith/塞缪尔加维,烟斗丝,3200,4,单品,5,https://ribenyan.com/index.php?m=goods&a=list&brand=131&goods_type=4&ftype=5
609,SILK ROAD 40g装,SILK ROAD/丝绸之路,烟斗丝,1350,4,单品,5,https://ribenyan.com/index.php?m=goods&a=list&brand=83&goods_type=4&ftype=5
585,SOL Gold 30g装,SOL/,烟斗丝,960,4,单品,5,https://ribenyan.com/index.php?m=goods&a=list&brand=76&goods_type=4&ftype=5
586,SOL Gold 80g装,SOL/,烟斗丝,2480,4,单品,5,https://ribenyan.com/index.php?m=goods&a=list&brand=76&goods_type=4&ftype=5
587,SOL Mint 30g装,SOL/,烟斗丝,960,4,单品,5,https://ribenyan.com/index.php?m=goods&a=list&brand=76&goods_type=4&ftype=5
610,Sweet Dublin 50g装,Sweet Dublin/甜都柏林,烟斗丝,1620,4,单品,5,https://ribenyan.com/index.php?m=goods&a=list&brand=84&goods_type=4&ftype=5
622,Take Your Time 50g装,Take Your Time/,烟斗丝,2950,4,单品,5,https://ribenyan.com/index.php?m=goods&a=list&brand=85&goods_type=4&ftype=5
719,Larsen The Master's Blend 50g装,W.Ø.LARSEN/,烟斗丝,1690,4,单品,5,https://ribenyan.com/index.php?m=goods&a=list&brand=102&goods_type=4&ftype=5
996,Larsen Signature 100g装,W.Ø.LARSEN/,烟斗丝,4700,4,单品,5,https://ribenyan.com/index.php?m=goods&a=list&brand=102&goods_type=4&ftype=5
720,Larsen Fine and Elegant 50g装,W.Ø.LARSEN/,烟斗丝,1690,4,单品,5,https://ribenyan.com/index.php?m=goods&a=list&brand=102&goods_type=4&ftype=5
721,Larsen Mellow and Tasty 50g装,W.Ø.LARSEN/,烟斗丝,1690,4,单品,5,https://ribenyan.com/index.php?m=goods&a=list&brand=102&goods_type=4&ftype=5
450,飞鸟 100g罐装,飞鸟/,烟斗丝,3600,4,单品,5,https://ribenyan.com/index.php?m=goods&a=list&brand=57&goods_type=4&ftype=5
724,阿姆斯特丹/Amsterdamer Original Virginia 30g装,Amsterdamer/阿姆斯特丹,烟丝,550,8,单品,6,https://ribenyan.com/index.php?m=goods&a=list&brand=69&goods_type=8&ftype=6
725,阿姆斯特丹/Amsterdamer Dark Virginia 30g装,Amsterdamer/阿姆斯特丹,烟丝,550,8,单品,6,https://ribenyan.com/index.php?m=goods&a=list&brand=69&goods_type=8&ftype=6
726,阿姆斯特丹/Amsterdamer Bright Virginia 30g装,Amsterdamer/阿姆斯特丹,烟丝,550,8,单品,6,https://ribenyan.com/index.php?m=goods&a=list&brand=69&goods_type=8&ftype=6
733,Bragilian Spirit Classic 20g装,Bragilian Spirit/,烟丝,480,8,单品,6,https://ribenyan.com/index.php?m=goods&a=list&brand=105&goods_type=8&ftype=6
732,Bragilian Spirit American Blend 20g装,Bragilian Spirit/,烟丝,480,8,单品,6,https://ribenyan.com/index.php?m=goods&a=list&brand=105&goods_type=8&ftype=6
734,Bragilian Spirit Dark Fired 20g装,Bragilian Spirit/,烟丝,480,8,单品,6,https://ribenyan.com/index.php?m=goods&a=list&brand=105&goods_type=8&ftype=6
735,Bragilian Spirit Virginia Blend 20g装,Bragilian Spirit/,烟丝,480,8,单品,6,https://ribenyan.com/index.php?m=goods&a=list&brand=105&goods_type=8&ftype=6
727,IROHA 30g装,IROHA/,烟丝,750,8,单品,6,https://ribenyan.com/index.php?m=goods&a=list&brand=103&goods_type=8&ftype=6
737,RYTUA Jatim 25g装,RYTUA/,烟丝,650,8,单品,6,https://ribenyan.com/index.php?m=goods&a=list&brand=104&goods_type=8&ftype=6
736,RYTUA Zambesi 25g装,RYTUA/,烟丝,650,8,单品,6,https://ribenyan.com/index.php?m=goods&a=list&brand=104&goods_type=8&ftype=6
972,大江戸刻 OH·EDO KIZAMI 30g装,大江户刻/,烟丝,1650,8,单品,6,https://ribenyan.com/index.php?m=goods&a=list&brand=128&goods_type=8&ftype=6
730,宝船 Gold 20g装,宝船/,烟丝,590,8,单品,6,https://ribenyan.com/index.php?m=goods&a=list&brand=107&goods_type=8&ftype=6
729,宝船 20g装,宝船/,烟丝,590,8,单品,6,https://ribenyan.com/index.php?m=goods&a=list&brand=107&goods_type=8&ftype=6
728,小粹 10g装,小粹/,烟丝,600,8,单品,6,https://ribenyan.com/index.php?m=goods&a=list&brand=106&goods_type=8&ftype=6
731,松风 30g装,松风/,烟丝,830,8,单品,6,https://ribenyan.com/index.php?m=goods&a=list&brand=108&goods_type=8&ftype=6
