渠道,产品名称,品牌,产品大类,重量(克),含税价¥,克单价¥/g,500g单价¥,20支成本¥
pipeuncle,喇叭手 原味 (带纸),喇叭手,烟丝,18.4,58.5,3.18,1590.0,41.66
pipeuncle,喇叭手 薄荷醇 (带纸),喇叭手,烟丝,18.4,58.5,3.18,1590.0,41.66
pipeuncle,喇叭手 薄荷醇 (带纸),喇叭手,烟丝,18.4,58.5,3.18,1590.0,41.66
pipeuncle,COLTS 清爽薄荷 (带纸),COLTS,烟丝,30.0,48.0,1.6,800.0,22.7
pipeuncle,COLTS 清爽薄荷 (带纸),COLTS,烟丝,30.0,48.0,1.6,800.0,22.7
pipeuncle,COLTS 甜香樱桃 (带纸),COLTS,烟丝,30.0,48.0,1.6,800.0,22.7
pipeuncle,COLTS 甜香樱桃 (带纸),COLTS,烟丝,30.0,48.0,1.6,800.0,22.7
pipeuncle,COLTS 清甜荔枝 (带纸),COLTS,烟丝,30.0,48.0,1.6,800.0,22.7
pipeuncle,COLTS 清甜荔枝 (带纸),COLTS,烟丝,30.0,48.0,1.6,800.0,22.7
pipeuncle,COLTS 果香茉莉 (带纸),COLTS,烟丝,30.0,48.0,1.6,800.0,22.7
pipeuncle,COLTS 果香茉莉 (带纸),COLTS,烟丝,30.0,48.0,1.6,800.0,22.7
pipeuncle,COLTS 清新绿茶 (带纸),COLTS,烟丝,30.0,48.0,1.6,800.0,22.7
pipeuncle,COLTS 清新绿茶 (带纸),COLTS,烟丝,30.0,48.0,1.6,800.0,22.7
pipeuncle,阿姆斯特丹 咖啡冰爽 (带纸),阿姆斯特丹,烟丝,25.0,42.0,1.68,840.0,23.66
pipeuncle,阿姆斯特丹 咖啡冰爽 (带纸),阿姆斯特丹,烟丝,25.0,42.0,1.68,840.0,23.66
pipeuncle,阿姆斯特丹 苹果冰爽 (带纸),阿姆斯特丹,烟丝,25.0,42.0,1.68,840.0,23.66
pipeuncle,阿姆斯特丹 苹果冰爽 (带纸),阿姆斯特丹,烟丝,25.0,42.0,1.68,840.0,23.66
pipeuncle,马霸选择#33 皇家基尔 (带纸),马霸选择,烟丝,30.0,46.5,1.55,775.0,22.1
pipeuncle,马霸选择#33 皇家基尔 (带纸),马霸选择,烟丝,30.0,46.5,1.55,775.0,22.1
pipeuncle,马霸选择#05 芳香 (带纸),马霸选择,烟丝,30.0,46.5,1.55,775.0,22.1
pipeuncle,马霸选择#05 芳香 (带纸),马霸选择,烟丝,30.0,46.5,1.55,775.0,22.1
pipeuncle,巴厘丝 浓郁弗吉尼亚 (带纸),巴厘丝,烟丝,40.0,72.0,1.8,900.0,25.1
pipeuncle,巴厘丝 浓郁弗吉尼亚 (带纸),巴厘丝,烟丝,40.0,72.0,1.8,900.0,25.1
pipeuncle,阿姆斯特丹 薄荷冰爽 (带纸),阿姆斯特丹,烟丝,25.0,42.0,1.68,840.0,23.66
pipeuncle,阿姆斯特丹 薄荷冰爽 (带纸),阿姆斯特丹,烟丝,25.0,42.0,1.68,840.0,23.66
pipeuncle,马霸选择#16 黑巧克力 (带纸),马霸选择,烟丝,30.0,46.5,1.55,775.0,22.1
pipeuncle,马霸选择#16 黑巧克力 (带纸),马霸选择,烟丝,30.0,46.5,1.55,775.0,22.1
pipeuncle,马霸选择#210 苹果 (带纸),马霸选择,烟丝,30.0,46.5,1.55,775.0,22.1
pipeuncle,马霸选择#210 苹果 (带纸),马霸选择,烟丝,30.0,46.5,1.55,775.0,22.1
pipeuncle,马霸选择#225 香草 (带纸),马霸选择,烟丝,30.0,46.5,1.55,775.0,22.1
pipeuncle,马霸选择#225 香草 (带纸),马霸选择,烟丝,30.0,46.5,1.55,775.0,22.1
pipeuncle,马霸选择#247 葡萄 (带纸),马霸选择,烟丝,30.0,46.5,1.55,775.0,22.1
pipeuncle,马霸选择#247 葡萄 (带纸),马霸选择,烟丝,30.0,46.5,1.55,775.0,22.1
pipeuncle,马霸选择#237 樱桃 (带纸),马霸选择,烟丝,30.0,46.5,1.55,775.0,22.1
pipeuncle,马霸选择#237 樱桃 (带纸),马霸选择,烟丝,30.0,46.5,1.55,775.0,22.1
pipeuncle,马霸选择#251 双薄荷 (带纸),马霸选择,烟丝,30.0,46.5,1.55,775.0,22.1
pipeuncle,马霸选择#251 双薄荷 (带纸),马霸选择,烟丝,30.0,46.5,1.55,775.0,22.1
pipeuncle,PS NUMBER 93 阿姆斯特丹 手卷 (袋装 带纸),PS,烟丝,35.0,63.0,1.8,900.0,25.1
pipeuncle,PS NUMBER 93 阿姆斯特丹 手卷 (袋装 带纸),PS,烟丝,35.0,63.0,1.8,900.0,25.1
pipeuncle,阿姆斯特丹 香草冰爽 (带纸),阿姆斯特丹,烟丝,25.0,42.0,1.68,840.0,23.66
pipeuncle,阿姆斯特丹 香草冰爽 (带纸),阿姆斯特丹,烟丝,25.0,42.0,1.68,840.0,23.66
pipeuncle,PS NUMBER 95 斯德哥尔摩 混合 (袋装 带纸),PS,烟丝,35.0,63.0,1.8,900.0,25.1
pipeuncle,PS NUMBER 95 斯德哥尔摩 混合 (袋装 带纸),PS,烟丝,35.0,63.0,1.8,900.0,25.1
pipeuncle,马霸选择#9 咖啡 (带纸),马霸选择,烟丝,30.0,46.5,1.55,775.0,22.1
pipeuncle,马霸选择#9 咖啡 (带纸),马霸选择,烟丝,30.0,46.5,1.55,775.0,22.1
pipeuncle,PS NUMBER 96 伦敦出口 (袋装 带纸),PS,烟丝,35.0,63.0,1.8,900.0,25.1
pipeuncle,PS NUMBER 96 伦敦出口 (袋装 带纸),PS,烟丝,35.0,63.0,1.8,900.0,25.1
pipeuncle,PS NUMBER 94 土耳其出口 (袋装 带纸),PS,烟丝,35.0,63.0,1.8,900.0,25.1
pipeuncle,PS NUMBER 94 土耳其出口 (袋装 带纸),PS,烟丝,35.0,63.0,1.8,900.0,25.1
pipeuncle,PS NUMBER 91 丹麦出口,PS,烟丝,150.0,226.5,1.51,755.0,21.62
pipeuncle,PS NUMBER 91 丹麦出口,PS,烟丝,150.0,226.5,1.51,755.0,21.62
pipeuncle,红田 黑醋栗 (带纸),红田,烟丝,30.0,43.5,1.45,725.0,20.9
pipeuncle,红田 黑醋栗 (带纸),红田,烟丝,30.0,43.5,1.45,725.0,20.9
pipeuncle,红田 樱桃 (带纸),红田,烟丝,30.0,43.5,1.45,725.0,20.9
pipeuncle,红田 樱桃 (带纸),红田,烟丝,30.0,43.5,1.45,725.0,20.9
pipeuncle,红田 苹果 (带纸),红田,烟丝,30.0,43.5,1.45,725.0,20.9
pipeuncle,红田 苹果 (带纸),红田,烟丝,30.0,43.5,1.45,725.0,20.9
pipeuncle,红田 葡萄 (带纸),红田,烟丝,30.0,43.5,1.45,725.0,20.9
pipeuncle,红田 葡萄 (带纸),红田,烟丝,30.0,43.5,1.45,725.0,20.9
pipeuncle,红田 皇家基尔 (带纸),红田,烟丝,30.0,43.5,1.45,725.0,20.9
pipeuncle,红田 皇家基尔 (带纸),红田,烟丝,30.0,43.5,1.45,725.0,20.9
pipeuncle,红田 榛果 (带纸),红田,烟丝,30.0,43.5,1.45,725.0,20.9
pipeuncle,红田 榛果 (带纸),红田,烟丝,30.0,43.5,1.45,725.0,20.9
pipeuncle,PS NUMBER 95 斯德哥尔摩 混合,PS,烟丝,150.0,226.5,1.51,755.0,21.62
pipeuncle,PS NUMBER 95 斯德哥尔摩 混合,PS,烟丝,150.0,226.5,1.51,755.0,21.62
pipeuncle,红田 巧克力 (带纸),红田,烟丝,30.0,43.5,1.45,725.0,20.9
pipeuncle,红田 巧克力 (带纸),红田,烟丝,30.0,43.5,1.45,725.0,20.9
pipeuncle,红田 薄荷 (带纸),红田,烟丝,30.0,43.5,1.45,725.0,20.9
pipeuncle,红田 薄荷 (带纸),红田,烟丝,30.0,43.5,1.45,725.0,20.9
pipeuncle,红田 香蕉 (带纸),红田,烟丝,30.0,43.5,1.45,725.0,20.9
pipeuncle,红田 香蕉 (带纸),红田,烟丝,30.0,43.5,1.45,725.0,20.9
pipeuncle,红田 桃子 (带纸),红田,烟丝,30.0,43.5,1.45,725.0,20.9
pipeuncle,红田 桃子 (带纸),红田,烟丝,30.0,43.5,1.45,725.0,20.9
pipeuncle,红田 巧克力薄荷 (带纸),红田,烟丝,30.0,43.5,1.45,725.0,20.9
pipeuncle,红田 巧克力薄荷 (带纸),红田,烟丝,30.0,43.5,1.45,725.0,20.9
pipeuncle,红田 草莓 (带纸),红田,烟丝,30.0,43.5,1.45,725.0,20.9
pipeuncle,红田 草莓 (带纸),红田,烟丝,30.0,43.5,1.45,725.0,20.9
pipeuncle,红田 柑橘 (带纸),红田,烟丝,30.0,43.5,1.45,725.0,20.9
pipeuncle,红田 柑橘 (带纸),红田,烟丝,30.0,43.5,1.45,725.0,20.9
pipeuncle,红田 芒果 (带纸),红田,烟丝,30.0,43.5,1.45,725.0,20.9
pipeuncle,红田 芒果 (带纸),红田,烟丝,30.0,43.5,1.45,725.0,20.9
pipeuncle,红田 香橙 (带纸),红田,烟丝,30.0,43.5,1.45,725.0,20.9
pipeuncle,红田 香橙 (带纸),红田,烟丝,30.0,43.5,1.45,725.0,20.9
pipeuncle,红田 香草 (带纸),红田,烟丝,30.0,43.5,1.45,725.0,20.9
pipeuncle,红田 香草 (带纸),红田,烟丝,30.0,43.5,1.45,725.0,20.9
pipeuncle,马霸选择#24 朗姆咖啡 (带纸),马霸选择,烟丝,30.0,46.5,1.55,775.0,22.1
pipeuncle,马霸选择#24 朗姆咖啡 (带纸),马霸选择,烟丝,30.0,46.5,1.55,775.0,22.1
pipeuncle,PS NUMBER 93 阿姆斯特丹 手卷,PS,烟丝,150.0,226.5,1.51,755.0,21.62
pipeuncle,PS NUMBER 93 阿姆斯特丹 手卷,PS,烟丝,150.0,226.5,1.51,755.0,21.62
pipeuncle,PS NUMBER 96 伦敦出口,PS,烟丝,150.0,226.5,1.51,755.0,21.62
pipeuncle,PS NUMBER 96 伦敦出口,PS,烟丝,150.0,226.5,1.51,755.0,21.62
pipeuncle,红田 树莓凤梨 (带纸),红田,烟丝,30.0,43.5,1.45,725.0,20.9
pipeuncle,红田 树莓凤梨 (带纸),红田,烟丝,30.0,43.5,1.45,725.0,20.9
pipeuncle,PS NUMBER 91 丹麦出口 (袋装 带纸),PS,烟丝,35.0,63.0,1.8,900.0,25.1
pipeuncle,PS NUMBER 91 丹麦出口 (袋装 带纸),PS,烟丝,35.0,63.0,1.8,900.0,25.1
pipeuncle,红田 伯爵红茶 (带纸),红田,烟丝,30.0,43.5,1.45,725.0,20.9
pipeuncle,红田 伯爵红茶 (带纸),红田,烟丝,30.0,43.5,1.45,725.0,20.9
pipeuncle,手卷精选 2号 (33包套餐),手卷,烟丝,18.4,1732.5,94.16,47080.0,1133.42
pipeuncle,红田 西瓜哈密瓜 (带纸),红田,烟丝,30.0,43.5,1.45,725.0,20.9
pipeuncle,红田 西瓜哈密瓜 (带纸),红田,烟丝,30.0,43.5,1.45,725.0,20.9
pipeuncle,绿GV (金色弗吉尼亚),gv,烟丝,50.0,81.0,1.62,810.0,22.94
pipeuncle,鼓牌蔚蓝 15包 &  鼓牌原味 15包 组合,鼓牌,烟丝,50.0,1815.0,36.3,18150.0,439.1
pipeuncle,明亮黄 (金色弗吉尼亚),gv,烟丝,50.0,81.0,1.62,810.0,22.94
pipeuncle,喇叭手 金色 (带纸),喇叭手,烟丝,18.4,58.5,3.18,1590.0,41.66
pipeuncle,老霍本 黄,老霍本,烟丝,25.0,52.5,2.1,1050.0,28.7
pipeuncle,COLTS 苹果肉桂 (带纸),COLTS,烟丝,30.0,48.0,1.6,800.0,22.7
pipeuncle,COLTS 苹果肉桂 (带纸),COLTS,烟丝,30.0,48.0,1.6,800.0,22.7
pipeuncle,美国精神 原味黄,美国精神,烟丝,30.0,73.5,2.45,1225.0,32.9
pipeuncle,美国精神 原味黄,美国精神,烟丝,30.0,73.5,2.45,1225.0,32.9
pipeuncle,鼓牌原味,鼓牌,烟丝,50.0,79.5,1.59,795.0,22.58
pipeuncle,鼓牌原味,鼓牌,烟丝,50.0,79.5,1.59,795.0,22.58
pipeuncle,喇叭手 原味 6OZ (170g 带纸),喇叭手,烟丝,170.0,504.0,2.96,1480.0,39.02
pipeuncle,喇叭手 金色 6OZ (170g 带纸),喇叭手,烟丝,170.0,504.0,2.96,1480.0,39.02
pipeuncle,鼓牌蔚蓝,鼓牌,烟丝,50.0,79.5,1.59,795.0,22.58
pipeuncle,鼓牌蔚蓝,鼓牌,烟丝,50.0,79.5,1.59,795.0,22.58
pipeuncle,COLTS 香草 (带纸),COLTS,烟丝,30.0,48.0,1.6,800.0,22.7
pipeuncle,COLTS 香草 (带纸),COLTS,烟丝,30.0,48.0,1.6,800.0,22.7
pipeuncle,黑船长 弗吉尼亚(手卷丝),黑船长,烟丝,50.0,64.5,1.29,645.0,18.98
pipeuncle,黑船长 弗吉尼亚(手卷丝),黑船长,烟丝,50.0,64.5,1.29,645.0,18.98
pipeuncle,COLTS 顺滑原味 (带纸),COLTS,烟丝,30.0,48.0,1.6,800.0,22.7
pipeuncle,COLTS 顺滑原味 (带纸),COLTS,烟丝,30.0,48.0,1.6,800.0,22.7
pipeuncle,巴厘丝 优质弗吉尼亚 (带纸),巴厘丝,烟丝,40.0,72.0,1.8,900.0,25.1
pipeuncle,巴厘丝 优质弗吉尼亚 (带纸),巴厘丝,烟丝,40.0,72.0,1.8,900.0,25.1
pipeuncle,阿姆斯特丹 诚实 (带纸),阿姆斯特丹,烟丝,25.0,42.0,1.68,840.0,23.66
pipeuncle,阿姆斯特丹 诚实 (带纸),阿姆斯特丹,烟丝,25.0,42.0,1.68,840.0,23.66
pipeuncle,马霸选择#01 原味 (带纸),马霸选择,烟丝,30.0,46.5,1.55,775.0,22.1
pipeuncle,马霸选择#01 原味 (带纸),马霸选择,烟丝,30.0,46.5,1.55,775.0,22.1
pipeuncle,马霸手卷 半干手卷 (带纸),马霸手卷,烟丝,30.0,49.5,1.65,825.0,23.3
pipeuncle,马霸手卷 半干手卷 (带纸),马霸手卷,烟丝,30.0,49.5,1.65,825.0,23.3
pipeuncle,红田 黑加仑 (带纸),红田,烟丝,30.0,43.5,1.45,725.0,20.9
pipeuncle,红田 黑加仑 (带纸),红田,烟丝,30.0,43.5,1.45,725.0,20.9
pipeuncle,PS NUMBER 94 土耳其出口,PS,烟丝,150.0,226.5,1.51,755.0,21.62
pipeuncle,PS NUMBER 94 土耳其出口,PS,烟丝,150.0,226.5,1.51,755.0,21.62
pipeuncle,马霸手卷 弗吉尼亚混合 (带纸),马霸手卷,烟丝,30.0,49.5,1.65,825.0,23.3
pipeuncle,马霸手卷 弗吉尼亚混合 (带纸),马霸手卷,烟丝,30.0,49.5,1.65,825.0,23.3
pipeuncle,阿姆斯特丹 葡萄冰爽 (带纸),阿姆斯特丹,烟丝,25.0,42.0,1.68,840.0,23.66
pipeuncle,阿姆斯特丹 葡萄冰爽 (带纸),阿姆斯特丹,烟丝,25.0,42.0,1.68,840.0,23.66
pipeuncle,巴厘丝 圆润弗吉尼亚 (带纸),巴厘丝,烟丝,40.0,72.0,1.8,900.0,25.1
pipeuncle,巴厘丝 圆润弗吉尼亚 (带纸),巴厘丝,烟丝,40.0,72.0,1.8,900.0,25.1
pipeuncle,马霸手卷 美式混合 (带纸),马霸手卷,烟丝,30.0,49.5,1.65,825.0,23.3
pipeuncle,马霸手卷 美式混合 (带纸),马霸手卷,烟丝,30.0,49.5,1.65,825.0,23.3
pipeuncle,巴厘丝 中劲道 (带纸),巴厘丝,烟丝,40.0,72.0,1.8,900.0,25.1
pipeuncle,巴厘丝 中劲道 (带纸),巴厘丝,烟丝,40.0,72.0,1.8,900.0,25.1
pipeuncle,黑船长 明亮弗吉尼亚(手卷丝),黑船长,烟丝,50.0,64.5,1.29,645.0,18.98
pipeuncle,黑船长 明亮弗吉尼亚(手卷丝),黑船长,烟丝,50.0,64.5,1.29,645.0,18.98
pipeuncle,黑船长 香草(手卷丝),黑船长,烟丝,50.0,64.5,1.29,645.0,18.98
pipeuncle,黑船长 香草(手卷丝),黑船长,烟丝,50.0,64.5,1.29,645.0,18.98
pipeuncle,黑船长 樱桃(手卷丝),黑船长,烟丝,50.0,64.5,1.29,645.0,18.98
pipeuncle,黑船长 樱桃(手卷丝),黑船长,烟丝,50.0,64.5,1.29,645.0,18.98
pipeuncle,史丹利 重焙 (带纸),史丹利,烟丝,30.0,43.5,1.45,725.0,20.9
pipeuncle,史丹利 重焙 (带纸),史丹利,烟丝,30.0,43.5,1.45,725.0,20.9
pipeuncle,史丹利 弗吉尼亚 (带纸),史丹利,烟丝,30.0,43.5,1.45,725.0,20.9
pipeuncle,史丹利 弗吉尼亚 (带纸),史丹利,烟丝,30.0,43.5,1.45,725.0,20.9
pipeuncle,史丹利 天然 (带纸),史丹利,烟丝,30.0,43.5,1.45,725.0,20.9
pipeuncle,史丹利 天然 (带纸),史丹利,烟丝,30.0,43.5,1.45,725.0,20.9
pipeuncle,史丹利 特淡金黄 (带纸),史丹利,烟丝,30.0,43.5,1.45,725.0,20.9
pipeuncle,史丹利 特淡金黄 (带纸),史丹利,烟丝,30.0,43.5,1.45,725.0,20.9
pipeuncle,史丹利 经典 (带纸),史丹利,烟丝,30.0,43.5,1.45,725.0,20.9
pipeuncle,史丹利 经典 (带纸),史丹利,烟丝,30.0,43.5,1.45,725.0,20.9
pipeuncle,史丹利 浅金 (带纸),史丹利,烟丝,30.0,43.5,1.45,725.0,20.9
pipeuncle,史丹利 浅金 (带纸),史丹利,烟丝,30.0,43.5,1.45,725.0,20.9
pipeuncle,史丹利 美式混合 (带纸),史丹利,烟丝,30.0,43.5,1.45,725.0,20.9
pipeuncle,史丹利 美式混合 (带纸),史丹利,烟丝,30.0,43.5,1.45,725.0,20.9
pipeuncle,PS NUMBER 90 挪威 手卷,PS,烟丝,150.0,226.5,1.51,755.0,21.62
pipeuncle,PS NUMBER 90 挪威 手卷,PS,烟丝,150.0,226.5,1.51,755.0,21.62
pipeuncle,马霸选择#22 焦糖奶香 (带纸),马霸选择,烟丝,30.0,46.5,1.55,775.0,22.1
pipeuncle,马霸选择#22 焦糖奶香 (带纸),马霸选择,烟丝,30.0,46.5,1.55,775.0,22.1
pipeuncle,奥尔德・肯德尔 中等调配,奥尔德,烟丝,30.0,75.0,2.5,1250.0,33.5
pipeuncle,奥尔德・肯德尔 金色调配,奥尔德,烟丝,30.0,75.0,2.5,1250.0,33.5
pipeuncle,史丹利 琥珀 (带纸),史丹利,烟丝,30.0,43.5,1.45,725.0,20.9
pipeuncle,史丹利 琥珀 (带纸),史丹利,烟丝,30.0,43.5,1.45,725.0,20.9
pipeuncle,美国精神 原味蓝,美国精神,烟丝,30.0,73.5,2.45,1225.0,32.9
pipeuncle,美国精神 原味蓝,美国精神,烟丝,30.0,73.5,2.45,1225.0,32.9
pipeuncle,鼓牌原味 6包 & 鼓牌蔚蓝 6包 &  绿GV(金色弗吉尼亚) 6包 &  明亮黄 (金色弗吉尼亚) 6包 &  黑船长 弗吉尼亚(手卷丝) 6包 组合,鼓牌,烟丝,50.0,1788.0,35.76,17880.0,432.62
pipeuncle,老霍本 白金,老霍本,烟丝,25.0,52.5,2.1,1050.0,28.7
pipeuncle,PS NUMBER 90 挪威 手卷 (袋装 带纸),PS,烟丝,35.0,63.0,1.8,900.0,25.1
pipeuncle,PS NUMBER 90 挪威 手卷 (袋装 带纸),PS,烟丝,35.0,63.0,1.8,900.0,25.1
pipeuncle,马霸手卷 纯香 (带纸),马霸手卷,烟丝,30.0,49.5,1.65,825.0,23.3
pipeuncle,马霸手卷 纯香 (带纸),马霸手卷,烟丝,30.0,49.5,1.65,825.0,23.3
pipeuncle,史丹利 半重焙 (带纸),史丹利,烟丝,30.0,43.5,1.45,725.0,20.9
pipeuncle,史丹利 半重焙 (带纸),史丹利,烟丝,30.0,43.5,1.45,725.0,20.9
pipeuncle,奥尔德・肯德尔 深色调配,奥尔德,烟丝,30.0,75.0,2.5,1250.0,33.5
pipeuncle,喇叭手 金色 6OZ (170g 带纸) -,喇叭手,烟丝,170.0,504.0,2.96,1480.0,39.02
pipeuncle,奥尔德・肯德尔 中等调配 -,奥尔德,烟丝,30.0,75.0,2.5,1250.0,33.5
pipeuncle,黑船长 薄荷醇(手卷丝),黑船长,烟丝,50.0,64.5,1.29,645.0,18.98
pipeuncle,黑船长 薄荷醇(手卷丝),黑船长,烟丝,50.0,64.5,1.29,645.0,18.98
pipeuncle,绿GV(金色弗吉尼亚) 10包 &  鼓牌蔚蓝 10包 &  鼓牌原味 10包 组合,gv,烟丝,50.0,1815.0,36.3,18150.0,439.1
huasheng,黑法官 Orlik Dark Strong Kentucky 50g,黑法官,烟丝,50.0,158.77,3.18,1590.0,41.66
huasheng,史丹利琥珀 Stanley Amber 30G,史丹利,烟丝,30.0,39.15,1.3,650.0,19.1
huasheng,霍本 Old Holborn 40g (限购- 每个订单限制1包）,霍本,烟丝,40.0,75.0,1.88,940.0,26.06
huasheng,琥珀 Amberleaf 30克 (限购- 每个订单限制1包）,琥珀,烟丝,30.0,75.0,2.5,1250.0,33.5
huasheng,彼得森3年橡木桶陈酿弗吉尼亚混合 Peterson 3 Years Cask Aged Virginia Mixture 50g,彼得森,烟斗丝,50.0,263.66,5.27,2635.0,66.74
huasheng,史丹利维吉尼亚 Stanley Virginia 30G,史丹利,烟丝,30.0,39.15,1.3,650.0,19.1
huasheng,黑蜘蛛冰冻莫吉托 Black Spider Frozen Mojito 40g,黑蜘蛛,烟丝,40.0,48.26,1.21,605.0,18.02
huasheng,黑蜘蛛柚子 Black Spider Yuzu 40g,黑蜘蛛,烟丝,40.0,48.26,1.21,605.0,18.02
huasheng,黑蜘蛛芒果酸奶昔 Black Spider Mango Lassi 40g,黑蜘蛛,烟丝,40.0,48.26,1.21,605.0,18.02
huasheng,小皇家樱桃 Royal Cherry 20g,小皇家,烟丝,20.0,22.16,1.11,555.0,16.82
huasheng,小皇家原味 Royal Original 20g,小皇家,烟丝,20.0,22.16,1.11,555.0,16.82
huasheng,红场天然 Red Field Natural 40g,红场,烟丝,40.0,50.69,1.27,635.0,18.74
huasheng,红场美混 Red Field American Blend 40g,红场,烟丝,40.0,50.69,1.27,635.0,18.74
huasheng,菠萝拉塔基亚切片 Erinmore Latakia Flake 50g,菠萝,烟斗丝,50.0,113.28,2.27,1135.0,30.74
huasheng,索拉你660银切片 Solani 660 Silver Flake 100g,索拉你,烟斗丝,100.0,279.58,2.8,1400.0,37.1
huasheng,拉特雷蛇之年 Rattray&#8217;s Year of Snake 100g,拉特雷,烟斗丝,100.0,0.01,0.0,0.0,3.5
huasheng,KK蛇年限定 Kohlhase &#038; Kopp Year of the Snake 100g,KK,烟斗丝,100.0,251.69,2.52,1260.0,33.74
huasheng,丹汉堡船长 Dan Veermaster 250g,丹,烟丝,250.0,486.79,1.95,975.0,26.9
huasheng,罗伯特麦康奈尔黑鹦鹉 Robert McConell Black Parrot 100g,罗伯特麦康奈尔,烟斗丝,100.0,291.31,2.91,1455.0,38.42
huasheng,巴西精神美混 Brazil Spirit American Blend 50g,巴西精神,烟丝,50.0,126.8,2.54,1270.0,33.98
huasheng,好味菠萝 Taste Pineapple 15g,好味,烟斗丝,15.0,19.09,1.27,635.0,18.74
huasheng,小皇家菠萝 Royal Pineapple 20g,小皇家,烟斗丝,20.0,22.16,1.11,555.0,16.82
huasheng,小皇家蓝莓 Royal Blueberry 20g,小皇家,烟丝,20.0,22.16,1.11,555.0,16.82
huasheng,小皇家苹果 Royal Apple 20g,小皇家,烟丝,20.0,22.16,1.11,555.0,16.82
huasheng,小皇家草莓 Royal Strawberry 20g,小皇家,烟丝,20.0,22.16,1.11,555.0,16.82
huasheng,小皇家香草 Royal Vanilla 20g,小皇家,烟丝,20.0,22.16,1.11,555.0,16.82
huasheng,拉特雷马林切片 Rattray&#8217;s Marlin Flake 100g,拉特雷,烟斗丝,100.0,264.83,2.65,1325.0,35.3
huasheng,黑船长樱桃 Captain Black Cherry 40g,黑船长,烟丝,40.0,47.47,1.19,595.0,17.78
huasheng,浅鼓 Drum Bright 50g,浅鼓,烟丝,50.0,87.75,1.75,875.0,24.5
huasheng,深鼓 Drum Original 50g,深鼓,烟丝,50.0,87.75,1.75,875.0,24.5
huasheng,黄巴厘 Bali Shag Yellow 40g,黄巴厘,烟丝,40.0,54.3,1.36,680.0,19.82
huasheng,蓝巴厘 Bali Shag Blue 40g,蓝巴厘,烟丝,40.0,54.3,1.36,680.0,19.82
huasheng,红巴厘 Bali Shag Red 40g,红巴厘,烟丝,40.0,54.3,1.36,680.0,19.82
huasheng,小骏马香草 Colts Vanilla 40g,小骏马,烟丝,40.0,40.71,1.02,510.0,15.74
huasheng,小骏马薄荷 Colts Menthol 40g,小骏马,烟丝,40.0,40.71,1.02,510.0,15.74
huasheng,小骏马樱桃 Colts Cherry 40g,小骏马,烟丝,40.0,40.71,1.02,510.0,15.74
huasheng,小骏马顺滑 Colts Smooth Taste 40g,小骏马,烟丝,40.0,40.71,1.02,510.0,15.74
huasheng,小骏马绿茶 Colts Green Tea 40g,小骏马,烟丝,40.0,40.71,1.02,510.0,15.74
huasheng,红场双香草 Red Field Double Vanilla 40g,红场,烟丝,40.0,50.69,1.27,635.0,18.74
huasheng,皇家酒梅 Ark Royal Wine Berry 40g,皇家酒梅,烟丝,40.0,56.51,1.41,705.0,20.42
huasheng,皇家椰子菠萝 Ark Royal Pina Colada 40g,皇家椰子菠萝,烟斗丝,40.0,56.51,1.41,705.0,20.42
huasheng,丰收桶装 Harvest Volume 100g,丰收,烟丝,100.0,120.34,1.2,600.0,17.9
huasheng,丰收野梅 Harvest Wild Berry 40g,丰收,烟丝,40.0,53.89,1.35,675.0,19.7
huasheng,丰收樱桃 Harvest Cherry 40g,丰收,烟丝,40.0,53.89,1.35,675.0,19.7
huasheng,丰收草莓 Harvest Strawberry 40g,丰收,烟丝,40.0,53.89,1.35,675.0,19.7
huasheng,丰收原味 Harvest Original 40g,丰收,烟丝,40.0,53.89,1.35,675.0,19.7
huasheng,丰收香草 Harvest Vanilla 40g,丰收,烟丝,40.0,53.89,1.35,675.0,19.7
huasheng,丰收黑莓 Harvest Black Currant 40g,丰收,烟丝,40.0,53.89,1.35,675.0,19.7
huasheng,黑船长薄荷 Captain Black Menthol 40g,黑船长,烟丝,40.0,47.47,1.19,595.0,17.78
huasheng,黑船长黄维吉尼亚 Captain Black Bright Virginia 40g,黑船长,烟丝,40.0,47.47,1.19,595.0,17.78
huasheng,黑鹰桶装 Black Hawk Volume 100g,黑鹰桶装,烟丝,100.0,133.65,1.34,670.0,19.58
huasheng,皇家拉塔基亚 Ark Royal Latakia 40g,皇家拉塔基亚,烟丝,40.0,56.51,1.41,705.0,20.42
huasheng,皇家冰薄荷 Ark Royal Ice Menthol 40g,皇家冰薄荷,烟丝,40.0,56.51,1.41,705.0,20.42
huasheng,皇家双香草 Ark Royal Double Vanilla 40g,皇家双香草,烟丝,40.0,56.51,1.41,705.0,20.42
huasheng,皇家樱桃 Ark Royal Cherry 40g,皇家樱桃,烟丝,40.0,56.51,1.41,705.0,20.42
huasheng,彼得森965 Peterson 965 50g,彼得森,烟斗丝,50.0,138.0,2.76,1380.0,36.62
huasheng,飞机黑莓铁罐 Stanislaw Blackberry Blend Tin 50g,飞机,烟丝,50.0,123.78,2.48,1240.0,33.26
huasheng,飞机拉塔基亚铁罐 Stanislaw Balkan Latakia Tin 50g,飞机,烟丝,50.0,123.78,2.48,1240.0,33.26
huasheng,飞机黑莓袋装 Stanislaw Blackberry Blend Pouch 40g,飞机,烟丝,40.0,76.32,1.91,955.0,26.42
huasheng,飞机香草袋装 Stanislaw Vanilla Pouch 40g,飞机,烟丝,40.0,76.32,1.91,955.0,26.42
huasheng,菠萝混合 Erinmore Mixture 50g,菠萝,烟斗丝,50.0,109.14,2.18,1090.0,29.66
huasheng,菠萝切片 Erinmore Flake 50g,菠萝,烟斗丝,50.0,109.14,2.18,1090.0,29.66
huasheng,马坝芬芳 Mac Baren Aromatic 40g,马坝,烟丝,40.0,55.97,1.4,700.0,20.3
huasheng,马坝双苹果 Mac Baren Double Apple 40g,马坝,烟丝,40.0,55.97,1.4,700.0,20.3
huasheng,皇家卡布奇诺 Ark Royal Cappuccino 40g,皇家卡布奇诺,烟丝,40.0,56.51,1.41,705.0,20.42
huasheng,彼得森战神 Peterson Aran Mixture 40g,彼得森,烟斗丝,40.0,74.64,1.87,935.0,25.94
huasheng,彼得森爱尔兰威士忌 Peterson Irish Dew 40g,彼得森,烟斗丝,40.0,74.64,1.87,935.0,25.94
huasheng,彼得森广袤大西洋 Peterson Wild Atlantic 40g,彼得森,烟斗丝,40.0,74.64,1.87,935.0,25.94
huasheng,SG马车夫混合 Samuel Gawith Cabbie&#8217;s Mixture 50g,SG,烟丝,50.0,225.33,4.51,2255.0,57.62
huasheng,SG巧克力切片 Samuel Gawith Chocolate Flake 50g,SG,烟丝,50.0,165.0,3.3,1650.0,43.1
huasheng,SG巴尔干切片 Samuel Gawith Balkan Flake 50g,SG,烟丝,50.0,173.56,3.47,1735.0,45.14
huasheng,SG共和国 Samuel Gawith Commonwealth Mixture 50g,SG,烟丝,50.0,795.0,15.9,7950.0,194.3
huasheng,皇家百香果 Ark Royal Passion Fruit 40g,皇家百香果,烟丝,40.0,56.51,1.41,705.0,20.42
huasheng,原味绿GV Green Virginia 50g,gv,烟丝,50.0,99.33,1.99,995.0,27.38
huasheng,马坝基尔 Mac Baren Kir 40g,马坝,烟丝,40.0,55.97,1.4,700.0,20.3
huasheng,蝴蝶薄荷 Butterfly Menthol 50g,蝴蝶,烟丝,50.0,56.98,1.14,570.0,17.18
huasheng,蝴蝶中烧 Butterfly Mild 50g,蝴蝶,烟丝,50.0,56.98,1.14,570.0,17.18
huasheng,蝴蝶手烧 Butterfly Black 50g,蝴蝶,烟丝,50.0,56.98,1.14,570.0,17.18
huasheng,拉森北欧经典2025限量版 2025 W. O. Larsen Nordic Classic Limited Edition 2025 100g,拉森,烟丝,100.0,278.02,2.78,1390.0,36.86
huasheng,马坝海军切片 Mac Baren Navy Flake 50g,马坝,烟丝,50.0,119.37,2.39,1195.0,32.18
huasheng,巴西精神经典 Brazil Spirit Classic 50g,巴西精神,烟丝,50.0,126.8,2.54,1270.0,33.98
huasheng,好味草莓 Taste Strawberry 15g,好味,烟丝,15.0,19.09,1.27,635.0,18.74
huasheng,好味香草 Taste Vanilla 15g,好味,烟丝,15.0,19.09,1.27,635.0,18.74
huasheng,好味樱桃 Taste Cherry 15g,好味,烟丝,15.0,19.09,1.27,635.0,18.74
huasheng,好味芒果 Taste Mango 15g,好味,烟丝,15.0,19.09,1.27,635.0,18.74
huasheng,好味蓝莓 Taste Blueberry 15g,好味,烟丝,15.0,19.09,1.27,635.0,18.74
huasheng,好味苹果 Taste Apple 15g,好味,烟丝,15.0,19.09,1.27,635.0,18.74
huasheng,好味原味 Taste Original 15g,好味,烟丝,15.0,19.09,1.27,635.0,18.74
huasheng,马坝香草切片 Mac Baren Vanilla Flake Cut 50g,马坝,烟丝,50.0,119.37,2.39,1195.0,32.18
huasheng,彼得森暗切片 Peterson Dark Flake 50g,彼得森,烟斗丝,50.0,199.4,3.99,1995.0,51.38
huasheng,丰收双香草 Harvest Double Vanilla 40g,丰收,烟丝,40.0,53.89,1.35,675.0,19.7
huasheng,马坝红牛 Mac Baren Boost 40g,马坝,烟丝,40.0,55.97,1.4,700.0,20.3
huasheng,马坝香草袋装斗草 Mac Baren Pipe Vanilla Pouch 50g,马坝,烟丝,50.0,97.68,1.95,975.0,26.9
huasheng,丹咸狗 Dan Salty Dogs 50g,丹,烟丝,50.0,163.41,3.27,1635.0,42.74
huasheng,丹老铁甲 Dan Tobacco Old Ironsides 250g,丹,烟丝,250.0,486.79,1.95,975.0,26.9
huasheng,丹圣伯纳德切片 Dan St. Bernard Flake 250g,丹,烟丝,250.0,486.79,1.95,975.0,26.9
huasheng,丹野鸭 Dan Mallard 250g,丹,烟丝,250.0,486.79,1.95,975.0,26.9
huasheng,彼得森3年木桶陈化英式 Peterson 3 Years Cask Aged English Mixture 50g,彼得森,烟斗丝,50.0,263.66,5.27,2635.0,66.74
huasheng,彼得森标准混合 Peterson Standard Mixture 50g,彼得森,烟斗丝,50.0,156.05,3.12,1560.0,40.94
huasheng,马坝苹果 Mac Baren Apple 40g,马坝,烟丝,40.0,55.97,1.4,700.0,20.3
huasheng,奥斯丁重烧 Austin Zware Shag 50g,奥斯丁,烟丝,50.0,61.57,1.23,615.0,18.26
huasheng,奥斯丁中烧 Austin Halfzware 50g,奥斯丁,烟丝,50.0,61.57,1.23,615.0,18.26
huasheng,船长斗草皇家 Captain Black Pipe Royal 42.5g,船长,烟斗丝,42.5,82.5,1.94,970.0,26.78
huasheng,船长斗草金 Captain Black Pipe Gold 42.5g,船长,烟斗丝,42.5,74.82,1.76,880.0,24.62
huasheng,船长斗草蓝 Captain Black Pipe Round Taste 42.5g,船长,烟斗丝,42.5,74.82,1.76,880.0,24.62
huasheng,船长斗草原味 Captain Black Pipe Original 42.5g,船长,烟斗丝,42.5,74.82,1.76,880.0,24.62
huasheng,船长樱桃斗草 Captain Black PIPE Cherry 42.5g,船长,烟斗丝,42.5,74.82,1.76,880.0,24.62
huasheng,KK管道66限量版 Kohlhase &#038; Kopp Pipe 66 100g,KK,烟斗丝,100.0,251.69,2.52,1260.0,33.74
huasheng,切格瓦拉蓝 Che Blue 40g (较干）,切格瓦拉,烟丝,40.0,53.01,1.33,665.0,19.46
huasheng,水手 Vanelle 50g,水手,烟丝,50.0,91.17,1.82,910.0,25.34
huasheng,皇家维吉尼亚 Ark Royal Virginia 40g,皇家维吉尼亚,烟丝,40.0,56.51,1.41,705.0,20.42
huasheng,红牛维吉尼亚 Red Bull Virginia 40g,红牛,烟丝,40.0,55.88,1.4,700.0,20.3
huasheng,红牛红 Red Bull Blond 40g,红牛,烟丝,40.0,55.62,1.39,695.0,20.18
huasheng,红牛手烧 Red Bull Halfzware 40g,红牛,烟丝,40.0,55.62,1.39,695.0,20.18
huasheng,红牛香草 Red Bull Vanilla 40g,红牛,烟丝,40.0,53.18,1.33,665.0,19.46
huasheng,红牛苹果 Red Bull Apple 40g,红牛,烟丝,40.0,53.18,1.33,665.0,19.46
huasheng,丰收咖啡 Harvest Coffee 40g,丰收,烟丝,40.0,53.89,1.35,675.0,19.7
huasheng,野牛 Bison 50g,野牛,烟丝,50.0,47.47,0.95,475.0,14.9
huasheng,黑船长香草 Captain Black Vanilla 40g,黑船长,烟丝,40.0,47.47,1.19,595.0,17.78
huasheng,黑船长维吉尼亚 Captain Black Virginia 40g,黑船长,烟丝,40.0,47.47,1.19,595.0,17.78
huasheng,切格瓦拉红 Che Red 40g (较干）,切格瓦拉,烟丝,40.0,53.01,1.33,665.0,19.46
huasheng,切格瓦拉灰 Che Grey 40g,切格瓦拉,烟丝,40.0,53.01,1.33,665.0,19.46
huasheng,黑鹰卡布奇诺桶装 Black Hawk Cappuccino 100g,黑鹰,烟丝,100.0,133.65,1.34,670.0,19.58
huasheng,黑蜘蛛吉尔 Black Spider Kir 40g,黑蜘蛛,烟丝,40.0,48.26,1.21,605.0,18.02
huasheng,切格瓦拉薄荷 Che Menthol 40g,切格瓦拉,烟丝,40.0,53.01,1.33,665.0,19.46
huasheng,黑蜘蛛干姜 Black Spider Ginger Ale 40g,黑蜘蛛,烟丝,40.0,48.26,1.21,605.0,18.02
huasheng,彼得森小白切片 Peterson Flake 50g,彼得森,烟斗丝,50.0,199.4,3.99,1995.0,51.38
huasheng,彼得森豪华海船切片 Peterson De Luxe Navy Rolls 50g,彼得森,烟斗丝,50.0,200.59,4.01,2005.0,51.62
huasheng,彼得森老饕之选 Peterson Connoisseur&#8217;s Choice 50g,彼得森,烟斗丝,50.0,132.3,2.65,1325.0,35.3
huasheng,彼得森奢华混合 Peterson Luxury Blend 50g,彼得森,烟斗丝,50.0,132.3,2.65,1325.0,35.3
huasheng,彼得森落日微风 Peterson Sunset Breeze 50g,彼得森,烟斗丝,50.0,132.3,2.65,1325.0,35.3
huasheng,皇家马鲁拉 Ark Royal Marula 40g,皇家马鲁拉,烟丝,40.0,56.51,1.41,705.0,20.42
huasheng,彼得森豪华混合 Peterson De Luxe Mixture 50g,彼得森,烟斗丝,50.0,132.3,2.65,1325.0,35.3
huasheng,拉特雷兴旺绽放 Rattray&#8217;s Blossom Temptation 100g,拉特雷,烟斗丝,100.0,245.56,2.46,1230.0,33.02
huasheng,拉特雷加勒比梦 Rattray&#8217;s Carribbean Dream 100g,拉特雷,烟斗丝,100.0,245.56,2.46,1230.0,33.02
huasheng,黄绞盘方 Capstan Yellow Square 50g,黄绞盘方,烟丝,50.0,152.06,3.04,1520.0,39.98
huasheng,蓝绞盘方 Capstan Blue Square 50g,蓝绞盘方,烟丝,50.0,152.06,3.04,1520.0,39.98
huasheng,马坝酋长 Chiefston 50g,马坝,烟丝,50.0,66.82,1.34,670.0,19.58
huasheng,帆船樱桃 Borkum Riff Cherry 50g,帆船,烟丝,50.0,76.32,1.53,765.0,21.86
huasheng,帆船原味 Borkum Riff Original 50g,帆船,烟丝,50.0,76.32,1.53,765.0,21.86
huasheng,帆船香草 Borkum Riff Vanilla 50g,帆船,烟丝,50.0,76.32,1.53,765.0,21.86
huasheng,拉森古典 W.O Larsen Old Fashioned 100g,拉森,烟丝,100.0,255.48,2.55,1275.0,34.1
huasheng,拉森招牌 W.O Larsen Signature 100g,拉森,烟丝,100.0,255.48,2.55,1275.0,34.1
huasheng,拉森 1864 W.O Larsen 1864 100g,拉森,烟斗丝,100.0,255.48,2.55,1275.0,34.1
huasheng,拉森经典 W. O. Larsen Classic 100g,拉森,烟丝,100.0,255.48,2.55,1275.0,34.1
huasheng,飞机苏格兰秋季切片 Stanislaw 4 Seasons Scottish Autumn Flake Tin 50g,飞机,烟丝,50.0,123.78,2.48,1240.0,33.26
huasheng,飞机英式夏季切片 Stanislaw 4 Season English Summer Flake Tin 50g,飞机,烟丝,50.0,123.78,2.48,1240.0,33.26
huasheng,飞机大西洋巡航混合物圆罐 Stanislaw Atlantic Cruise Mixture Round Tin 50g,飞机,烟丝,50.0,123.05,2.46,1230.0,33.02
huasheng,飞机爱尔兰春季片 Stanislaw 4 Season Irish Spring Flake Tin 50g,飞机,烟丝,50.0,123.78,2.48,1240.0,33.26
huasheng,飞机纯拉塔基亚圆罐 Stanislaw Latakia Round Tin 50g,飞机,烟丝,50.0,123.05,2.46,1230.0,33.02
huasheng,飞机黑色卡文迪许圆罐 Stanislaw Black Cavendish Round Tin 50g,飞机,烟丝,50.0,123.05,2.46,1230.0,33.02
huasheng,飞机伦敦混合铁罐 Stanislaw London Mixture Tin 50g,飞机,烟丝,50.0,123.78,2.48,1240.0,33.26
huasheng,飞机元素空气混合 Stanislaw 4 Elements Air Mixture Tin 50g,飞机,烟丝,50.0,123.78,2.48,1240.0,33.26
huasheng,飞机元素水混合 Stanislaw 4 Elements Water Mixture Tin 50g,飞机,烟丝,50.0,123.78,2.48,1240.0,33.26
huasheng,飞机香草铁罐 Stanislaw Vanilla Tin 50g,飞机,烟丝,50.0,123.78,2.48,1240.0,33.26
huasheng,飞机元素火混合 Stanislaw 4 Elements Fire Mixture Tin 50g,飞机,烟丝,50.0,123.78,2.48,1240.0,33.26
huasheng,飞机元素土混合 Stanislaw 4 Elements Earth Mixture Tin 50g,飞机,烟丝,50.0,123.78,2.48,1240.0,33.26
huasheng,飞机樱桃铁罐 Stanislaw Cherry Blend Tin 50g,飞机,烟丝,50.0,123.78,2.48,1240.0,33.26
huasheng,飞机冬季时刻切片 Stanislaw 4 Seasons Winter Time Flake Tin 50g,飞机,烟丝,50.0,123.78,2.48,1240.0,33.26
huasheng,飞机拉塔基亚袋装 Stanislaw Balkan Latakia Pouch 40g,飞机,烟丝,40.0,76.32,1.91,955.0,26.42
huasheng,G.L. 西明寺 G.L. Pease Westminster 57g,G.L.,烟丝,57.0,190.74,3.35,1675.0,43.7
huasheng,G.L. 静夜 G.L. Pease Quiet Nights 57g,G.L.,烟丝,57.0,190.74,3.35,1675.0,43.7
huasheng,G.L. 弗吉尼亚奶油 G.L. Pease The Virginia Cream 57g,G.L.,烟丝,57.0,190.74,3.35,1675.0,43.7
huasheng,G.L. 煤气 G.L. Pease GasLight 57g,G.L.,烟丝,57.0,190.74,3.35,1675.0,43.7
huasheng,G.L. 折刀 G.L. Pease JackKnife Ready Rubbed 57g,G.L.,烟丝,57.0,190.74,3.35,1675.0,43.7
huasheng,G.L. 奥德赛 G.L. Pease Odyssey 57g,G.L.,烟丝,57.0,190.74,3.35,1675.0,43.7
huasheng,G.L. 坎伯兰 G.L. Pease Cumberland 57g,G.L.,烟丝,57.0,190.74,3.35,1675.0,43.7
huasheng,G.L. 子午线 G.L. Pease Meridian 57g,G.L.,烟丝,57.0,190.74,3.35,1675.0,43.7
huasheng,G.L. 壮汉 G.L. Pease Robusto 57g,G.L.,烟丝,57.0,190.74,3.35,1675.0,43.7
huasheng,G.L. 切尔西之晨 G.L. Pease Chelsea Morning 57g,G.L.,烟丝,57.0,190.74,3.35,1675.0,43.7
huasheng,G.L. 摄政切片 G.L. Pease Regents Flake 57g,G.L.,烟丝,57.0,190.74,3.35,1675.0,43.7
huasheng,丹周日最佳 Dan Tobacco Sunday&#8217;s Best 100g,丹,烟丝,100.0,245.66,2.46,1230.0,33.02
huasheng,丹莫娜丽莎 Dan Tobacco Mona Lisa 100g,丹,烟丝,100.0,244.2,2.44,1220.0,32.78
huasheng,丹地中海 Dan Tobacco Mediterraneo 100g,丹,烟丝,100.0,241.22,2.41,1205.0,32.42
huasheng,丹托斯卡纳的回忆 Dan Tobacco Memories of Tuscany 100g,丹,烟丝,100.0,244.2,2.44,1220.0,32.78
huasheng,丹野生浆果 Dan Tobacco Wild Berries 100g,丹,烟丝,100.0,244.2,2.44,1220.0,32.78
huasheng,丹魔鬼的假期 Dan Tobacco Devil&#8217;s Holiday 50g,丹,烟丝,50.0,160.81,3.22,1610.0,42.14
huasheng,丹麦克 Dan Tobacco Mike&#8217;s Ready Rubbed 50g,丹,烟丝,50.0,151.14,3.02,1510.0,39.74
huasheng,丹甜香草蜜露 Dan Tobacco Sweet Vanilla Honeydew 50g,丹,烟丝,50.0,151.14,3.02,1510.0,39.74
huasheng,菠萝切片 Erinmore Flake 25g,菠萝,烟斗丝,25.0,54.26,2.17,1085.0,29.54
huasheng,阿斯顿工匠 Ashton Artisan&#8217;s Blend 50g,阿斯顿,烟斗丝,50.0,144.28,2.89,1445.0,38.18
huasheng,华云休息室混合 Vauen Lounge Blend 50g,华云,烟斗丝,50.0,230.24,4.6,2300.0,58.7
huasheng,查卡姆2号 Charcom No 2 50g,查卡姆,烟丝,50.0,117.18,2.34,1170.0,31.58
huasheng,伊尔斯特德99号 Ilsted No.99 100g,伊尔斯特德,烟丝,100.0,222.34,2.22,1110.0,30.14
huasheng,罗伯特麦康奈尔有限储备 Robert McConnell Limited Reserve 100g,罗伯特麦康奈尔,烟斗丝,100.0,234.36,2.34,1170.0,31.58
huasheng,罗伯特麦康奈尔苏格兰混合 Robert McConnell Scottish Blend 50g,罗伯特麦康奈尔,烟斗丝,50.0,127.6,2.55,1275.0,34.1
huasheng,罗伯特麦康奈尔拉塔基亚切片 Robert McConnell Latakia Flake 50g,罗伯特麦康奈尔,烟斗丝,50.0,142.23,2.84,1420.0,37.58
huasheng,斯坦威尔混 Stanwell Melange 50g,斯坦威尔,烟斗丝,50.0,59.23,1.18,590.0,17.66
huasheng,萨维内利英式混合 Savinelli English Mixture 50g,萨维内利,烟斗丝,50.0,127.26,2.55,1275.0,34.1
huasheng,萨维内利莱昂纳多 Savinelli Leonardo 100g,萨维内利,烟斗丝,100.0,240.56,2.41,1205.0,32.42
huasheng,索拉尼633维吉尼亚切片 Solani 633 Virginia Flake 50g,索拉尼,烟斗丝,50.0,160.19,3.2,1600.0,41.9
huasheng,索拉尼656陈年白肋烟片 Solani 656 Aged Burley Flake 50g,索拉尼,烟斗丝,50.0,160.19,3.2,1600.0,41.9
huasheng,温斯洛哈莱金 Winslow Harlekin 100g,温斯洛,烟斗丝,100.0,269.4,2.69,1345.0,35.78
huasheng,马坝原味精选 Mac Baren Original Choice 40g,马坝,套餐,40.0,97.68,2.44,1220.0,32.78
huasheng,马坝双香草 Mac Baren Double Vanilla 40g,马坝,烟丝,40.0,55.97,1.4,700.0,20.3
huasheng,马坝香草 Mac Baren Vanilla 40g,马坝,烟丝,40.0,55.97,1.4,700.0,20.3
huasheng,马坝芬芳精选 Mac Baren Aromatic Choice 40g,马坝,套餐,40.0,97.68,2.44,1220.0,32.78
huasheng,马坝原味 Mac Baren Original 50g,马坝,烟丝,50.0,55.97,1.12,560.0,16.94
huasheng,马坝香草精选 Mac Baren Vanilla Choice 40g,马坝,套餐,40.0,97.68,2.44,1220.0,32.78
huasheng,马坝咖啡 Mac Baren Cafe 40g,马坝,烟丝,40.0,55.97,1.4,700.0,20.3
huasheng,马坝银立方体 Mac Baren Cube Silver 40g,马坝,烟丝,40.0,97.68,2.44,1220.0,32.78
huasheng,马坝双葡萄 Mac Baren Double Grapes 40g,马坝,烟丝,40.0,55.97,1.4,700.0,20.3
huasheng,马坝金立方体 Mac Baren Cube Gold 40g,马坝,烟丝,40.0,97.68,2.44,1220.0,32.78
huasheng,Mac Baren Double Menthol 马坝双薄荷 40g,Mac Baren,烟丝,40.0,55.97,1.4,700.0,20.3
huasheng,红法官 Orlik Golden Sliced 50g,红法官,烟丝,50.0,158.77,3.18,1590.0,41.66
huasheng,彼得森甜基拉尼 Peterson Sweet Killarney 50g,彼得森,烟斗丝,50.0,132.3,2.65,1325.0,35.3
huasheng,彼得森公鸡 Peterson Early Morning 50g,彼得森,烟斗丝,50.0,138.0,2.76,1380.0,36.62
huasheng,彼得森古老都柏林 Peterson Old Dublin 50g,彼得森,烟斗丝,50.0,132.3,2.65,1325.0,35.3
huasheng,彼得森伊丽莎白混合 Peterson Elizabethan mixture 50g,彼得森,烟斗丝,50.0,156.05,3.12,1560.0,40.94
huasheng,彼得森睡帽 Peterson Nightcap 50g,彼得森,烟斗丝,50.0,138.0,2.76,1380.0,36.62
huasheng,彼得森爱尔兰切片 Peterson Irish Flake 50g,彼得森,烟斗丝,50.0,132.3,2.65,1325.0,35.3
huasheng,彼得森皇家游艇 Peterson Royal Yacht 50g,彼得森,烟斗丝,50.0,156.05,3.12,1560.0,40.94
huasheng,彼得森福尔摩斯 Peterson Sherlock Holmes 50g,彼得森,烟斗丝,50.0,132.3,2.65,1325.0,35.3
huasheng,康奈尔和迪尔傲摩卡 Cornell &#038; Diehl Mocha 57g,康奈尔和迪尔,烟丝,57.0,186.3,3.27,1635.0,42.74
huasheng,康奈尔和迪尔密西西比泥 Cornell &#038; Diehl Mississippi Mud 57g,康奈尔和迪尔,烟丝,57.0,186.3,3.27,1635.0,42.74
huasheng,康奈尔和迪尔卡俊卡克 Cornell &#038; Diehl Kajun Kake 57g,康奈尔和迪尔,烟丝,57.0,186.3,3.27,1635.0,42.74
huasheng,康奈尔和迪尔比利巴德 Cornell &#038; Diehl Billy Budd 57g,康奈尔和迪尔,烟丝,57.0,186.3,3.27,1635.0,42.74
huasheng,康奈尔和迪尔河口早晨切片 Cornell &#038; Diehl Bayou Morning Flake 57g,康奈尔和迪尔,烟丝,57.0,186.3,3.27,1635.0,42.74
huasheng,康奈尔和迪尔秋夜 Cornell &#038; Diehl Autumn Evening 57g,康奈尔和迪尔,烟丝,57.0,186.3,3.27,1635.0,42.74
huasheng,康奈尔和迪尔周日野餐 Cornell &#038; Diehl Sunday Picnic 57g,康奈尔和迪尔,烟丝,57.0,186.3,3.27,1635.0,42.74
huasheng,SG奶油切片 Samuel Gawith Kendal Cream Flake 50g,SG,烟丝,50.0,173.56,3.47,1735.0,45.14
huasheng,SG官门椰子调味草 Samuel Gawith Palace Gate 50g,SG,烟丝,50.0,165.0,3.3,1650.0,43.1
huasheng,SG飞机 Samuel Gawith Squadron Leader 50g,SG,烟丝,50.0,165.0,3.3,1650.0,43.1
huasheng,SG湖边 Samuel Gawith Lakeland Dark 50g,SG,烟丝,50.0,165.0,3.3,1650.0,43.1
huasheng,SG火舞切片 Samuel Gawith Fire Dance Flake 50g,SG,烟丝,50.0,165.0,3.3,1650.0,43.1
huasheng,SG海军切片 Samuel Gawith Navy Flake 50g,SG,烟丝,50.0,165.0,3.3,1650.0,43.1
huasheng,SG弗吉尼亚切片 Samuel Gawith Full Virginia Flake 50g,SG,烟丝,50.0,193.35,3.87,1935.0,49.94
huasheng,SG圣詹切片 Samuel Gawith St. James Flake 50g,SG,烟丝,50.0,225.0,4.5,2250.0,57.5
huasheng,SG山姆切片 Samuel Gawith Sam&#8217;s Flake 50g,SG,烟丝,50.0,173.56,3.47,1735.0,45.14
huasheng,SG小屋切片 Samuel Gawith Bothy Flake 50g,SG,烟丝,50.0,165.0,3.3,1650.0,43.1
huasheng,SG 最佳布朗切片 Samuel Gawith Best Brown Flake 50g,SG,烟丝,50.0,173.56,3.47,1735.0,45.14
huasheng,SG猎犬 Samuel Gawith Grousemoor 50g,SG,烟丝,50.0,165.0,3.3,1650.0,43.1
huasheng,SG 1792 切片 Samuel Gawith 1792 Flake 50g,SG,烟丝,50.0,173.56,3.47,1735.0,45.14
huasheng,SG蓝狗 Samuel Gawith Perfection 50g,SG,烟丝,50.0,174.0,3.48,1740.0,45.26
huasheng,SG黑森林 Samuel Gawith Black Forest 50g,SG,烟丝,50.0,173.56,3.47,1735.0,45.14
huasheng,拉特雷异国热情 Rattray&#8217;s Exotic Passion 100g,拉特雷,烟斗丝,100.0,245.56,2.46,1230.0,33.02
huasheng,拉特雷海拉小巷 Rattray&#8217;s Hal O The Wynd 100g,拉特雷,烟斗丝,100.0,264.83,2.65,1325.0,35.3
huasheng,拉特雷红毛匪 Rattray&#8217;s Red Raparee 100g,拉特雷,烟斗丝,100.0,264.83,2.65,1325.0,35.3
huasheng,拉特雷老高里 Rattray&#8217;s Old Gowrie 100g,拉特雷,烟斗丝,100.0,264.83,2.65,1325.0,35.3
huasheng,拉特雷西敏寺 Rattray&#8217;s Westminster Abbey 50g,拉特雷,烟斗丝,50.0,132.34,2.65,1325.0,35.3
huasheng,皇家浆果玫瑰 Ark Royal Berry Rose 40g,皇家浆果玫瑰,烟丝,40.0,56.51,1.41,705.0,20.42
huasheng,皇家天堂茶 Ark Royal Paradise Tea 40g,皇家天堂茶,烟丝,40.0,56.51,1.41,705.0,20.42
花店,香烟套餐2601G——12款各1包,香烟套餐/,套餐,2601.0,489.29,0.19,95.0,5.78
花店,Acrema Blend 20g装,Acrema Blend/,烟丝,20.0,49.14,2.46,1230.0,33.02
花店,Amber Leaf Organic Blend 25g装,Amber Leaf/琥珀,烟丝,25.0,51.25,2.05,1025.0,28.1
花店,Amber Leaf Blonde 25g装,Amber Leaf/琥珀,烟丝,25.0,49.14,1.97,985.0,27.14
花店,Amsterdamer Grape Ice 25g装,Amsterdamer/阿姆斯特丹,烟丝,25.0,49.14,1.97,985.0,27.14
花店,Amsterdamer Coffee Ice 25g装,Amsterdamer/阿姆斯特丹,烟丝,25.0,49.14,1.97,985.0,27.14
花店,Amsterdamer Apple Ice 25g装,Amsterdamer/阿姆斯特丹,烟丝,25.0,49.14,1.97,985.0,27.14
花店,Amsterdamer Vanilla Ice 25g装,Amsterdamer/阿姆斯特丹,烟丝,25.0,49.14,1.97,985.0,27.14
花店,Amsterdamer Menthol Ice 25g装,Amsterdamer/阿姆斯特丹,烟丝,25.0,49.14,1.97,985.0,27.14
花店,Amsterdamer Original 25g装,Amsterdamer/阿姆斯特丹,烟丝,25.0,49.14,1.97,985.0,27.14
花店,Amsterdamer XXX Honest 25g装,Amsterdamer/阿姆斯特丹,烟丝,25.0,49.14,1.97,985.0,27.14
花店,Amsterdamer XXX Plain 25g装,Amsterdamer/阿姆斯特丹,烟丝,25.0,49.14,1.97,985.0,27.14
花店,老船长/Ark Royal Berry Rose Iced Tea Shag 30g装,Ark Royal/老船长,烟丝,30.0,58.97,1.97,985.0,27.14
花店,老船长/Ark Royal Berry Mix Ice Shag 30g装,Ark Royal/老船长,烟丝,30.0,58.97,1.97,985.0,27.14
花店,老船长/Ark Royal Vanilla Cream Shag 30g装,Ark Royal/老船长,烟丝,30.0,58.97,1.97,985.0,27.14
花店,老船长/Ark Royal Berry Rosetea Shag 30g装,Ark Royal/老船长,烟丝,30.0,58.97,1.97,985.0,27.14
花店,老船长/Ark Royal Paradise Tea Shag 30g装,Ark Royal/老船长,烟丝,30.0,58.97,1.97,985.0,27.14
花店,老船长/Ark Royal Wineberry Shag 30g装,Ark Royal/老船长,烟丝,30.0,58.97,1.97,985.0,27.14
花店,老船长/Ark Royal Ice Menthol Shag 30g装,Ark Royal/老船长,烟丝,30.0,58.97,1.97,985.0,27.14
花店,老船长/Ark Royal Original Shag 30g装,Ark Royal/老船长,烟丝,30.0,58.97,1.97,985.0,27.14
花店,老船长/Ark Royal Virginia Gold Shag 30g装,Ark Royal/老船长,烟丝,30.0,61.78,2.06,1030.0,28.22
花店,老船长/Ark Royal Pina Colada Shag 30g装,Ark Royal/老船长,烟丝,30.0,58.97,1.97,985.0,27.14
花店,老船长/Ark Royal Latakia Shag 30g装,Ark Royal/老船长,烟丝,30.0,61.78,2.06,1030.0,28.22
花店,老船长/Ark Royal Turkish Blend Shag 30g装,Ark Royal/老船长,烟丝,30.0,61.78,2.06,1030.0,28.22
花店,Bali Shag Halfzwal 40g装,Bali Shag/巴厘岛,烟丝,40.0,84.94,2.12,1060.0,28.94
花店,Bali Shag Rounded Virginia 40g装,Bali Shag/巴厘岛,烟丝,40.0,84.94,2.12,1060.0,28.94
花店,Bali Shag Rich Virginia 40g装,Bali Shag/巴厘岛,烟丝,40.0,84.94,2.12,1060.0,28.94
花店,Bali Shag Premium Virginia 40g装,Bali Shag/巴厘岛,烟丝,40.0,88.45,2.21,1105.0,30.02
花店,Bi Bo Fine Cut 40g装,Bi Bo/,烟丝,40.0,105.3,2.63,1315.0,35.06
花店,Black Hawk Cappuccino 100g 罐装,Black Hawk/黑鹰,烟丝,100.0,210.6,2.11,1055.0,28.82
花店,Black Spider Shag Coconut Milk 30g装,Black Spider/黑蜘蛛,烟丝,30.0,58.27,1.94,970.0,26.78
花店,Black Spider Shag Melon Menthol 30g装,Black Spider/黑蜘蛛,烟丝,30.0,58.27,1.94,970.0,26.78
花店,Black Spider Shag Menthol Max 30g装,Black Spider/黑蜘蛛,烟丝,30.0,58.27,1.94,970.0,26.78
花店,Black Spider Shag Ice Vanilla 30g装,Black Spider/黑蜘蛛,烟丝,30.0,58.27,1.94,970.0,26.78
花店,Black Spider Shag Frozen Mojito 30g装,Black Spider/黑蜘蛛,烟丝,30.0,58.27,1.94,970.0,26.78
花店,Black Spider Shag Tropical Menthol 30g装,Black Spider/黑蜘蛛,烟丝,30.0,58.27,1.94,970.0,26.78
花店,Black Spider Shag Cafe Vanilla 30g装,Black Spider/黑蜘蛛,烟丝,30.0,58.27,1.94,970.0,26.78
花店,Black Spider Shag Lemon Tea 30g装,Black Spider/黑蜘蛛,烟丝,30.0,58.27,1.94,970.0,26.78
花店,Black Spider Shag Cherry Cola 30g装,Black Spider/黑蜘蛛,烟丝,30.0,58.27,1.94,970.0,26.78
花店,Black Spider Shag Peach 30g装,Black Spider/黑蜘蛛,烟丝,30.0,58.27,1.94,970.0,26.78
花店,Black Spider Shag Mixed Nuts 30g装,Black Spider/黑蜘蛛,烟丝,30.0,58.27,1.94,970.0,26.78
花店,Black Spider Shag Orange Peel Menthol 30g装,Black Spider/黑蜘蛛,烟丝,30.0,58.27,1.94,970.0,26.78
花店,Black Spider Shag Lychee Menthol 30g装,Black Spider/黑蜘蛛,烟丝,30.0,58.27,1.94,970.0,26.78
花店,Black Spider Shag Strawberry Candy 30g装,Black Spider/黑蜘蛛,烟丝,30.0,58.27,1.94,970.0,26.78
花店,Black Spider Shag Chocolate 30g装,Black Spider/黑蜘蛛,烟丝,30.0,58.27,1.94,970.0,26.78
花店,Black Spider Shag Mango Lassi 30g装,Black Spider/黑蜘蛛,烟丝,30.0,58.27,1.94,970.0,26.78
花店,Black Spider Shag Green Tea 30g装,Black Spider/黑蜘蛛,烟丝,30.0,58.27,1.94,970.0,26.78
花店,Black Spider Shag Double Rich Custard 30g装,Black Spider/黑蜘蛛,烟丝,30.0,58.27,1.94,970.0,26.78
花店,Black Spider Shag Kyoho Menthol 30g装,Black Spider/黑蜘蛛,烟丝,30.0,58.27,1.94,970.0,26.78
花店,Black Spider Shag Marron Glace 30g装,Black Spider/黑蜘蛛,烟丝,30.0,58.27,1.94,970.0,26.78
花店,Black Spider Shag Afternoon Tea 30g装,Black Spider/黑蜘蛛,烟丝,30.0,58.27,1.94,970.0,26.78
花店,Black Spider Shag Ramune 30g装,Black Spider/黑蜘蛛,烟丝,30.0,58.27,1.94,970.0,26.78
花店,Black Spider Shag Ginger Ale 30g装,Black Spider/黑蜘蛛,烟丝,30.0,58.27,1.94,970.0,26.78
花店,Black Spider Shag Muscat 30g装,Black Spider/黑蜘蛛,烟丝,30.0,58.27,1.94,970.0,26.78
花店,Black Spider Shag Amazon Guarana 30g装,Black Spider/黑蜘蛛,烟丝,30.0,58.27,1.94,970.0,26.78
花店,Black Spider Shag Yuzu 30g装,Black Spider/黑蜘蛛,烟丝,30.0,58.27,1.94,970.0,26.78
花店,Black Spider Shag Virginia Plus 30g装,Black Spider/黑蜘蛛,烟丝,30.0,58.27,1.94,970.0,26.78
花店,Black Spider Shag Kir Royale 30g装,Black Spider/黑蜘蛛,烟丝,30.0,58.27,1.94,970.0,26.78
花店,Black Spider Shag Apple Pie 30g装,Black Spider/黑蜘蛛,烟丝,30.0,58.27,1.94,970.0,26.78
花店,Black Devil Original Shag Coconut Milk 40g装,BlackDevil/黑魔鬼,烟丝,40.0,77.22,1.93,965.0,26.66
花店,Blue Note Fine Cut 40g装,Blue Note/蓝色音符,烟丝,40.0,105.3,2.63,1315.0,35.06
花店,卡布奇诺/Cappuccino 巧克力 40g装,Cappuccino/卡布奇诺,烟丝,40.0,88.45,2.21,1105.0,30.02
花店,卡布奇诺/Cappuccino 40g装,Cappuccino/卡布奇诺,烟丝,40.0,88.45,2.21,1105.0,30.02
花店,Choice Kir Royale 30g装,CHOICE/,烟丝,30.0,58.27,1.94,970.0,26.78
花店,Choice Cafe 30g装,CHOICE/,烟丝,30.0,58.27,1.94,970.0,26.78
花店,Choice Original 30g装,CHOICE/,烟丝,30.0,58.27,1.94,970.0,26.78
花店,Choice Rhubarb 30g装,CHOICE/,烟丝,30.0,58.27,1.94,970.0,26.78
花店,Colts Vanilla 30g装,COLTS/,烟丝,30.0,59.67,1.99,995.0,27.38
花店,Colts Fruity Jasmine 30g装,COLTS/,烟丝,30.0,59.67,1.99,995.0,27.38
花店,Colts Green Tea 30g装,COLTS/,烟丝,30.0,59.67,1.99,995.0,27.38
花店,Colts Lychee 30g装,COLTS/,烟丝,30.0,59.67,1.99,995.0,27.38
花店,Colts Apple & Cinnamon 30g装,COLTS/,烟丝,30.0,59.67,1.99,995.0,27.38
花店,Colts 100% Natural 30g装,COLTS/,烟丝,30.0,59.67,1.99,995.0,27.38
花店,Colts Clear Menthol 30g装,COLTS/,烟丝,30.0,59.67,1.99,995.0,27.38
花店,Colts Cherry 30g装,COLTS/,烟丝,30.0,59.67,1.99,995.0,27.38
花店,Colts Smooth Taste 30g装,COLTS/,烟丝,30.0,59.67,1.99,995.0,27.38
花店,Dora Watermelon 30g装,DORA/,烟丝,30.0,63.18,2.11,1055.0,28.82
花店,Dora Peach Cream 30g装,DORA/,烟丝,30.0,63.18,2.11,1055.0,28.82
花店,Dora Walnut Cream 30g装,DORA/,烟丝,30.0,63.18,2.11,1055.0,28.82
花店,Dora Ice 30g装,DORA/,烟丝,30.0,63.18,2.11,1055.0,28.82
花店,Dora Creme Brulee 30g装,DORA/,烟丝,30.0,63.18,2.11,1055.0,28.82
花店,Dora  Acai 30g装,DORA/,烟丝,30.0,63.18,2.11,1055.0,28.82
花店,Dora Cherry 30g装,DORA/,烟丝,30.0,63.18,2.11,1055.0,28.82
花店,Dora Yellow Virginia 30g装,DORA/,烟丝,30.0,63.18,2.11,1055.0,28.82
花店,Drum 50g装,DRUM/,烟丝,50.0,98.28,1.97,985.0,27.14
花店,Flandria Spanish Virginia 25g装,Flandria/佛朗德里亚,烟丝,25.0,53.35,2.13,1065.0,29.06
花店,Flandria Original 25g装,Flandria/佛朗德里亚,烟丝,25.0,53.35,2.13,1065.0,29.06
花店,Flandria Virginia 25g装,Flandria/佛朗德里亚,烟丝,25.0,53.35,2.13,1065.0,29.06
花店,Flandria Vanilla 25g装,Flandria/佛朗德里亚,烟丝,25.0,53.35,2.13,1065.0,29.06
花店,Flandria Gold 25g装,Flandria/佛朗德里亚,烟丝,25.0,53.35,2.13,1065.0,29.06
花店,Flandria Black 25g装,Flandria/佛朗德里亚,烟丝,25.0,53.35,2.13,1065.0,29.06
花店,Flandria Silver 25g装,Flandria/佛朗德里亚,烟丝,25.0,53.35,2.13,1065.0,29.06
花店,Flandria Natural 25g装,Flandria/佛朗德里亚,烟丝,25.0,53.35,2.13,1065.0,29.06
花店,金色混合/Golden Blend's Virginia 30g装,Golden Blend's/金色混合,烟丝,30.0,63.18,2.11,1055.0,28.82
花店,金色混合/Golden Blend's Aromatic Shag 30g装,Golden Blend's/金色混合,烟丝,30.0,63.18,2.11,1055.0,28.82
花店,Golden Virginia 50g装,Golden Virginia/金色佛吉尼亚,烟丝,50.0,98.28,1.97,985.0,27.14
花店,Harvest Shag Cherry 30g装,HARVEST/,烟丝,30.0,58.27,1.94,970.0,26.78
花店,Harvest Shag Vanilla 30g装,HARVEST/,烟丝,30.0,58.27,1.94,970.0,26.78
花店,Hi-Tabaco Virginia Gold 30g装,Hi-Tabaco/,烟丝,30.0,75.82,2.53,1265.0,33.86
花店,Hi-Tabaco Non-Additive Premium 30g装,Hi-Tabaco/,烟丝,30.0,75.82,2.53,1265.0,33.86
花店,Hi-Tabaco Dark Fire 30g装,Hi-Tabaco/,烟丝,30.0,65.99,2.2,1100.0,29.9
花店,JBR Vanilla 30g装,JBR/,烟丝,30.0,63.18,2.11,1055.0,28.82
花店,JBR Blueberry Mint 30g装,JBR/,烟丝,30.0,63.18,2.11,1055.0,28.82
花店,JBR Two Apple 30g装,JBR/,烟丝,30.0,63.18,2.11,1055.0,28.82
花店,JBR Grape 30g装,JBR/,烟丝,30.0,63.18,2.11,1055.0,28.82
花店,伐木工/Lumber Jack Original 25g装,Lumber Jack/伐木工,烟丝,25.0,49.14,1.97,985.0,27.14
花店,伐木工/Lumber Jack Light 25g装,Lumber Jack/伐木工,烟丝,25.0,49.14,1.97,985.0,27.14
花店,曼尼顿/Manitou Gold 80g罐装,Manitou/曼尼顿,烟丝,80.0,169.88,2.12,1060.0,28.94
花店,曼尼顿/Manitou Gold 30g装,Manitou/曼尼顿,烟丝,30.0,63.88,2.13,1065.0,29.06
花店,曼尼顿/Manitou Organic 25g装,Manitou/曼尼顿,烟丝,25.0,63.88,2.56,1280.0,34.22
花店,Pepe Dark Green 30g装,PEPE/,烟丝,30.0,58.97,1.97,985.0,27.14
花店,Pepe Rich Green 30g装,PEPE/,烟丝,30.0,58.97,1.97,985.0,27.14
花店,Pepe Organic Shag 30g装,PEPE/,烟丝,30.0,63.18,2.11,1055.0,28.82
花店,Pepe Easy Green 30g装,PEPE/,烟丝,30.0,58.97,1.97,985.0,27.14
花店,Pepe Rich Green Shag 100g 罐装,PEPE/,烟丝,100.0,190.94,1.91,955.0,26.42
花店,Pepe Dark Green Shag 100g 罐装,PEPE/,烟丝,100.0,190.94,1.91,955.0,26.42
花店,Pepe Easy Green Shag 100g 罐装,PEPE/,烟丝,100.0,190.94,1.91,955.0,26.42
花店,Pepe Organic Shag 100g 罐装,PEPE/,烟丝,100.0,190.94,1.91,955.0,26.42
花店,Perfect Blend Fine Cut 40g装,Perfect Blend/完美混合,烟丝,40.0,98.98,2.47,1235.0,33.14
花店,Pueblo Natural Shag 30g装,PUEBLO/普韦布洛,烟丝,30.0,63.18,2.11,1055.0,28.82
花店,Pueblo Natural Shag Blue 30g装,PUEBLO/普韦布洛,烟丝,30.0,63.18,2.11,1055.0,28.82
花店,Pueblo Natural Shag Orange 30g装,PUEBLO/普韦布洛,烟丝,30.0,63.18,2.11,1055.0,28.82
花店,Pueblo Natural Shag Pink 30g装,PUEBLO/普韦布洛,烟丝,30.0,63.18,2.11,1055.0,28.82
花店,Pueblo Natural Shag 100g装,PUEBLO/普韦布洛,烟丝,100.0,203.58,2.04,1020.0,27.98
花店,Pueblo Natural Shag Blue 100g装,PUEBLO/普韦布洛,烟丝,100.0,203.58,2.04,1020.0,27.98
花店,R&W Gold 30g装,R&W/,烟丝,30.0,76.52,2.55,1275.0,34.1
花店,R&W Premium 30g装,R&W/,烟丝,30.0,76.52,2.55,1275.0,34.1
花店,R&W Classic 30g装,R&W/,烟丝,30.0,76.52,2.55,1275.0,34.1
花店,R&W Green 30g装,R&W/,烟丝,30.0,76.52,2.55,1275.0,34.1
花店,R&W Classic Shag 100g Paper Can,R&W/,烟丝,100.0,249.21,2.49,1245.0,33.38
花店,R&W Green 100g Paper Can,R&W/,烟丝,100.0,249.21,2.49,1245.0,33.38
花店,R&W Premium 100g Paper Can,R&W/,烟丝,100.0,249.21,2.49,1245.0,33.38
花店,红牛/RED BULL Blueberry Mint 40g装,RED BULL/红牛,烟丝,40.0,84.24,2.11,1055.0,28.82
花店,红牛/RED BULL Two Apple 40g装,RED BULL/红牛,烟丝,40.0,84.24,2.11,1055.0,28.82
花店,红牛/RED BULL Halfzware Shag 40g装,RED BULL/红牛,烟丝,40.0,84.24,2.11,1055.0,28.82
花店,红牛/RED BULL Blond Shag 40g装,RED BULL/红牛,烟丝,40.0,84.24,2.11,1055.0,28.82
花店,红牛/RED BULL Zware Shag 40g装,RED BULL/红牛,烟丝,40.0,84.24,2.11,1055.0,28.82
花店,红场/Red Field Honey 20g装,RED FiELD/红场,烟丝,20.0,39.31,1.97,985.0,27.14
花店,红场/Red Field Plum 20g装,RED FiELD/红场,烟丝,20.0,39.31,1.97,985.0,27.14
花店,红场/Red Field Natural 20g装,RED FiELD/红场,烟丝,20.0,39.31,1.97,985.0,27.14
花店,红场/Red Field Maple 20g装,RED FiELD/红场,烟丝,20.0,39.31,1.97,985.0,27.14
花店,红场/Red Field Vanilla Caramel 20g装,RED FiELD/红场,烟丝,20.0,39.31,1.97,985.0,27.14
花店,红场/Red Field Virginia 20g装,RED FiELD/红场,烟丝,20.0,39.31,1.97,985.0,27.14
花店,红场/Red Field Arctic Menthol 20g装,RED FiELD/红场,烟丝,20.0,39.31,1.97,985.0,27.14
花店,Spade New York Blend 20g装,SPADE/,烟丝,20.0,35.1,1.76,880.0,24.62
花店,Spade Air Blend 20g装,SPADE/,烟丝,20.0,35.1,1.76,880.0,24.62
花店,Stanley Double Chocolate 25g装,STANLEY/斯坦利,烟丝,25.0,50.54,2.02,1010.0,27.74
花店,Stanley Double Coffee 25g装,STANLEY/斯坦利,烟丝,25.0,50.54,2.02,1010.0,27.74
花店,Stanley Double Apple 25g装,STANLEY/斯坦利,烟丝,25.0,50.54,2.02,1010.0,27.74
花店,Stanley Double Vanilla 25g装,STANLEY/斯坦利,烟丝,25.0,50.54,2.02,1010.0,27.74
花店,Stanley Double Orange 25g装,STANLEY/斯坦利,烟丝,25.0,50.54,2.02,1010.0,27.74
花店,Stanley Double Raspberry 25g装,STANLEY/斯坦利,烟丝,25.0,50.54,2.02,1010.0,27.74
花店,Stanley Double Cassis 25g装,STANLEY/斯坦利,烟丝,25.0,50.54,2.02,1010.0,27.74
花店,Stanley Vanilla 100g 罐装,STANLEY/斯坦利,烟丝,100.0,196.56,1.97,985.0,27.14
花店,Stanley Double Ice Mint 25g装,STANLEY/斯坦利,烟丝,25.0,50.54,2.02,1010.0,27.74
花店,Stanley Hazelnut 30g装,STANLEY/斯坦利,烟丝,30.0,58.27,1.94,970.0,26.78
花店,Stanley Double Hazelnut 25g装,STANLEY/斯坦利,烟丝,25.0,50.54,2.02,1010.0,27.74
花店,Stanley Liquorice 30g装,STANLEY/斯坦利,烟丝,30.0,58.27,1.94,970.0,26.78
花店,Stanley Double Earl Grey Tea 25g装,STANLEY/斯坦利,烟丝,25.0,50.54,2.02,1010.0,27.74
花店,Stanley Double Licorice 25g装,STANLEY/斯坦利,烟丝,25.0,50.54,2.02,1010.0,27.74
花店,三只狗/Three Dogs Cigar Blend 30g装,Three Dogs/三只狗,烟丝,30.0,70.2,2.34,1170.0,31.58
花店,三只狗/Three Dogs Latakia Blend 30g装,Three Dogs/三只狗,烟丝,30.0,70.2,2.34,1170.0,31.58
花店,三只狗/Three Dogs Cavendish Blend 30g装,Three Dogs/三只狗,烟丝,30.0,70.2,2.34,1170.0,31.58
花店,三只狗/Three Dogs Madagascar Vanilla 30g装,Three Dogs/三只狗,烟丝,30.0,70.2,2.34,1170.0,31.58
花店,三只狗/Three Dogs Kretek Blend 30g装,Three Dogs/三只狗,烟丝,30.0,70.2,2.34,1170.0,31.58
花店,三只狗/Three Dogs Perique Blend 30g装,Three Dogs/三只狗,烟丝,30.0,70.2,2.34,1170.0,31.58
花店,三只狗/Three Dogs Turkish Blend 30g装,Three Dogs/三只狗,烟丝,30.0,70.2,2.34,1170.0,31.58
花店,TP-77 American Blend 150g装,TP-77/,烟丝,150.0,280.1,1.87,935.0,25.94
花店,TP-77 Virginia Blend 150g装,TP-77/,烟丝,150.0,280.1,1.87,935.0,25.94
花店,TP-77 Menthol 150g装,TP-77/,烟丝,150.0,280.1,1.87,935.0,25.94
花店,TP-77 Omega Menthol 150g装,TP-77/,烟丝,150.0,280.1,1.87,935.0,25.94
花店,Wild Bison 35g装,Wild Bison/,烟丝,35.0,70.2,2.01,1005.0,27.62
花店,Wild Bison 150g装,Wild Bison/,烟丝,150.0,294.84,1.97,985.0,27.14
花店,ZIG-ZAG Golden Shag 25g装,ZIG-ZAG/,烟丝,25.0,47.74,1.91,955.0,26.42
花店,ZIG-ZAG Mint Shag 25g装,ZIG-ZAG/,烟丝,25.0,47.74,1.91,955.0,26.42
花店,Seven Seas Regular Blend 40g装,7seas/Seven Seas,烟斗丝,40.0,87.75,2.19,1095.0,29.78
花店,Seven Seas Cherry 40g装,7seas/Seven Seas,烟斗丝,40.0,87.75,2.19,1095.0,29.78
花店,Seven Seas Royal Blend 40g装,7seas/Seven Seas,烟斗丝,40.0,87.75,2.19,1095.0,29.78
花店,Seven Seas Gold Blend 40g装,7seas/Seven Seas,烟斗丝,40.0,87.75,2.19,1095.0,29.78
花店,Amphora Full Aromatek 50g装,AMPHORA/,烟斗丝,50.0,104.6,2.09,1045.0,28.58
花店,Amphora Black Cavendish 50g装,AMPHORA/,烟斗丝,50.0,104.6,2.09,1045.0,28.58
花店,Amphora Rich Aroma 50g装,AMPHORA/,烟斗丝,50.0,104.6,2.09,1045.0,28.58
花店,Amphora English Blend 50g装,AMPHORA/,烟斗丝,50.0,104.6,2.09,1045.0,28.58
花店,老船长/Ark Royal Full Aroma Pipe 50g装,Ark Royal/老船长,烟斗丝,50.0,103.19,2.06,1030.0,28.22
花店,Bi Bo Pipe Tobacco 50g装,Bi Bo/,烟斗丝,50.0,207.09,4.14,2070.0,53.18
花店,Bi Bo Pipe Tobacco Other Brother 50g装,Bi Bo/,烟斗丝,50.0,210.6,4.21,2105.0,54.02
花店,Blue Note 50g装,Blue Note/蓝色音符,烟斗丝,50.0,207.09,4.14,2070.0,53.18
花店,BORKUM RIFF Vanilla 50g装,BORKUM RIFF/,烟斗丝,50.0,111.62,2.23,1115.0,30.26
花店,BORKUM RIFF Cherry Cavendish 50g装,BORKUM RIFF/,烟斗丝,50.0,111.62,2.23,1115.0,30.26
花店,BORKUM RIFF 50g装,BORKUM RIFF/,烟斗丝,50.0,111.62,2.23,1115.0,30.26
花店,BORKUM RIFF Original (原 Ultra Light) 50g装,BORKUM RIFF/,烟斗丝,50.0,111.62,2.23,1115.0,30.26
花店,Capito Mellow Light 40g装,CAPITO /,烟斗丝,40.0,94.77,2.37,1185.0,31.94
花店,黑船长/Captain Black Gold 42.5g装,Captain Black/黑船长,烟斗丝,42.5,98.28,2.31,1155.0,31.22
花店,黑船长/Captain Black Pipe Royal 42.5g装,Captain Black/黑船长,烟斗丝,42.5,98.28,2.31,1155.0,31.22
花店,黑船长/Captain Black Original 42.5g装,Captain Black/黑船长,烟斗丝,42.5,98.28,2.31,1155.0,31.22
花店,黑船长/Captain Black Pipe Cherry 42.5g装,Captain Black/黑船长,烟斗丝,42.5,98.28,2.31,1155.0,31.22
花店,黑船长/Captain Black Pipe Watermelon 42.5g装,Captain Black/黑船长,烟斗丝,42.5,98.28,2.31,1155.0,31.22
花店,黑船长/Captain Black Pipe Green Apple 42.5g装,Captain Black/黑船长,烟斗丝,42.5,98.28,2.31,1155.0,31.22
花店,DTM Treasures of Ireland Sligo Bay 50g装,DTM/,烟斗丝,50.0,210.6,4.21,2105.0,54.02
花店,金色混合/Golden Blend's Amaretto 50g装,Golden Blend's/金色混合,烟斗丝,50.0,115.83,2.32,1160.0,31.34
花店,金色混合/Golden Blend's Vanilla 50g装,Golden Blend's/金色混合,烟斗丝,50.0,115.83,2.32,1160.0,31.34
花店,Half and Half 50g装,HALF AND HALF/,烟斗丝,50.0,113.72,2.27,1135.0,30.74
花店,马坝/Mac Baren Mixture 50g装,Mac Baren/马坝,烟斗丝,50.0,112.32,2.25,1125.0,30.5
花店,桃山/Momoyama 100g装,Momoyama/桃山,烟斗丝,100.0,238.68,2.39,1195.0,32.18
花店,桃山/Momoyama 40g装,Momoyama/桃山,烟斗丝,40.0,94.77,2.37,1185.0,31.94
花店,Perfect Blend 100g装,Perfect Blend/完美混合,烟斗丝,100.0,343.98,3.44,1720.0,44.78
花店,Pesse Canoe Oriental Flake 50g装,Pesse Canoe/,烟斗丝,50.0,210.6,4.21,2105.0,54.02
花店,Pesse Canoe Latakia Flake - 40 [50g装],Pesse Canoe/,烟斗丝,50.0,210.6,4.21,2105.0,54.02
花店,Pesse Canoe South 50g装,Pesse Canoe/,烟斗丝,50.0,224.64,4.49,2245.0,57.38
花店,Pesse Canoe East 50g装,Pesse Canoe/,烟斗丝,50.0,224.64,4.49,2245.0,57.38
花店,Pesse Canoe West 50g装,Pesse Canoe/,烟斗丝,50.0,224.64,4.49,2245.0,57.38
花店,Pesse Canoe North 50g装,Pesse Canoe/,烟斗丝,50.0,224.64,4.49,2245.0,57.38
花店,Pesse Canoe Latakia Flake - 20 [50g装],Pesse Canoe/,烟斗丝,50.0,210.6,4.21,2105.0,54.02
花店,Peterson Flake 50g装,Peterson/彼得森,烟斗丝,50.0,182.52,3.65,1825.0,47.3
花店,Peterson Early Morning 50g装,Peterson/彼得森,烟斗丝,50.0,182.52,3.65,1825.0,47.3
花店,Peterson My Mixture 965 50g装,Peterson/彼得森,烟斗丝,50.0,182.52,3.65,1825.0,47.3
花店,Peterson Old Dublin 50g装,Peterson/彼得森,烟斗丝,50.0,161.46,3.23,1615.0,42.26
花店,Peterson Aran 40g装,Peterson/彼得森,烟斗丝,40.0,106.7,2.67,1335.0,35.54
花店,Peterson Sherlock Holmes 50g装,Peterson/彼得森,烟斗丝,50.0,161.46,3.23,1615.0,42.26
花店,Peterson Irish Dew 40g装,Peterson/彼得森,烟斗丝,40.0,106.7,2.67,1335.0,35.54
花店,Peterson Wild Atlantic 40g装,Peterson/彼得森,烟斗丝,40.0,106.7,2.67,1335.0,35.54
花店,Promenade 40g装,PROMENADE/,烟斗丝,40.0,94.77,2.37,1185.0,31.94
花店,ROCK'N CHAIR 40g装,ROCK'N CHAIR/,烟斗丝,40.0,94.77,2.37,1185.0,31.94
花店,Samuel Gawith Kendal Cream Deluxe flake 50g装,Samuel Gawith/塞缪尔加维,烟斗丝,50.0,224.64,4.49,2245.0,57.38
花店,Samuel Gawith Golden Glow 50g装,Samuel Gawith/塞缪尔加维,烟斗丝,50.0,224.64,4.49,2245.0,57.38
花店,Samuel Gawith Perfection 50g装,Samuel Gawith/塞缪尔加维,烟斗丝,50.0,224.64,4.49,2245.0,57.38
花店,Samuel Gawith Fire Dance Flake 50g装,Samuel Gawith/塞缪尔加维,烟斗丝,50.0,224.64,4.49,2245.0,57.38
花店,Samuel Gawith Grousemoor 50g装,Samuel Gawith/塞缪尔加维,烟斗丝,50.0,224.64,4.49,2245.0,57.38
花店,Samuel Gawith Commonwealth 50g装,Samuel Gawith/塞缪尔加维,烟斗丝,50.0,224.64,4.49,2245.0,57.38
花店,Samuel Gawith Skiff Mixture 50g装,Samuel Gawith/塞缪尔加维,烟斗丝,50.0,224.64,4.49,2245.0,57.38
花店,Samuel Gawith Squadron Leader 50g装,Samuel Gawith/塞缪尔加维,烟斗丝,50.0,224.64,4.49,2245.0,57.38
花店,Samuel Gawith Balkan Flake 50g装,Samuel Gawith/塞缪尔加维,烟斗丝,50.0,224.64,4.49,2245.0,57.38
花店,Samuel Gawith Bothy Flake 50g装,Samuel Gawith/塞缪尔加维,烟斗丝,50.0,224.64,4.49,2245.0,57.38
花店,SILK ROAD 40g装,SILK ROAD/丝绸之路,烟斗丝,40.0,94.77,2.37,1185.0,31.94
花店,SOL Gold 30g装,SOL/,烟斗丝,30.0,67.39,2.25,1125.0,30.5
花店,SOL Gold 80g装,SOL/,烟斗丝,80.0,174.1,2.18,1090.0,29.66
花店,SOL Mint 30g装,SOL/,烟斗丝,30.0,67.39,2.25,1125.0,30.5
花店,Sweet Dublin 50g装,Sweet Dublin/甜都柏林,烟斗丝,50.0,113.72,2.27,1135.0,30.74
花店,Take Your Time 50g装,Take Your Time/,烟斗丝,50.0,207.09,4.14,2070.0,53.18
花店,Larsen The Master's Blend 50g装,W.Ø.LARSEN/,烟斗丝,50.0,118.64,2.37,1185.0,31.94
花店,Larsen Signature 100g装,W.Ø.LARSEN/,烟斗丝,100.0,329.94,3.3,1650.0,43.1
花店,Larsen Fine and Elegant 50g装,W.Ø.LARSEN/,烟斗丝,50.0,118.64,2.37,1185.0,31.94
花店,Larsen Mellow and Tasty 50g装,W.Ø.LARSEN/,烟斗丝,50.0,118.64,2.37,1185.0,31.94
花店,飞鸟 100g罐装,飞鸟/,烟斗丝,100.0,252.72,2.53,1265.0,33.86
花店,阿姆斯特丹/Amsterdamer Original Virginia 30g装,Amsterdamer/阿姆斯特丹,烟丝,30.0,38.61,1.29,645.0,18.98
花店,阿姆斯特丹/Amsterdamer Dark Virginia 30g装,Amsterdamer/阿姆斯特丹,烟丝,30.0,38.61,1.29,645.0,18.98
花店,阿姆斯特丹/Amsterdamer Bright Virginia 30g装,Amsterdamer/阿姆斯特丹,烟丝,30.0,38.61,1.29,645.0,18.98
花店,Bragilian Spirit Classic 20g装,Bragilian Spirit/,烟丝,20.0,33.7,1.69,845.0,23.78
花店,Bragilian Spirit American Blend 20g装,Bragilian Spirit/,烟丝,20.0,33.7,1.69,845.0,23.78
花店,Bragilian Spirit Dark Fired 20g装,Bragilian Spirit/,烟丝,20.0,33.7,1.69,845.0,23.78
花店,Bragilian Spirit Virginia Blend 20g装,Bragilian Spirit/,烟丝,20.0,33.7,1.69,845.0,23.78
花店,IROHA 30g装,IROHA/,烟丝,30.0,52.65,1.75,875.0,24.5
花店,RYTUA Jatim 25g装,RYTUA/,烟丝,25.0,45.63,1.83,915.0,25.46
花店,RYTUA Zambesi 25g装,RYTUA/,烟丝,25.0,45.63,1.83,915.0,25.46
花店,大江戸刻 OH·EDO KIZAMI 30g装,大江户刻/,烟丝,30.0,115.83,3.86,1930.0,49.82
花店,宝船 Gold 20g装,宝船/,烟丝,20.0,41.42,2.07,1035.0,28.34
花店,宝船 20g装,宝船/,烟丝,20.0,41.42,2.07,1035.0,28.34
花店,小粹 10g装,小粹/,烟丝,10.0,42.12,4.21,2105.0,54.02
花店,松风 30g装,松风/,烟丝,30.0,58.27,1.94,970.0,26.78
nov,Crooner (Bulk),Cornell & Diehl,烟斗丝,28.3,44.3,1.57,785.0,22.34
nov,Crooner (Bulk),Cornell & Diehl,烟斗丝,56.7,86.06,1.52,760.0,21.74
nov,Crooner (Bulk),Cornell & Diehl,烟斗丝,113.4,162.45,1.43,715.0,20.66
nov,Crooner (Bulk),Cornell & Diehl,烟斗丝,226.8,305.04,1.34,670.0,19.58
nov,Crooner (Bulk),Cornell & Diehl,烟斗丝,453.6,562.72,1.24,620.0,18.38
nov,Nutty Irishman (Bulk),Cornell & Diehl,烟斗丝,28.3,44.3,1.57,785.0,22.34
nov,Nutty Irishman (Bulk),Cornell & Diehl,烟斗丝,56.7,86.06,1.52,760.0,21.74
nov,Nutty Irishman (Bulk),Cornell & Diehl,烟斗丝,113.4,162.45,1.43,715.0,20.66
nov,Nutty Irishman (Bulk),Cornell & Diehl,烟斗丝,226.8,305.04,1.34,670.0,19.58
nov,Nutty Irishman (Bulk),Cornell & Diehl,烟斗丝,453.6,562.72,1.24,620.0,18.38
nov,Pegasus (Bulk),Cornell & Diehl,烟斗丝,28.3,44.3,1.57,785.0,22.34
nov,Pegasus (Bulk),Cornell & Diehl,烟斗丝,56.7,86.06,1.52,760.0,21.74
nov,Pegasus (Bulk),Cornell & Diehl,烟斗丝,113.4,162.45,1.43,715.0,20.66
nov,Pegasus (Bulk),Cornell & Diehl,烟斗丝,226.8,305.04,1.34,670.0,19.58
nov,Pegasus (Bulk),Cornell & Diehl,烟斗丝,453.6,562.72,1.24,620.0,18.38
nov,Balkan Supreme (Bulk),Arango,烟斗丝,28.3,43.29,1.53,765.0,21.86
nov,Balkan Supreme (Bulk),Arango,烟斗丝,56.7,80.97,1.43,715.0,20.66
nov,Balkan Supreme (Bulk),Arango,烟斗丝,113.4,153.69,1.36,680.0,19.82
nov,Balkan Supreme (Bulk),Arango,烟斗丝,226.8,286.61,1.26,630.0,18.62
nov,Balkan Supreme (Bulk),Arango,烟斗丝,453.6,544.39,1.2,600.0,17.9
nov,PS402 Luxury Twist Flake (Bulk),Peter Stokkebye,烟斗丝,28.3,60.6,2.14,1070.0,29.18
nov,PS402 Luxury Twist Flake (Bulk),Peter Stokkebye,烟斗丝,56.7,114.07,2.01,1005.0,27.62
nov,PS402 Luxury Twist Flake (Bulk),Peter Stokkebye,烟斗丝,113.4,215.41,1.9,950.0,26.3
nov,PS402 Luxury Twist Flake (Bulk),Peter Stokkebye,烟斗丝,226.8,401.9,1.77,885.0,24.74
nov,PS402 Luxury Twist Flake (Bulk),Peter Stokkebye,烟斗丝,453.6,769.37,1.7,850.0,23.9
nov,PS402 Luxury Twist Flake (Bulk),Peter Stokkebye,烟斗丝,680.4,1106.7,1.63,815.0,23.06
nov,PS400 Luxury Navy Flake (Bulk),Peter Stokkebye,烟斗丝,28.3,49.19,1.74,870.0,24.38
nov,PS400 Luxury Navy Flake (Bulk),Peter Stokkebye,烟斗丝,56.7,92.48,1.63,815.0,23.06
nov,PS400 Luxury Navy Flake (Bulk),Peter Stokkebye,烟斗丝,113.4,174.67,1.54,770.0,21.98
nov,PS400 Luxury Navy Flake (Bulk),Peter Stokkebye,烟斗丝,226.8,325.82,1.44,720.0,20.78
nov,PS400 Luxury Navy Flake (Bulk),Peter Stokkebye,烟斗丝,453.6,623.63,1.37,685.0,19.94
nov,PS400 Luxury Navy Flake (Bulk),Peter Stokkebye,烟斗丝,680.4,897.09,1.32,660.0,19.34
nov,Old Joe Krantz (Bulk),Cornell & Diehl,烟斗丝,28.3,44.3,1.57,785.0,22.34
nov,Old Joe Krantz (Bulk),Cornell & Diehl,烟斗丝,56.7,86.06,1.52,760.0,21.74
nov,Old Joe Krantz (Bulk),Cornell & Diehl,烟斗丝,113.4,162.45,1.43,715.0,20.66
nov,Old Joe Krantz (Bulk),Cornell & Diehl,烟斗丝,226.8,305.04,1.34,670.0,19.58
nov,Old Joe Krantz (Bulk),Cornell & Diehl,烟斗丝,453.6,562.72,1.24,620.0,18.38
nov,Epiphany (Bulk),Cornell & Diehl,烟斗丝,28.3,44.3,1.57,785.0,22.34
nov,Epiphany (Bulk),Cornell & Diehl,烟斗丝,56.7,86.06,1.52,760.0,21.74
nov,Epiphany (Bulk),Cornell & Diehl,烟斗丝,113.4,162.45,1.43,715.0,20.66
nov,Epiphany (Bulk),Cornell & Diehl,烟斗丝,226.8,305.04,1.34,670.0,19.58
nov,Epiphany (Bulk),Cornell & Diehl,烟斗丝,453.6,562.72,1.24,620.0,18.38
nov,Autumn Evening (Bulk),Cornell & Diehl,烟斗丝,28.3,44.3,1.57,785.0,22.34
nov,Autumn Evening (Bulk),Cornell & Diehl,烟斗丝,56.7,86.06,1.52,760.0,21.74
nov,Autumn Evening (Bulk),Cornell & Diehl,烟斗丝,113.4,162.45,1.43,715.0,20.66
nov,Autumn Evening (Bulk),Cornell & Diehl,烟斗丝,226.8,305.04,1.34,670.0,19.58
nov,Autumn Evening (Bulk),Cornell & Diehl,烟斗丝,453.6,562.72,1.24,620.0,18.38
nov,Haunted Bookshop (Bulk),Cornell & Diehl,烟斗丝,28.3,44.3,1.57,785.0,22.34
nov,Haunted Bookshop (Bulk),Cornell & Diehl,烟斗丝,56.7,86.06,1.52,760.0,21.74
nov,Haunted Bookshop (Bulk),Cornell & Diehl,烟斗丝,113.4,162.45,1.43,715.0,20.66
nov,Haunted Bookshop (Bulk),Cornell & Diehl,烟斗丝,226.8,305.04,1.34,670.0,19.58
nov,Haunted Bookshop (Bulk),Cornell & Diehl,烟斗丝,453.6,562.72,1.24,620.0,18.38
nov,Exclusive (Bulk),Cornell & Diehl,烟斗丝,28.3,44.3,1.57,785.0,22.34
nov,Exclusive (Bulk),Cornell & Diehl,烟斗丝,56.7,86.06,1.52,760.0,21.74
nov,Exclusive (Bulk),Cornell & Diehl,烟斗丝,113.4,162.45,1.43,715.0,20.66
nov,Exclusive (Bulk),Cornell & Diehl,烟斗丝,226.8,305.04,1.34,670.0,19.58
nov,Exclusive (Bulk),Cornell & Diehl,烟斗丝,453.6,562.72,1.24,620.0,18.38
nov,Odessa (Bulk),Cornell & Diehl,烟斗丝,28.3,44.3,1.57,785.0,22.34
nov,Odessa (Bulk),Cornell & Diehl,烟斗丝,56.7,86.06,1.52,760.0,21.74
nov,Odessa (Bulk),Cornell & Diehl,烟斗丝,113.4,162.45,1.43,715.0,20.66
nov,Odessa (Bulk),Cornell & Diehl,烟斗丝,226.8,305.04,1.34,670.0,19.58
nov,Odessa (Bulk),Cornell & Diehl,烟斗丝,453.6,562.72,1.24,620.0,18.38
nov,Super Balkan (Bulk),Cornell & Diehl,烟斗丝,28.3,44.3,1.57,785.0,22.34
nov,Super Balkan (Bulk),Cornell & Diehl,烟斗丝,56.7,86.06,1.52,760.0,21.74
nov,Super Balkan (Bulk),Cornell & Diehl,烟斗丝,113.4,162.45,1.43,715.0,20.66
nov,Super Balkan (Bulk),Cornell & Diehl,烟斗丝,226.8,305.04,1.34,670.0,19.58
nov,Super Balkan (Bulk),Cornell & Diehl,烟斗丝,453.6,562.72,1.24,620.0,18.38
nov,Bayou Morning (Bulk),Cornell & Diehl,烟斗丝,28.3,44.3,1.57,785.0,22.34
nov,Bayou Morning (Bulk),Cornell & Diehl,烟斗丝,56.7,86.06,1.52,760.0,21.74
nov,Bayou Morning (Bulk),Cornell & Diehl,烟斗丝,113.4,162.45,1.43,715.0,20.66
nov,Bayou Morning (Bulk),Cornell & Diehl,烟斗丝,226.8,305.04,1.34,670.0,19.58
nov,Bayou Morning (Bulk),Cornell & Diehl,烟斗丝,453.6,562.72,1.24,620.0,18.38
nov,Star of the East (Bulk),Cornell & Diehl,烟斗丝,28.3,44.3,1.57,785.0,22.34
nov,Star of the East (Bulk),Cornell & Diehl,烟斗丝,56.7,86.06,1.52,760.0,21.74
nov,Star of the East (Bulk),Cornell & Diehl,烟斗丝,113.4,162.45,1.43,715.0,20.66
nov,Star of the East (Bulk),Cornell & Diehl,烟斗丝,226.8,305.04,1.34,670.0,19.58
nov,Star of the East (Bulk),Cornell & Diehl,烟斗丝,453.6,562.72,1.24,620.0,18.38
nov,Dark Fired Kentucky (Bulk),Cornell & Diehl,烟斗丝,28.3,44.3,1.57,785.0,22.34
nov,Dark Fired Kentucky (Bulk),Cornell & Diehl,烟斗丝,56.7,86.06,1.52,760.0,21.74
nov,Dark Fired Kentucky (Bulk),Cornell & Diehl,烟斗丝,113.4,162.45,1.43,715.0,20.66
nov,Dark Fired Kentucky (Bulk),Cornell & Diehl,烟斗丝,226.8,305.04,1.34,670.0,19.58
nov,Dark Fired Kentucky (Bulk),Cornell & Diehl,烟斗丝,453.6,562.72,1.24,620.0,18.38
nov,Old Joe Krantz Blue Label (Bulk),Cornell & Diehl,烟斗丝,28.3,44.3,1.57,785.0,22.34
nov,Old Joe Krantz Blue Label (Bulk),Cornell & Diehl,烟斗丝,56.7,86.06,1.52,760.0,21.74
nov,Old Joe Krantz Blue Label (Bulk),Cornell & Diehl,烟斗丝,113.4,162.45,1.43,715.0,20.66
nov,Old Joe Krantz Blue Label (Bulk),Cornell & Diehl,烟斗丝,226.8,305.04,1.34,670.0,19.58
nov,Old Joe Krantz Blue Label (Bulk),Cornell & Diehl,烟斗丝,453.6,562.72,1.24,620.0,18.38
nov,Bayou Night (Bulk),Cornell & Diehl,烟斗丝,28.3,44.3,1.57,785.0,22.34
nov,Bayou Night (Bulk),Cornell & Diehl,烟斗丝,56.7,86.06,1.52,760.0,21.74
nov,Bayou Night (Bulk),Cornell & Diehl,烟斗丝,113.4,162.45,1.43,715.0,20.66
nov,Bayou Night (Bulk),Cornell & Diehl,烟斗丝,226.8,305.04,1.34,670.0,19.58
nov,Bayou Night (Bulk),Cornell & Diehl,烟斗丝,453.6,562.72,1.24,620.0,18.38
nov,Billy Budd (Bulk),Cornell & Diehl,烟斗丝,28.3,44.3,1.57,785.0,22.34
nov,Billy Budd (Bulk),Cornell & Diehl,烟斗丝,56.7,86.06,1.52,760.0,21.74
nov,Billy Budd (Bulk),Cornell & Diehl,烟斗丝,113.4,162.45,1.43,715.0,20.66
nov,Billy Budd (Bulk),Cornell & Diehl,烟斗丝,226.8,305.04,1.34,670.0,19.58
nov,Billy Budd (Bulk),Cornell & Diehl,烟斗丝,453.6,562.72,1.24,620.0,18.38
nov,Byzantium (Bulk),Cornell & Diehl,烟斗丝,28.3,44.3,1.57,785.0,22.34
nov,Byzantium (Bulk),Cornell & Diehl,烟斗丝,56.7,86.06,1.52,760.0,21.74
nov,Byzantium (Bulk),Cornell & Diehl,烟斗丝,113.4,162.45,1.43,715.0,20.66
nov,Byzantium (Bulk),Cornell & Diehl,烟斗丝,226.8,305.04,1.34,670.0,19.58
nov,Byzantium (Bulk),Cornell & Diehl,烟斗丝,453.6,562.72,1.24,620.0,18.38
nov,Old Joe Krantz White Label (Bulk),Cornell & Diehl,烟斗丝,28.3,44.3,1.57,785.0,22.34
nov,Old Joe Krantz White Label (Bulk),Cornell & Diehl,烟斗丝,56.7,86.06,1.52,760.0,21.74
nov,Old Joe Krantz White Label (Bulk),Cornell & Diehl,烟斗丝,113.4,162.45,1.43,715.0,20.66
nov,Old Joe Krantz White Label (Bulk),Cornell & Diehl,烟斗丝,226.8,305.04,1.34,670.0,19.58
nov,Old Joe Krantz White Label (Bulk),Cornell & Diehl,烟斗丝,453.6,562.72,1.24,620.0,18.38
nov,PS403 Luxury Bullseye Flake (Bulk),Peter Stokkebye,烟斗丝,28.3,60.6,2.14,1070.0,29.18
nov,PS403 Luxury Bullseye Flake (Bulk),Peter Stokkebye,烟斗丝,56.7,114.07,2.01,1005.0,27.62
nov,PS403 Luxury Bullseye Flake (Bulk),Peter Stokkebye,烟斗丝,113.4,215.41,1.9,950.0,26.3
nov,PS403 Luxury Bullseye Flake (Bulk),Peter Stokkebye,烟斗丝,226.8,401.9,1.77,885.0,24.74
nov,PS403 Luxury Bullseye Flake (Bulk),Peter Stokkebye,烟斗丝,453.6,769.37,1.7,850.0,23.9
nov,PS403 Luxury Bullseye Flake (Bulk),Peter Stokkebye,烟斗丝,680.4,1106.7,1.63,815.0,23.06
nov,PS41 Cube Cut (Bulk),Peter Stokkebye,烟斗丝,28.3,43.08,1.52,760.0,21.74
nov,PS41 Cube Cut (Bulk),Peter Stokkebye,烟斗丝,56.7,80.97,1.43,715.0,20.66
nov,PS41 Cube Cut (Bulk),Peter Stokkebye,烟斗丝,113.4,152.88,1.35,675.0,19.7
nov,PS41 Cube Cut (Bulk),Peter Stokkebye,烟斗丝,226.8,285.18,1.26,630.0,18.62
nov,PS41 Cube Cut (Bulk),Peter Stokkebye,烟斗丝,453.6,545.92,1.2,600.0,17.9
nov,Lane BCA (Bulk),Lane Limited,烟斗丝,28.3,40.94,1.45,725.0,20.9
nov,Lane BCA (Bulk),Lane Limited,烟斗丝,56.7,77.1,1.36,680.0,19.82
nov,Lane BCA (Bulk),Lane Limited,烟斗丝,113.4,145.54,1.28,640.0,18.86
nov,Lane BCA (Bulk),Lane Limited,烟斗丝,226.8,271.53,1.2,600.0,17.9
nov,Lane BCA (Bulk),Lane Limited,烟斗丝,453.6,519.84,1.15,575.0,17.3
nov,Kendal Dark Vintage Cut,Gawith Hoggarth & Co. (Bulk),烟斗丝,28.3,56.22,1.99,995.0,27.38
nov,Kendal Dark Vintage Cut,Gawith Hoggarth & Co. (Bulk),烟斗丝,56.7,105.72,1.86,930.0,25.82
nov,Kendal Dark Vintage Cut,Gawith Hoggarth & Co. (Bulk),烟斗丝,113.4,199.63,1.76,880.0,24.62
nov,Kendal Dark Vintage Cut,Gawith Hoggarth & Co. (Bulk),烟斗丝,226.8,372.36,1.64,820.0,23.18
nov,Kendal Dark Vintage Cut,Gawith Hoggarth & Co. (Bulk),烟斗丝,453.6,712.85,1.57,785.0,22.34
nov,Kendal Dark Vintage Cut,Gawith Hoggarth & Co. (Bulk),烟斗丝,500.0,753.38,1.51,755.0,21.62
nov,Mahogany Flake,Gawith Hoggarth & Co. (Bulk),烟斗丝,28.3,83.21,2.94,1470.0,38.78
nov,Mahogany Flake,Gawith Hoggarth & Co. (Bulk),烟斗丝,56.7,156.65,2.76,1380.0,36.62
nov,Mahogany Flake,Gawith Hoggarth & Co. (Bulk),烟斗丝,113.4,295.67,2.61,1305.0,34.82
nov,Mahogany Flake,Gawith Hoggarth & Co. (Bulk),烟斗丝,226.8,551.62,2.43,1215.0,32.66
nov,Mahogany Flake,Gawith Hoggarth & Co. (Bulk),烟斗丝,453.6,1055.98,2.33,1165.0,31.46
nov,Mahogany Flake,Gawith Hoggarth & Co. (Bulk),烟斗丝,500.0,1116.07,2.23,1115.0,30.26
nov,Lancer Slices,F&K (Bulk),烟斗丝,28.3,57.55,2.03,1015.0,27.86
nov,Lancer Slices,F&K (Bulk),烟斗丝,56.7,108.37,1.91,955.0,26.42
nov,Lancer Slices,F&K (Bulk),烟斗丝,113.4,204.62,1.8,900.0,25.1
nov,Lancer Slices,F&K (Bulk),烟斗丝,226.8,381.73,1.68,840.0,23.66
nov,Lancer Slices,F&K (Bulk),烟斗丝,453.6,730.77,1.61,805.0,22.82
nov,Black Bayou Mist,F&K (Bulk),烟斗丝,28.3,57.55,2.03,1015.0,27.86
nov,Black Bayou Mist,F&K (Bulk),烟斗丝,56.7,108.37,1.91,955.0,26.42
nov,Black Bayou Mist,F&K (Bulk),烟斗丝,113.4,204.62,1.8,900.0,25.1
nov,Black Bayou Mist,F&K (Bulk),烟斗丝,226.8,381.73,1.68,840.0,23.66
nov,Black Bayou Mist,F&K (Bulk),烟斗丝,453.6,730.77,1.61,805.0,22.82
nov,Sterling Balkan,F&K (Bulk),烟斗丝,28.3,55.51,1.96,980.0,27.02
nov,Sterling Balkan,F&K (Bulk),烟斗丝,56.7,104.4,1.84,920.0,25.58
nov,Sterling Balkan,F&K (Bulk),烟斗丝,113.4,197.59,1.74,870.0,24.38
nov,Sterling Balkan,F&K (Bulk),烟斗丝,226.8,367.27,1.62,810.0,22.94
nov,Sterling Balkan,F&K (Bulk),烟斗丝,453.6,702.26,1.55,775.0,22.1
nov,Creme Brulee,Sutliff (Bulk),烟斗丝,28.3,38.8,1.37,685.0,19.94
nov,Creme Brulee,Sutliff (Bulk),烟斗丝,56.7,73.03,1.29,645.0,18.98
nov,Creme Brulee,Sutliff (Bulk),烟斗丝,113.4,137.9,1.22,610.0,18.14
nov,Creme Brulee,Sutliff (Bulk),烟斗丝,226.8,257.37,1.13,565.0,17.06
nov,Creme Brulee,Sutliff (Bulk),烟斗丝,453.6,472.38,1.04,520.0,15.98
nov,Lane 1-Q,Lane Limited,烟斗丝,28.3,40.74,1.44,720.0,20.78
nov,Lane 1-Q,Lane Limited,烟斗丝,56.7,76.69,1.35,675.0,19.7
nov,Lane 1-Q,Lane Limited,烟斗丝,113.4,144.83,1.28,640.0,18.86
nov,Lane 1-Q,Lane Limited,烟斗丝,226.8,270.92,1.19,595.0,17.78
nov,Lane 1-Q,Lane Limited,烟斗丝,453.6,519.44,1.15,575.0,17.3
sp,Lane Limited 1-Q,Lane Limited,烟斗丝,28.35,40.94,1.44,720.0,20.78
sp,Lane Limited 1-Q,Lane Limited,烟斗丝,56.7,77.1,1.36,680.0,19.82
sp,Lane Limited 1-Q,Lane Limited,烟斗丝,113.4,145.54,1.28,640.0,18.86
sp,Lane Limited 1-Q,Lane Limited,烟斗丝,226.8,271.53,1.2,600.0,17.9
sp,Lane Limited 1-Q,Lane Limited,烟斗丝,453.59,519.84,1.15,575.0,17.3
sp,Lane Limited 1-Q,Lane Limited,烟斗丝,2267.96,2492.37,1.1,550.0,16.7
sp,Peter Stokkebye PS403 Luxury Bullseye Flake,Peter Stokkebye,烟斗丝,28.35,60.6,2.14,1070.0,29.18
sp,Peter Stokkebye PS403 Luxury Bullseye Flake,Peter Stokkebye,烟斗丝,56.7,114.07,2.01,1005.0,27.62
sp,Peter Stokkebye PS403 Luxury Bullseye Flake,Peter Stokkebye,烟斗丝,113.4,215.41,1.9,950.0,26.3
sp,Peter Stokkebye PS403 Luxury Bullseye Flake,Peter Stokkebye,烟斗丝,226.8,401.9,1.77,885.0,24.74
sp,Peter Stokkebye PS403 Luxury Bullseye Flake,Peter Stokkebye,烟斗丝,453.59,769.37,1.7,850.0,23.9
sp,Peter Stokkebye PS403 Luxury Bullseye Flake,Peter Stokkebye,烟斗丝,2267.96,1106.7,0.49,245.0,9.38
sp,Peter Stokkebye PS400 Luxury Navy Flake,Peter Stokkebye,烟斗丝,28.35,49.19,1.74,870.0,24.38
sp,Peter Stokkebye PS400 Luxury Navy Flake,Peter Stokkebye,烟斗丝,56.7,92.48,1.63,815.0,23.06
sp,Peter Stokkebye PS400 Luxury Navy Flake,Peter Stokkebye,烟斗丝,113.4,174.67,1.54,770.0,21.98
sp,Peter Stokkebye PS400 Luxury Navy Flake,Peter Stokkebye,烟斗丝,226.8,325.82,1.44,720.0,20.78
sp,Peter Stokkebye PS400 Luxury Navy Flake,Peter Stokkebye,烟斗丝,453.59,623.63,1.37,685.0,19.94
sp,Peter Stokkebye PS400 Luxury Navy Flake,Peter Stokkebye,烟斗丝,2267.96,897.09,0.4,200.0,8.3
sp,Erik Stokkebye 4th Generation Evening Flake,Erik Stokkebye 4th Generation,烟斗丝,28.35,53.78,1.9,950.0,26.3
sp,Erik Stokkebye 4th Generation Evening Flake,Erik Stokkebye 4th Generation,烟斗丝,56.7,101.14,1.78,890.0,24.86
sp,Erik Stokkebye 4th Generation Evening Flake,Erik Stokkebye 4th Generation,烟斗丝,113.4,190.97,1.68,840.0,23.66
sp,Erik Stokkebye 4th Generation Evening Flake,Erik Stokkebye 4th Generation,烟斗丝,226.8,356.17,1.57,785.0,22.34
sp,Erik Stokkebye 4th Generation Evening Flake,Erik Stokkebye 4th Generation,烟斗丝,453.59,681.89,1.5,750.0,21.5
sp,Erik Stokkebye 4th Generation Evening Flake,Erik Stokkebye 4th Generation,烟斗丝,2267.96,980.82,0.43,215.0,8.66
sp,Cornell & Diehl Autumn Evening,Cornell & Diehl,烟斗丝,28.35,44.71,1.58,790.0,22.46
sp,Cornell & Diehl Autumn Evening,Cornell & Diehl,烟斗丝,56.7,84.13,1.48,740.0,21.26
sp,Cornell & Diehl Autumn Evening,Cornell & Diehl,烟斗丝,113.4,158.89,1.4,700.0,20.3
sp,Cornell & Diehl Autumn Evening,Cornell & Diehl,烟斗丝,226.8,296.49,1.31,655.0,19.22
sp,Cornell & Diehl Autumn Evening,Cornell & Diehl,烟斗丝,453.59,544.29,1.2,600.0,17.9
sp,Cornell & Diehl Autumn Evening,Cornell & Diehl,烟斗丝,2267.96,1375168.52,606.35,303175.0,7279.7
sp,Peter Stokkebye PS402 Luxury Twist Flake,Peter Stokkebye,烟斗丝,28.35,60.6,2.14,1070.0,29.18
sp,Peter Stokkebye PS402 Luxury Twist Flake,Peter Stokkebye,烟斗丝,56.7,114.07,2.01,1005.0,27.62
sp,Peter Stokkebye PS402 Luxury Twist Flake,Peter Stokkebye,烟斗丝,113.4,215.41,1.9,950.0,26.3
sp,Peter Stokkebye PS402 Luxury Twist Flake,Peter Stokkebye,烟斗丝,226.8,401.9,1.77,885.0,24.74
sp,Peter Stokkebye PS402 Luxury Twist Flake,Peter Stokkebye,烟斗丝,453.59,769.37,1.7,850.0,23.9
sp,Peter Stokkebye PS402 Luxury Twist Flake,Peter Stokkebye,烟斗丝,2267.96,1106.7,0.49,245.0,9.38
sp,Daughters & Ryan Three Sails,Daughters & Ryan,烟斗丝,28.35,16.3,0.57,285.0,10.34
sp,Daughters & Ryan Three Sails,Daughters & Ryan,烟斗丝,56.7,30.76,0.54,270.0,9.98
sp,Daughters & Ryan Three Sails,Daughters & Ryan,烟斗丝,113.4,58.05,0.51,255.0,9.62
sp,Daughters & Ryan Three Sails,Daughters & Ryan,烟斗丝,226.8,108.27,0.48,240.0,9.26
sp,Daughters & Ryan Three Sails,Daughters & Ryan,烟斗丝,453.59,207.16,0.46,230.0,9.02
sp,Daughters & Ryan Three Sails,Daughters & Ryan,烟斗丝,2267.96,993.34,0.44,220.0,8.78
sp,Arango Balkan Supreme,Arango,烟斗丝,28.35,44.71,1.58,790.0,22.46
sp,Arango Balkan Supreme,Arango,烟斗丝,56.7,84.13,1.48,740.0,21.26
sp,Arango Balkan Supreme,Arango,烟斗丝,113.4,158.89,1.4,700.0,20.3
sp,Arango Balkan Supreme,Arango,烟斗丝,226.8,296.49,1.31,655.0,19.22
sp,Arango Balkan Supreme,Arango,烟斗丝,453.59,567.61,1.25,625.0,18.5
sp,Arango Balkan Supreme,Arango,烟斗丝,2267.96,2721.23,1.2,600.0,17.9
sp,Erik Stokkebye 4th Generation Black Dot,Erik Stokkebye 4th Generation,烟斗丝,28.35,95.84,3.38,1690.0,44.06
sp,Erik Stokkebye 4th Generation Black Dot,Erik Stokkebye 4th Generation,烟斗丝,56.7,180.38,3.18,1590.0,41.66
sp,Erik Stokkebye 4th Generation Black Dot,Erik Stokkebye 4th Generation,烟斗丝,113.4,340.48,3.0,1500.0,39.5
sp,Erik Stokkebye 4th Generation Black Dot,Erik Stokkebye 4th Generation,烟斗丝,226.8,635.14,2.8,1400.0,37.1
sp,Erik Stokkebye 4th Generation Black Dot,Erik Stokkebye 4th Generation,烟斗丝,453.59,1215.89,2.68,1340.0,35.66
sp,Erik Stokkebye 4th Generation Black Dot,Erik Stokkebye 4th Generation,烟斗丝,2267.96,1748.97,0.77,385.0,12.74
sp,Cornell & Diehl Haunted Bookshop,Cornell & Diehl,烟斗丝,28.35,44.71,1.58,790.0,22.46
sp,Cornell & Diehl Haunted Bookshop,Cornell & Diehl,烟斗丝,56.7,84.13,1.48,740.0,21.26
sp,Cornell & Diehl Haunted Bookshop,Cornell & Diehl,烟斗丝,113.4,158.89,1.4,700.0,20.3
sp,Cornell & Diehl Haunted Bookshop,Cornell & Diehl,烟斗丝,226.8,296.49,1.31,655.0,19.22
sp,Cornell & Diehl Haunted Bookshop,Cornell & Diehl,烟斗丝,453.59,544.29,1.2,600.0,17.9
sp,Cornell & Diehl Haunted Bookshop,Cornell & Diehl,烟斗丝,2267.96,1256849.37,554.18,277090.0,6653.66
sp,Lane Limited BCA,Lane Limited,烟斗丝,28.35,40.94,1.44,720.0,20.78
sp,Lane Limited BCA,Lane Limited,烟斗丝,56.7,77.1,1.36,680.0,19.82
sp,Lane Limited BCA,Lane Limited,烟斗丝,113.4,145.54,1.28,640.0,18.86
sp,Lane Limited BCA,Lane Limited,烟斗丝,226.8,271.53,1.2,600.0,17.9
sp,Lane Limited BCA,Lane Limited,烟斗丝,453.59,519.84,1.15,575.0,17.3
sp,Lane Limited BCA,Lane Limited,烟斗丝,2267.96,2492.37,1.1,550.0,16.7
sp,Sutliff Z92 Vanilla Custard,Sutliff,烟斗丝,28.35,38.8,1.37,685.0,19.94
sp,Sutliff Z92 Vanilla Custard,Sutliff,烟斗丝,56.7,73.03,1.29,645.0,18.98
sp,Sutliff Z92 Vanilla Custard,Sutliff,烟斗丝,113.4,137.9,1.22,610.0,18.14
sp,Sutliff Z92 Vanilla Custard,Sutliff,烟斗丝,226.8,257.37,1.13,565.0,17.06
sp,Sutliff Z92 Vanilla Custard,Sutliff,烟斗丝,453.59,472.38,1.04,520.0,15.98
sp,Sutliff Z92 Vanilla Custard,Sutliff,烟斗丝,2267.96,1539646.08,678.87,339435.0,8149.94
sp,Lane Limited RLP-6,Lane Limited,烟斗丝,28.35,40.94,1.44,720.0,20.78
sp,Lane Limited RLP-6,Lane Limited,烟斗丝,56.7,77.1,1.36,680.0,19.82
sp,Lane Limited RLP-6,Lane Limited,烟斗丝,113.4,145.54,1.28,640.0,18.86
sp,Lane Limited RLP-6,Lane Limited,烟斗丝,226.8,271.53,1.2,600.0,17.9
sp,Lane Limited RLP-6,Lane Limited,烟斗丝,453.59,519.84,1.15,575.0,17.3
sp,Lane Limited RLP-6,Lane Limited,烟斗丝,2267.96,2492.37,1.1,550.0,16.7
sp,Cornell & Diehl Bayou Morning,Cornell & Diehl,烟斗丝,28.35,44.71,1.58,790.0,22.46
sp,Cornell & Diehl Bayou Morning,Cornell & Diehl,烟斗丝,56.7,84.13,1.48,740.0,21.26
sp,Cornell & Diehl Bayou Morning,Cornell & Diehl,烟斗丝,113.4,158.89,1.4,700.0,20.3
sp,Cornell & Diehl Bayou Morning,Cornell & Diehl,烟斗丝,226.8,296.49,1.31,655.0,19.22
sp,Cornell & Diehl Bayou Morning,Cornell & Diehl,烟斗丝,453.59,544.29,1.2,600.0,17.9
sp,Cornell & Diehl Bayou Morning,Cornell & Diehl,烟斗丝,2267.96,672922.95,296.71,148355.0,3564.02
sp,Peter Stokkebye PS17 English Luxury,Peter Stokkebye,烟斗丝,28.35,43.08,1.52,760.0,21.74
sp,Peter Stokkebye PS17 English Luxury,Peter Stokkebye,烟斗丝,56.7,80.97,1.43,715.0,20.66
sp,Peter Stokkebye PS17 English Luxury,Peter Stokkebye,烟斗丝,113.4,152.88,1.35,675.0,19.7
sp,Peter Stokkebye PS17 English Luxury,Peter Stokkebye,烟斗丝,226.8,285.18,1.26,630.0,18.62
sp,Peter Stokkebye PS17 English Luxury,Peter Stokkebye,烟斗丝,453.59,545.92,1.2,600.0,17.9
sp,Peter Stokkebye PS17 English Luxury,Peter Stokkebye,烟斗丝,2267.96,2617.44,1.15,575.0,17.3
sp,Lane Limited Black Raspberry,Lane Limited,烟斗丝,28.35,40.94,1.44,720.0,20.78
sp,Lane Limited Black Raspberry,Lane Limited,烟斗丝,56.7,77.1,1.36,680.0,19.82
sp,Lane Limited Black Raspberry,Lane Limited,烟斗丝,113.4,145.54,1.28,640.0,18.86
sp,Lane Limited Black Raspberry,Lane Limited,烟斗丝,226.8,271.53,1.2,600.0,17.9
sp,Lane Limited Black Raspberry,Lane Limited,烟斗丝,453.59,519.84,1.15,575.0,17.3
sp,Lane Limited Black Raspberry,Lane Limited,烟斗丝,2267.96,2492.37,1.1,550.0,16.7
sp,Peter Stokkebye PS41 Cube Cut,Peter Stokkebye,烟斗丝,28.35,43.08,1.52,760.0,21.74
sp,Peter Stokkebye PS41 Cube Cut,Peter Stokkebye,烟斗丝,56.7,80.97,1.43,715.0,20.66
sp,Peter Stokkebye PS41 Cube Cut,Peter Stokkebye,烟斗丝,113.4,152.88,1.35,675.0,19.7
sp,Peter Stokkebye PS41 Cube Cut,Peter Stokkebye,烟斗丝,226.8,285.18,1.26,630.0,18.62
sp,Peter Stokkebye PS41 Cube Cut,Peter Stokkebye,烟斗丝,453.59,545.92,1.2,600.0,17.9
sp,Peter Stokkebye PS41 Cube Cut,Peter Stokkebye,烟斗丝,2267.96,2617.44,1.15,575.0,17.3
sp,Gawith Hoggarth & Co. Rum Flake,Gawith Hoggarth & Co.,烟斗丝,28.35,83.21,2.94,1470.0,38.78
sp,Gawith Hoggarth & Co. Rum Flake,Gawith Hoggarth & Co.,烟斗丝,56.7,156.65,2.76,1380.0,36.62
sp,Gawith Hoggarth & Co. Rum Flake,Gawith Hoggarth & Co.,烟斗丝,113.4,295.67,2.61,1305.0,34.82
sp,Gawith Hoggarth & Co. Rum Flake,Gawith Hoggarth & Co.,烟斗丝,226.8,551.62,2.43,1215.0,32.66
sp,Gawith Hoggarth & Co. Rum Flake,Gawith Hoggarth & Co.,烟斗丝,453.59,1055.98,2.33,1165.0,31.46
sp,Gawith Hoggarth & Co. Rum Flake,Gawith Hoggarth & Co.,烟斗丝,2267.96,1116.07,0.49,245.0,9.38
sp,Cornell & Diehl Old Joe Krantz,Cornell & Diehl,烟斗丝,28.35,44.71,1.58,790.0,22.46
sp,Cornell & Diehl Old Joe Krantz,Cornell & Diehl,烟斗丝,56.7,84.13,1.48,740.0,21.26
sp,Cornell & Diehl Old Joe Krantz,Cornell & Diehl,烟斗丝,113.4,158.89,1.4,700.0,20.3
sp,Cornell & Diehl Old Joe Krantz,Cornell & Diehl,烟斗丝,226.8,296.49,1.31,655.0,19.22
sp,Cornell & Diehl Old Joe Krantz,Cornell & Diehl,烟斗丝,453.59,544.29,1.2,600.0,17.9
sp,Cornell & Diehl Old Joe Krantz,Cornell & Diehl,烟斗丝,2267.96,672933.14,296.71,148355.0,3564.02
