brand,category,ftype,goods_type,goods_type_name,id,name,price,size,url
加热烟套餐/,套餐,10,11,套餐,1013,加热烟弹套餐2606O——TEREA烟弹15款各1包,9300,,https://ribenyan.com/index.php?m=goods&a=list&brand=117&goods_type=11&ftype=10
香烟套餐/,套餐,10,11,套餐,966,香烟套餐2604L——9款各1包 含和平铁罐,6200,,https://ribenyan.com/index.php?m=goods&a=list&brand=116&goods_type=11&ftype=10
香烟套餐/,套餐,10,11,套餐,802,香烟套餐2601E——8款各1包 含和平铁罐,6060,,https://ribenyan.com/index.php?m=goods&a=list&brand=116&goods_type=11&ftype=10
香烟套餐/,套餐,10,11,套餐,801,香烟套餐2601D——12款各1包,6550,,https://ribenyan.com/index.php?m=goods&a=list&brand=116&goods_type=11&ftype=10
香烟套餐/,套餐,10,11,套餐,809,香烟套餐2601G——12款各1包,6970,,https://ribenyan.com/index.php?m=goods&a=list&brand=116&goods_type=11&ftype=10
AmericanSpirit/美国精神,日本香烟,1,1,单品,98,美国精神/AmericanSpirit 有机烟叶 绿松石 12mg 14支装,420,14支,https://ribenyan.com/index.php?m=goods&a=list&brand=8&goods_type=1&ftype=1
AmericanSpirit/美国精神,日本香烟,1,1,单品,99,美国精神/AmericanSpirit 有机烟叶 金色 6mg 14支装,420,14支,https://ribenyan.com/index.php?m=goods&a=list&brand=8&goods_type=1&ftype=1
AmericanSpirit/美国精神,日本香烟,1,1,单品,101,美国精神/AmericanSpirit 淡味 8mg 14支装,420,14支,https://ribenyan.com/index.php?m=goods&a=list&brand=8&goods_type=1&ftype=1
AmericanSpirit/美国精神,日本香烟,1,1,单品,102,美国精神/AmericanSpirit 有机薄荷 淡味 9mg 14支装,420,14支,https://ribenyan.com/index.php?m=goods&a=list&brand=8&goods_type=1&ftype=1
AmericanSpirit/美国精神,日本香烟,1,1,单品,100,美国精神/AmericanSpirit 有机烟叶 ONE 1mg 14支装,420,14支,https://ribenyan.com/index.php?m=goods&a=list&brand=8&goods_type=1&ftype=1
AmericanSpirit/美国精神,日本香烟,1,1,单品,103,美国精神/AmericanSpirit 有机薄荷 超淡 5mg 14支装,420,14支,https://ribenyan.com/index.php?m=goods&a=list&brand=8&goods_type=1&ftype=1
AmericanSpirit/美国精神,日本香烟,1,1,单品,104,美国精神/AmericanSpirit 有机薄荷 ONE 1mg 14支装,420,14支,https://ribenyan.com/index.php?m=goods&a=list&brand=8&goods_type=1&ftype=1
Camel/骆驼,日本香烟,1,1,单品,75,骆驼/Camel Craft 14mg 硬盒,450,,https://ribenyan.com/index.php?m=goods&a=list&brand=7&goods_type=1&ftype=1
Camel/骆驼,日本香烟,1,1,单品,76,骆驼/Camel Craft 12mg 硬盒,450,,https://ribenyan.com/index.php?m=goods&a=list&brand=7&goods_type=1&ftype=1
Camel/骆驼,日本香烟,1,1,单品,88,骆驼/Camel Craft 薄荷 梨爆珠 5mg 硬盒,450,,https://ribenyan.com/index.php?m=goods&a=list&brand=7&goods_type=1&ftype=1
Camel/骆驼,日本香烟,1,1,单品,92,骆驼/Camel Craft 薄荷 莓果爆珠 5mg 长支 细支,450,,https://ribenyan.com/index.php?m=goods&a=list&brand=7&goods_type=1&ftype=1
Camel/骆驼,日本香烟,1,1,单品,87,骆驼/Camel Craft 薄荷 梨爆珠 8mg 硬盒,450,,https://ribenyan.com/index.php?m=goods&a=list&brand=7&goods_type=1&ftype=1
Camel/骆驼,日本香烟,1,1,单品,79,骆驼/Camel Craft 薄荷 莓果爆珠 8mg 硬盒,450,,https://ribenyan.com/index.php?m=goods&a=list&brand=7&goods_type=1&ftype=1
Camel/骆驼,日本香烟,1,1,单品,80,骆驼/Camel Craft 薄荷 莓果爆珠 5mg 硬盒,450,,https://ribenyan.com/index.php?m=goods&a=list&brand=7&goods_type=1&ftype=1
Camel/骆驼,日本香烟,1,1,单品,93,骆驼/Camel Craft 薄荷 莓果爆珠 1mg 长支 细支,450,,https://ribenyan.com/index.php?m=goods&a=list&brand=7&goods_type=1&ftype=1
Camel/骆驼,日本香烟,1,1,单品,81,骆驼/Camel Craft 10mg 硬盒 ,450,,https://ribenyan.com/index.php?m=goods&a=list&brand=7&goods_type=1&ftype=1
Camel/骆驼,日本香烟,1,1,单品,82,骆驼/Camel Craft 6mg 硬盒 ,450,,https://ribenyan.com/index.php?m=goods&a=list&brand=7&goods_type=1&ftype=1
Camel/骆驼,日本香烟,1,1,单品,89,骆驼/Camel Craft 1mg 长支 细支,450,,https://ribenyan.com/index.php?m=goods&a=list&brand=7&goods_type=1&ftype=1
Camel/骆驼,日本香烟,1,1,单品,77,骆驼/Camel Craft 薄荷 5mg 硬盒,450,,https://ribenyan.com/index.php?m=goods&a=list&brand=7&goods_type=1&ftype=1
Camel/骆驼,日本香烟,1,1,单品,90,骆驼/Camel Craft 薄荷 5mg 长支 细支,450,,https://ribenyan.com/index.php?m=goods&a=list&brand=7&goods_type=1&ftype=1
Camel/骆驼,日本香烟,1,1,单品,86,骆驼/Camel Craft 薄荷 莓果爆珠 1mg 长支 硬盒,450,,https://ribenyan.com/index.php?m=goods&a=list&brand=7&goods_type=1&ftype=1
Camel/骆驼,日本香烟,1,1,单品,84,骆驼/Camel Craft 1mg 长支 硬盒 ,450,,https://ribenyan.com/index.php?m=goods&a=list&brand=7&goods_type=1&ftype=1
Camel/骆驼,日本香烟,1,1,单品,83,骆驼/Camel Craft 3mg 硬盒 ,450,,https://ribenyan.com/index.php?m=goods&a=list&brand=7&goods_type=1&ftype=1
Camel/骆驼,日本香烟,1,1,单品,78,骆驼/Camel Craft 薄荷 1mg 长支 硬盒,450,,https://ribenyan.com/index.php?m=goods&a=list&brand=7&goods_type=1&ftype=1
Echo/回声,日本香烟,1,1,单品,106,回声/Echo 香烟,500,,https://ribenyan.com/index.php?m=goods&a=list&brand=6&goods_type=1&ftype=1
FLOYD/,日本香烟,1,1,单品,706,Floyd 6,540,,https://ribenyan.com/index.php?m=goods&a=list&brand=98&goods_type=1&ftype=1
FLOYD/,日本香烟,1,1,单品,705,Floyd 1,540,,https://ribenyan.com/index.php?m=goods&a=list&brand=98&goods_type=1&ftype=1
Hi-lite/喜力,日本香烟,1,1,单品,96,喜力/Hi-lite 17mg 软盒,520,,https://ribenyan.com/index.php?m=goods&a=list&brand=11&goods_type=1&ftype=1
Hi-lite/喜力,日本香烟,1,1,单品,97,喜力/Hi-lite 薄荷 10mg,520,,https://ribenyan.com/index.php?m=goods&a=list&brand=11&goods_type=1&ftype=1
Hope/希望,日本香烟,1,1,单品,67,希望/Hope 原味 14mg 10支 硬盒,300,10支,https://ribenyan.com/index.php?m=goods&a=list&brand=10&goods_type=1&ftype=1
Hope/希望,日本香烟,1,1,单品,69,希望/Hope 淡味 9mg 10支 硬盒,300,10支,https://ribenyan.com/index.php?m=goods&a=list&brand=10&goods_type=1&ftype=1
Hope/希望,日本香烟,1,1,单品,71,希望/Hope 超淡 6mg 10支 硬盒,300,10支,https://ribenyan.com/index.php?m=goods&a=list&brand=10&goods_type=1&ftype=1
MEVIUS/梅比乌斯,日本香烟,1,1,单品,85,梅比乌斯/MEVIUS Premium薄荷 紫色爆珠 8mg 硬盒,580,,https://ribenyan.com/index.php?m=goods&a=list&brand=2&goods_type=1&ftype=1
MEVIUS/梅比乌斯,日本香烟,1,1,单品,25,梅比乌斯/MEVIUS Premium薄荷 紫色爆珠 5mg 硬盒,580,,https://ribenyan.com/index.php?m=goods&a=list&brand=2&goods_type=1&ftype=1
MEVIUS/梅比乌斯,日本香烟,1,1,单品,41,梅比乌斯/MEVIUS E系列 薄荷 紫色爆珠 5mg 长支 细支,500,,https://ribenyan.com/index.php?m=goods&a=list&brand=2&goods_type=1&ftype=1
MEVIUS/梅比乌斯,日本香烟,1,1,单品,27,梅比乌斯/MEVIUS Premium薄荷 黄色爆珠 5mg 硬盒,580,,https://ribenyan.com/index.php?m=goods&a=list&brand=2&goods_type=1&ftype=1
MEVIUS/梅比乌斯,日本香烟,1,1,单品,9,梅比乌斯/MEVIUS 特淡 3mg 软盒,580,,https://ribenyan.com/index.php?m=goods&a=list&brand=2&goods_type=1&ftype=1
MEVIUS/梅比乌斯,日本香烟,1,1,单品,2,梅比乌斯/MEVIUS RICH 12mg 软盒,580,,https://ribenyan.com/index.php?m=goods&a=list&brand=2&goods_type=1&ftype=1
MEVIUS/梅比乌斯,日本香烟,1,1,单品,6,梅比乌斯/MEVIUS 超淡 6mg 软盒,580,,https://ribenyan.com/index.php?m=goods&a=list&brand=2&goods_type=1&ftype=1
MEVIUS/梅比乌斯,日本香烟,1,1,单品,16,梅比乌斯/MEVIUS 1mg 软盒,580,,https://ribenyan.com/index.php?m=goods&a=list&brand=2&goods_type=1&ftype=1
MEVIUS/梅比乌斯,日本香烟,1,1,单品,4,梅比乌斯/MEVIUS 10mg 软盒,580,,https://ribenyan.com/index.php?m=goods&a=list&brand=2&goods_type=1&ftype=1
MEVIUS/梅比乌斯,日本香烟,1,1,单品,1011,梅比乌斯/MEVIUS E系列 12mg 硬盒,500,,https://ribenyan.com/index.php?m=goods&a=list&brand=2&goods_type=1&ftype=1
MEVIUS/梅比乌斯,日本香烟,1,1,单品,42,梅比乌斯/MEVIUS E系列 薄荷 紫色爆珠 1mg 长支 细支,500,,https://ribenyan.com/index.php?m=goods&a=list&brand=2&goods_type=1&ftype=1
MEVIUS/梅比乌斯,日本香烟,1,1,单品,35,梅比乌斯/MEVIUS E系列 薄荷 冰风暴 5mg 硬盒,500,,https://ribenyan.com/index.php?m=goods&a=list&brand=2&goods_type=1&ftype=1
MEVIUS/梅比乌斯,日本香烟,1,1,单品,39,梅比乌斯/MEVIUS E系列 3mg 长支 细支 硬盒,500,,https://ribenyan.com/index.php?m=goods&a=list&brand=2&goods_type=1&ftype=1
MEVIUS/梅比乌斯,日本香烟,1,1,单品,11,梅比乌斯/MEVIUS 淡味 8mg 软盒,580,,https://ribenyan.com/index.php?m=goods&a=list&brand=2&goods_type=1&ftype=1
MEVIUS/梅比乌斯,日本香烟,1,1,单品,28,梅比乌斯/MEVIUS Premium薄荷 黄色爆珠 1mg 长支 硬盒,580,,https://ribenyan.com/index.php?m=goods&a=list&brand=2&goods_type=1&ftype=1
MEVIUS/梅比乌斯,日本香烟,1,1,单品,43,梅比乌斯/MEVIUS E系列 薄荷 冰风暴 1mg 长支 细支,500,,https://ribenyan.com/index.php?m=goods&a=list&brand=2&goods_type=1&ftype=1
MEVIUS/梅比乌斯,日本香烟,1,1,单品,26,梅比乌斯/MEVIUS Premium薄荷 紫色爆珠 1mg 长支 硬盒,580,,https://ribenyan.com/index.php?m=goods&a=list&brand=2&goods_type=1&ftype=1
MEVIUS/梅比乌斯,日本香烟,1,1,单品,31,梅比乌斯/MEVIUS E系列 薄荷 紫色爆珠 8mg 硬盒,500,,https://ribenyan.com/index.php?m=goods&a=list&brand=2&goods_type=1&ftype=1
MEVIUS/梅比乌斯,日本香烟,1,1,单品,5,梅比乌斯/MEVIUS 10mg 硬盒,580,,https://ribenyan.com/index.php?m=goods&a=list&brand=2&goods_type=1&ftype=1
MEVIUS/梅比乌斯,日本香烟,1,1,单品,3,梅比乌斯/MEVIUS RICH 12mg 硬盒,580,,https://ribenyan.com/index.php?m=goods&a=list&brand=2&goods_type=1&ftype=1
MEVIUS/梅比乌斯,日本香烟,1,1,单品,10,梅比乌斯/MEVIUS 10mg 长支 硬盒,580,,https://ribenyan.com/index.php?m=goods&a=list&brand=2&goods_type=1&ftype=1
MEVIUS/梅比乌斯,日本香烟,1,1,单品,14,梅比乌斯/MEVIUS 特淡 3mg 硬盒,580,,https://ribenyan.com/index.php?m=goods&a=list&brand=2&goods_type=1&ftype=1
MEVIUS/梅比乌斯,日本香烟,1,1,单品,40,梅比乌斯/MEVIUS E系列 1mg 长支 硬盒,500,,https://ribenyan.com/index.php?m=goods&a=list&brand=2&goods_type=1&ftype=1
MEVIUS/梅比乌斯,日本香烟,1,1,单品,32,梅比乌斯/MEVIUS E系列 薄荷 紫色爆珠 5mg 硬盒,500,,https://ribenyan.com/index.php?m=goods&a=list&brand=2&goods_type=1&ftype=1
MEVIUS/梅比乌斯,日本香烟,1,1,单品,34,梅比乌斯/MEVIUS E系列 薄荷 冰风暴 8mg 硬盒,500,,https://ribenyan.com/index.php?m=goods&a=list&brand=2&goods_type=1&ftype=1
MEVIUS/梅比乌斯,日本香烟,1,1,单品,17,梅比乌斯/MEVIUS 1mg 硬盒,580,,https://ribenyan.com/index.php?m=goods&a=list&brand=2&goods_type=1&ftype=1
MEVIUS/梅比乌斯,日本香烟,1,1,单品,38,梅比乌斯/MEVIUS E系列 6mg 长支 硬盒,500,,https://ribenyan.com/index.php?m=goods&a=list&brand=2&goods_type=1&ftype=1
MEVIUS/梅比乌斯,日本香烟,1,1,单品,33,梅比乌斯/MEVIUS E系列 薄荷 紫色爆珠 1mg 长支 硬盒,500,,https://ribenyan.com/index.php?m=goods&a=list&brand=2&goods_type=1&ftype=1
MEVIUS/梅比乌斯,日本香烟,1,1,单品,15,梅比乌斯/MEVIUS 特淡 3mg 长支 硬盒,580,,https://ribenyan.com/index.php?m=goods&a=list&brand=2&goods_type=1&ftype=1
MEVIUS/梅比乌斯,日本香烟,1,1,单品,13,梅比乌斯/MEVIUS 淡味 8mg 长支 硬盒,580,,https://ribenyan.com/index.php?m=goods&a=list&brand=2&goods_type=1&ftype=1
MEVIUS/梅比乌斯,日本香烟,1,1,单品,36,梅比乌斯/MEVIUS E系列 薄荷 冰风暴 1mg 长支 硬盒,500,,https://ribenyan.com/index.php?m=goods&a=list&brand=2&goods_type=1&ftype=1
MEVIUS/梅比乌斯,日本香烟,1,1,单品,21,梅比乌斯/MEVIUS E系列 10mg 硬盒,500,,https://ribenyan.com/index.php?m=goods&a=list&brand=2&goods_type=1&ftype=1
MEVIUS/梅比乌斯,日本香烟,1,1,单品,18,梅比乌斯/MEVIUS 1mg 长支 硬盒,580,,https://ribenyan.com/index.php?m=goods&a=list&brand=2&goods_type=1&ftype=1
MEVIUS/梅比乌斯,日本香烟,1,1,单品,7,梅比乌斯/MEVIUS 超淡 6mg 硬盒,580,,https://ribenyan.com/index.php?m=goods&a=list&brand=2&goods_type=1&ftype=1
MEVIUS/梅比乌斯,日本香烟,1,1,单品,23,梅比乌斯/MEVIUS E系列 3mg 长支 硬盒,500,,https://ribenyan.com/index.php?m=goods&a=list&brand=2&goods_type=1&ftype=1
MEVIUS/梅比乌斯,日本香烟,1,1,单品,12,梅比乌斯/MEVIUS 淡味 8mg 硬盒,580,,https://ribenyan.com/index.php?m=goods&a=list&brand=2&goods_type=1&ftype=1
MEVIUS/梅比乌斯,日本香烟,1,1,单品,24,梅比乌斯/MEVIUS E系列 1mg 长支 硬盒,500,,https://ribenyan.com/index.php?m=goods&a=list&brand=2&goods_type=1&ftype=1
MEVIUS/梅比乌斯,日本香烟,1,1,单品,723,梅比乌斯/MEVIUS Strong 1mg 长支,580,,https://ribenyan.com/index.php?m=goods&a=list&brand=2&goods_type=1&ftype=1
MEVIUS/梅比乌斯,日本香烟,1,1,单品,37,梅比乌斯/MEVIUS E系列 10mg 长支 硬盒,500,,https://ribenyan.com/index.php?m=goods&a=list&brand=2&goods_type=1&ftype=1
MEVIUS/梅比乌斯,日本香烟,1,1,单品,8,梅比乌斯/MEVIUS 超淡 6mg 长支 硬盒,580,,https://ribenyan.com/index.php?m=goods&a=list&brand=2&goods_type=1&ftype=1
MEVIUS/梅比乌斯,日本香烟,1,1,单品,22,梅比乌斯/MEVIUS E系列 6mg 硬盒,500,,https://ribenyan.com/index.php?m=goods&a=list&brand=2&goods_type=1&ftype=1
Peace/和平,日本香烟,1,1,单品,64,和平/Peace 黄 21mg 软盒,600,,https://ribenyan.com/index.php?m=goods&a=list&brand=4&goods_type=1&ftype=1
Peace/和平,日本香烟,1,1,单品,65,和平/Peace 淡味 10mg 硬盒,600,,https://ribenyan.com/index.php?m=goods&a=list&brand=4&goods_type=1&ftype=1
Peace/和平,日本香烟,1,1,单品,74,和平/Peace 小雪茄,650,,https://ribenyan.com/index.php?m=goods&a=list&brand=4&goods_type=1&ftype=1
Peace/和平,日本香烟,1,1,单品,63,和平/Peace 无嘴 28mg 10支 硬盒,300,10支,https://ribenyan.com/index.php?m=goods&a=list&brand=4&goods_type=1&ftype=1
Peace/和平,日本香烟,1,1,单品,61,和平/Peace 无嘴 28mg 50支 罐装,1500,50支,https://ribenyan.com/index.php?m=goods&a=list&brand=4&goods_type=1&ftype=1
Peace/和平,日本香烟,1,1,单品,72,和平/Peace 超淡 6mg 硬盒,600,,https://ribenyan.com/index.php?m=goods&a=list&brand=4&goods_type=1&ftype=1
Pianissmo/碧丝梦,日本香烟,1,1,单品,108,碧丝梦/Pianissmo Petil 薄荷 1mg,570,,https://ribenyan.com/index.php?m=goods&a=list&brand=5&goods_type=1&ftype=1
Pianissmo/碧丝梦,日本香烟,1,1,单品,109,碧丝梦/Pianissmo Icene 薄荷 5mg,570,,https://ribenyan.com/index.php?m=goods&a=list&brand=5&goods_type=1&ftype=1
Pianissmo/碧丝梦,日本香烟,1,1,单品,110,碧丝梦/Pianissmo Precia 薄荷 1mg,570,,https://ribenyan.com/index.php?m=goods&a=list&brand=5&goods_type=1&ftype=1
Pianissmo/碧丝梦,日本香烟,1,1,单品,107,碧丝梦/Pianissmo Aria 薄荷 1mg,570,,https://ribenyan.com/index.php?m=goods&a=list&brand=5&goods_type=1&ftype=1
SevenStars/七星,日本香烟,1,1,单品,44,七星/SevenStars 碳滤 14mg 软盒,600,,https://ribenyan.com/index.php?m=goods&a=list&brand=1&goods_type=1&ftype=1
SevenStars/七星,日本香烟,1,1,单品,46,七星/SevenStars 碳滤 10mg 硬盒,600,,https://ribenyan.com/index.php?m=goods&a=list&brand=1&goods_type=1&ftype=1
SevenStars/七星,日本香烟,1,1,单品,47,七星/SevenStars 碳滤 7mg 硬盒,600,,https://ribenyan.com/index.php?m=goods&a=list&brand=1&goods_type=1&ftype=1
SevenStars/七星,日本香烟,1,1,单品,1,七星/SevenStars Bold Black 18mg,600,,https://ribenyan.com/index.php?m=goods&a=list&brand=1&goods_type=1&ftype=1
SevenStars/七星,日本香烟,1,1,单品,45,七星/SevenStars 碳滤 14mg【硬盒】,600,,https://ribenyan.com/index.php?m=goods&a=list&brand=1&goods_type=1&ftype=1
SevenStars/七星,日本香烟,1,1,单品,49,七星/SevenStars 薄荷 8mg 硬盒,600,,https://ribenyan.com/index.php?m=goods&a=list&brand=1&goods_type=1&ftype=1
SevenStars/七星,日本香烟,1,1,单品,48,七星/SevenStars 薄荷 12mg 硬盒,600,,https://ribenyan.com/index.php?m=goods&a=list&brand=1&goods_type=1&ftype=1
SevenStars/七星,日本香烟,1,1,单品,578,七星/SevenStars Menthol Solid White 18mg,600,,https://ribenyan.com/index.php?m=goods&a=list&brand=1&goods_type=1&ftype=1
Wakaba/若叶,日本香烟,1,1,单品,105,若叶/Wakaba 香烟,500,,https://ribenyan.com/index.php?m=goods&a=list&brand=9&goods_type=1&ftype=1
Winston/云斯顿,日本香烟,1,1,单品,50,云斯顿/Winston Caster 白 5mg 软盒,540,,https://ribenyan.com/index.php?m=goods&a=list&brand=3&goods_type=1&ftype=1
Winston/云斯顿,日本香烟,1,1,单品,62,云斯顿/Winston 红 12mg 软盒,530,,https://ribenyan.com/index.php?m=goods&a=list&brand=3&goods_type=1&ftype=1
Winston/云斯顿,日本香烟,1,1,单品,51,云斯顿/Winston Caster 白 5mg 硬盒,540,,https://ribenyan.com/index.php?m=goods&a=list&brand=3&goods_type=1&ftype=1
Winston/云斯顿,日本香烟,1,1,单品,53,云斯顿/Winston Caster 白 3mg 硬盒,540,,https://ribenyan.com/index.php?m=goods&a=list&brand=3&goods_type=1&ftype=1
Winston/云斯顿,日本香烟,1,1,单品,56,云斯顿/Winston Caster 白 1mg 长支 硬盒,540,,https://ribenyan.com/index.php?m=goods&a=list&brand=3&goods_type=1&ftype=1
Winston/云斯顿,日本香烟,1,1,单品,55,云斯顿/Winston Cabin 红 8mg 硬盒,540,,https://ribenyan.com/index.php?m=goods&a=list&brand=3&goods_type=1&ftype=1
Winston/云斯顿,日本香烟,1,1,单品,58,云斯顿/Winston Cabin 红 5mg 硬盒,540,,https://ribenyan.com/index.php?m=goods&a=list&brand=3&goods_type=1&ftype=1
Winston/云斯顿,日本香烟,1,1,单品,60,云斯顿/Winston Cabin 红 1mg 硬盒,540,,https://ribenyan.com/index.php?m=goods&a=list&brand=3&goods_type=1&ftype=1
海马/ウルマ,日本香烟,1,1,单品,442,海马,530,,https://ribenyan.com/index.php?m=goods&a=list&brand=53&goods_type=1&ftype=1
APACHE/,外国香烟,2,1,单品,315,Apache Red,480,,https://ribenyan.com/index.php?m=goods&a=list&brand=14&goods_type=1&ftype=2
Ark Royal/老船长,外国香烟,2,1,单品,230,老船长/Ark Royal Sweet,540,,https://ribenyan.com/index.php?m=goods&a=list&brand=46&goods_type=1&ftype=2
Ark Royal/老船长,外国香烟,2,1,单品,233,老船长/Ark Royal Black Chocolate 黑巧克力,540,,https://ribenyan.com/index.php?m=goods&a=list&brand=46&goods_type=1&ftype=2
Ark Royal/老船长,外国香烟,2,1,单品,963,老船长/Ark Royal Caramel Macchiato,550,,https://ribenyan.com/index.php?m=goods&a=list&brand=46&goods_type=1&ftype=2
Ark Royal/老船长,外国香烟,2,1,单品,229,老船长/Ark Royal Apple Mint 苹果薄荷,540,,https://ribenyan.com/index.php?m=goods&a=list&brand=46&goods_type=1&ftype=2
Ark Royal/老船长,外国香烟,2,1,单品,228,老船长/Ark Royal Pipe,540,,https://ribenyan.com/index.php?m=goods&a=list&brand=46&goods_type=1&ftype=2
Ark Royal/老船长,外国香烟,2,1,单品,231,老船长/Ark Royal Paradise Tea,540,,https://ribenyan.com/index.php?m=goods&a=list&brand=46&goods_type=1&ftype=2
Ark Royal/老船长,外国香烟,2,1,单品,232,老船长/Ark Royal Paradise Tea 细支 1mg,520,,https://ribenyan.com/index.php?m=goods&a=list&brand=46&goods_type=1&ftype=2
Bentley/宾利,外国香烟,2,1,单品,350,宾利/Bentley Black,700,,https://ribenyan.com/index.php?m=goods&a=list&brand=15&goods_type=1&ftype=2
Bentley/宾利,外国香烟,2,1,单品,352,宾利/Bentley 薄荷,700,,https://ribenyan.com/index.php?m=goods&a=list&brand=15&goods_type=1&ftype=2
BlackDevil/黑魔鬼,外国香烟,2,1,单品,788,黑魔鬼/BlackDevil 可可 限量版,580,,https://ribenyan.com/index.php?m=goods&a=list&brand=43&goods_type=1&ftype=2
BlackDevil/黑魔鬼,外国香烟,2,1,单品,259,黑魔鬼/BlackDevil 原味,580,,https://ribenyan.com/index.php?m=goods&a=list&brand=43&goods_type=1&ftype=2
BlackDevil/黑魔鬼,外国香烟,2,1,单品,263,黑魔鬼/BlackDevil 粉红香草,580,,https://ribenyan.com/index.php?m=goods&a=list&brand=43&goods_type=1&ftype=2
BlackDevil/黑魔鬼,外国香烟,2,1,单品,265,黑魔鬼/BlackDevil 摩卡香草,580,,https://ribenyan.com/index.php?m=goods&a=list&brand=43&goods_type=1&ftype=2
BlackDevil/黑魔鬼,外国香烟,2,1,单品,264,黑魔鬼/BlackDevil 薄荷香草,580,,https://ribenyan.com/index.php?m=goods&a=list&brand=43&goods_type=1&ftype=2
BlackDevil/黑魔鬼,外国香烟,2,1,单品,258,黑魔鬼/BlackDevil 北极薄荷,580,,https://ribenyan.com/index.php?m=goods&a=list&brand=43&goods_type=1&ftype=2
BlackDevil/黑魔鬼,外国香烟,2,1,单品,262,黑魔鬼/BlackDevil 可可,580,,https://ribenyan.com/index.php?m=goods&a=list&brand=43&goods_type=1&ftype=2
BlackJack/黑杰克,外国香烟,2,1,单品,253,黑杰克/BlackJack Supasawa Pineapple 8mg (菠萝),500,,https://ribenyan.com/index.php?m=goods&a=list&brand=42&goods_type=1&ftype=2
BlackJack/黑杰克,外国香烟,2,1,单品,251,黑杰克/BlackJack Supasawa Random 5mg (5种爆珠随机),550,,https://ribenyan.com/index.php?m=goods&a=list&brand=42&goods_type=1&ftype=2
BlackJack/黑杰克,外国香烟,2,1,单品,255,黑杰克/BlackJack Supasawa Lime 8mg (青柠),500,,https://ribenyan.com/index.php?m=goods&a=list&brand=42&goods_type=1&ftype=2
BlackJack/黑杰克,外国香烟,2,1,单品,257,黑杰克/BlackJack Supasawa Lemon 8mg (柠檬),500,,https://ribenyan.com/index.php?m=goods&a=list&brand=42&goods_type=1&ftype=2
BlackJack/黑杰克,外国香烟,2,1,单品,254,黑杰克/BlackJack Supasawa Mango 5mg (芒果),500,,https://ribenyan.com/index.php?m=goods&a=list&brand=42&goods_type=1&ftype=2
BlackJack/黑杰克,外国香烟,2,1,单品,252,黑杰克/BlackJack Supasawa Grapefruit 5mg (葡萄柚),500,,https://ribenyan.com/index.php?m=goods&a=list&brand=42&goods_type=1&ftype=2
BlackJack/黑杰克,外国香烟,2,1,单品,256,黑杰克/BlackJack Supasawa Lemon 5mg (柠檬),500,,https://ribenyan.com/index.php?m=goods&a=list&brand=42&goods_type=1&ftype=2
BlackJack/黑杰克,外国香烟,2,1,单品,309,黑杰克/BlackJack Ocean+Change,490,,https://ribenyan.com/index.php?m=goods&a=list&brand=42&goods_type=1&ftype=2
BlackJack/黑杰克,外国香烟,2,1,单品,301,黑杰克/BlackJack Ocean Mint,490,,https://ribenyan.com/index.php?m=goods&a=list&brand=42&goods_type=1&ftype=2
BlackJack/黑杰克,外国香烟,2,1,单品,308,黑杰克/BlackJack Ocean Blue,490,,https://ribenyan.com/index.php?m=goods&a=list&brand=42&goods_type=1&ftype=2
BlackJack/黑杰克,外国香烟,2,1,单品,300,黑杰克/BlackJack Island Black,490,,https://ribenyan.com/index.php?m=goods&a=list&brand=42&goods_type=1&ftype=2
BlackJack/黑杰克,外国香烟,2,1,单品,307,黑杰克/BlackJack Island Brown,490,,https://ribenyan.com/index.php?m=goods&a=list&brand=42&goods_type=1&ftype=2
BlackJack/黑杰克,外国香烟,2,1,单品,310,黑杰克/BlackJack Compact Brown,490,,https://ribenyan.com/index.php?m=goods&a=list&brand=42&goods_type=1&ftype=2
BlackJack/黑杰克,外国香烟,2,1,单品,312,黑杰克/BlackJack Compact Black,490,,https://ribenyan.com/index.php?m=goods&a=list&brand=42&goods_type=1&ftype=2
BlackJack/黑杰克,外国香烟,2,1,单品,311,黑杰克/BlackJack Compact+Change,490,,https://ribenyan.com/index.php?m=goods&a=list&brand=42&goods_type=1&ftype=2
BlackJack/黑杰克,外国香烟,2,1,单品,1014,黑杰克/BlackJack Supasawa Blueberry 5mg (蓝莓),500,,https://ribenyan.com/index.php?m=goods&a=list&brand=42&goods_type=1&ftype=2
BlackStone/黑石,外国香烟,2,1,单品,789,BlackStone American Cherry,670,,https://ribenyan.com/index.php?m=goods&a=list&brand=114&goods_type=1&ftype=2
Bohem/宝亨,外国香烟,2,1,单品,269,宝亨/Bohem Cigar No.6 6mg,520,,https://ribenyan.com/index.php?m=goods&a=list&brand=16&goods_type=1&ftype=2
Bohem/宝亨,外国香烟,2,1,单品,271,宝亨/Bohem Cigar Mojito Double 5mg,520,,https://ribenyan.com/index.php?m=goods&a=list&brand=16&goods_type=1&ftype=2
Bohem/宝亨,外国香烟,2,1,单品,944,宝亨/Bohem Cigar Mini Super Slim Sepia,520,,https://ribenyan.com/index.php?m=goods&a=list&brand=16&goods_type=1&ftype=2
Bohem/宝亨,外国香烟,2,1,单品,270,宝亨/Bohem Cigar Mojito 6mg,520,,https://ribenyan.com/index.php?m=goods&a=list&brand=16&goods_type=1&ftype=2
Bohem/宝亨,外国香烟,2,1,单品,272,宝亨/Bohem Cigar Mojito One 1mg,520,,https://ribenyan.com/index.php?m=goods&a=list&brand=16&goods_type=1&ftype=2
Bohem/宝亨,外国香烟,2,1,单品,946,宝亨/Bohem Cigar Mini Super Slim Ivory,520,,https://ribenyan.com/index.php?m=goods&a=list&brand=16&goods_type=1&ftype=2
Bohem/宝亨,外国香烟,2,1,单品,945,宝亨/Bohem Cigar Grip,520,,https://ribenyan.com/index.php?m=goods&a=list&brand=16&goods_type=1&ftype=2
BRIGHT/,外国香烟,2,1,单品,250,Bright Long 5,460,,https://ribenyan.com/index.php?m=goods&a=list&brand=17&goods_type=1&ftype=2
BRIGHT/,外国香烟,2,1,单品,249,Bright Long 1,460,,https://ribenyan.com/index.php?m=goods&a=list&brand=17&goods_type=1&ftype=2
CHAPMAN/,外国香烟,2,1,单品,807,Chapman Super Slim Cherry,590,,https://ribenyan.com/index.php?m=goods&a=list&brand=119&goods_type=1&ftype=2
CHAPMAN/,外国香烟,2,1,单品,808,Chapman Super Slim Vanilla,590,,https://ribenyan.com/index.php?m=goods&a=list&brand=119&goods_type=1&ftype=2
Che/切格瓦拉,外国香烟,2,1,单品,239,Che/切格瓦拉 红色,570,,https://ribenyan.com/index.php?m=goods&a=list&brand=18&goods_type=1&ftype=2
Che/切格瓦拉,外国香烟,2,1,单品,236,Che/切格瓦拉 黑色,570,,https://ribenyan.com/index.php?m=goods&a=list&brand=18&goods_type=1&ftype=2
Che/切格瓦拉,外国香烟,2,1,单品,237,Che/切格瓦拉 黑色 薄荷,570,,https://ribenyan.com/index.php?m=goods&a=list&brand=18&goods_type=1&ftype=2
Che/切格瓦拉,外国香烟,2,1,单品,240,Che/切格瓦拉 1mg 薄荷,570,,https://ribenyan.com/index.php?m=goods&a=list&brand=18&goods_type=1&ftype=2
Che/切格瓦拉,外国香烟,2,1,单品,238,Che/切格瓦拉 Blanco,570,,https://ribenyan.com/index.php?m=goods&a=list&brand=18&goods_type=1&ftype=2
Che/切格瓦拉,外国香烟,2,1,单品,171,Che/切格瓦拉 绿色 薄荷,570,,https://ribenyan.com/index.php?m=goods&a=list&brand=18&goods_type=1&ftype=2
Cigaronne/卡比龙,外国香烟,2,1,单品,185,卡比龙/Cigaronne 皇家 细支 黑色,1200,,https://ribenyan.com/index.php?m=goods&a=list&brand=45&goods_type=1&ftype=2
Cigaronne/卡比龙,外国香烟,2,1,单品,132,卡比龙/Cigaronne Royal Slims 薄荷,1600,,https://ribenyan.com/index.php?m=goods&a=list&brand=45&goods_type=1&ftype=2
Cigaronne/卡比龙,外国香烟,2,1,单品,343,卡比龙/Cigaronne Tattoo 香草,800,,https://ribenyan.com/index.php?m=goods&a=list&brand=45&goods_type=1&ftype=2
Cigaronne/卡比龙,外国香烟,2,1,单品,326,卡比龙/Cigaronne Exclusive 棕色,1500,,https://ribenyan.com/index.php?m=goods&a=list&brand=45&goods_type=1&ftype=2
Cigaronne/卡比龙,外国香烟,2,1,单品,329,卡比龙/Cigaronne Magnet,800,,https://ribenyan.com/index.php?m=goods&a=list&brand=45&goods_type=1&ftype=2
Cigaronne/卡比龙,外国香烟,2,1,单品,342,卡比龙/Cigaronne Tattoo 樱桃,800,,https://ribenyan.com/index.php?m=goods&a=list&brand=45&goods_type=1&ftype=2
Cigaronne/卡比龙,外国香烟,2,1,单品,580,卡比龙/Cigaronne Super Slims 薄荷,780,,https://ribenyan.com/index.php?m=goods&a=list&brand=45&goods_type=1&ftype=2
Cigaronne/卡比龙,外国香烟,2,1,单品,344,卡比龙/Cigaronne Tattoo 巧克力,800,,https://ribenyan.com/index.php?m=goods&a=list&brand=45&goods_type=1&ftype=2
Cigaronne/卡比龙,外国香烟,2,1,单品,327,卡比龙/Cigaronne 超细 黑色,780,,https://ribenyan.com/index.php?m=goods&a=list&brand=45&goods_type=1&ftype=2
Cigaronne/卡比龙,外国香烟,2,1,单品,323,卡比龙/Cigaronne 极致细 黑色,700,,https://ribenyan.com/index.php?m=goods&a=list&brand=45&goods_type=1&ftype=2
Cigaronne/卡比龙,外国香烟,2,1,单品,328,卡比龙/Cigaronne 幻影 银色,1100,,https://ribenyan.com/index.php?m=goods&a=list&brand=45&goods_type=1&ftype=2
DJARUM/,外国香烟,2,1,单品,708,Djarum Black Jasmine Tea 8,280,,https://ribenyan.com/index.php?m=goods&a=list&brand=19&goods_type=1&ftype=2
DJARUM/,外国香烟,2,1,单品,707,Djarum Black 8,280,,https://ribenyan.com/index.php?m=goods&a=list&brand=19&goods_type=1&ftype=2
DJARUM/,外国香烟,2,1,单品,709,Djarum Black Mint Tea 8,280,,https://ribenyan.com/index.php?m=goods&a=list&brand=19&goods_type=1&ftype=2
DJARUM/,外国香烟,2,1,单品,330,Djarum Super,510,,https://ribenyan.com/index.php?m=goods&a=list&brand=19&goods_type=1&ftype=2
DJARUM/,外国香烟,2,1,单品,710,Djarum Black Menthol 8,280,,https://ribenyan.com/index.php?m=goods&a=list&brand=19&goods_type=1&ftype=2
Forte/福尔特,外国香烟,2,1,单品,302,福尔特/Forte Extra Light,460,,https://ribenyan.com/index.php?m=goods&a=list&brand=21&goods_type=1&ftype=2
Forte/福尔特,外国香烟,2,1,单品,295,福尔特/Forte Extra Light 薄荷,460,,https://ribenyan.com/index.php?m=goods&a=list&brand=21&goods_type=1&ftype=2
Forte/福尔特,外国香烟,2,1,单品,296,福尔特/Forte 薄荷,460,,https://ribenyan.com/index.php?m=goods&a=list&brand=21&goods_type=1&ftype=2
Forte/福尔特,外国香烟,2,1,单品,297,福尔特/Forte 16支 Extra Light,390,16支,https://ribenyan.com/index.php?m=goods&a=list&brand=21&goods_type=1&ftype=2
Forte/福尔特,外国香烟,2,1,单品,298,福尔特/Forte 16支 Original,390,16支,https://ribenyan.com/index.php?m=goods&a=list&brand=21&goods_type=1&ftype=2
Forte/福尔特,外国香烟,2,1,单品,303,福尔特/Forte Original,460,,https://ribenyan.com/index.php?m=goods&a=list&brand=21&goods_type=1&ftype=2
Forte/福尔特,外国香烟,2,1,单品,304,福尔特/Forte 16支 Extra Light 薄荷,390,16支,https://ribenyan.com/index.php?m=goods&a=list&brand=21&goods_type=1&ftype=2
Forte/福尔特,外国香烟,2,1,单品,305,福尔特/Forte 16支 薄荷,390,16支,https://ribenyan.com/index.php?m=goods&a=list&brand=21&goods_type=1&ftype=2
Forte/福尔特,外国香烟,2,1,单品,299,福尔特/Forte 16支 Lights,390,16支,https://ribenyan.com/index.php?m=goods&a=list&brand=21&goods_type=1&ftype=2
Forte/福尔特,外国香烟,2,1,单品,306,福尔特/Forte Lights,460,,https://ribenyan.com/index.php?m=goods&a=list&brand=21&goods_type=1&ftype=2
GudangGaram/盐仓,外国香烟,2,1,单品,321,盐仓/GudangGaram Surya Mild 16支 33mg,530,16支,https://ribenyan.com/index.php?m=goods&a=list&brand=22&goods_type=1&ftype=2
GudangGaram/盐仓,外国香烟,2,1,单品,320,盐仓/GudangGaram Surya 36支 42mg,1400,36支,https://ribenyan.com/index.php?m=goods&a=list&brand=22&goods_type=1&ftype=2
GudangGaram/盐仓,外国香烟,2,1,单品,319,盐仓/GudangGaram Signature 薄荷 15mg,580,,https://ribenyan.com/index.php?m=goods&a=list&brand=22&goods_type=1&ftype=2
GudangGaram/盐仓,外国香烟,2,1,单品,325,盐仓/GudangGaram 薄荷 16支 33mg,530,16支,https://ribenyan.com/index.php?m=goods&a=list&brand=22&goods_type=1&ftype=2
GudangGaram/盐仓,外国香烟,2,1,单品,318,盐仓/GudangGaram Signature Mild 15mg,580,,https://ribenyan.com/index.php?m=goods&a=list&brand=22&goods_type=1&ftype=2
GudangGaram/盐仓,外国香烟,2,1,单品,322,盐仓/GudangGaram Garam Nusantara Mild 12支 18mg,380,12支,https://ribenyan.com/index.php?m=goods&a=list&brand=22&goods_type=1&ftype=2
GudangGaram/盐仓,外国香烟,2,1,单品,324,盐仓/GudangGaram Nusantara 薄荷 12支 18mg,380,12支,https://ribenyan.com/index.php?m=goods&a=list&brand=22&goods_type=1&ftype=2
HARVEST/,外国香烟,2,1,单品,291,HARVEST 超细 Double Cherry,540,,https://ribenyan.com/index.php?m=goods&a=list&brand=23&goods_type=1&ftype=2
HARVEST/,外国香烟,2,1,单品,290,HARVEST King Size Vanilla,480,,https://ribenyan.com/index.php?m=goods&a=list&brand=23&goods_type=1&ftype=2
HARVEST/,外国香烟,2,1,单品,289,HARVEST King Size Cherry,480,,https://ribenyan.com/index.php?m=goods&a=list&brand=23&goods_type=1&ftype=2
HARVEST/,外国香烟,2,1,单品,293,HARVEST 超细 Double Vanilla,540,,https://ribenyan.com/index.php?m=goods&a=list&brand=23&goods_type=1&ftype=2
HARVEST/,外国香烟,2,1,单品,294,HARVEST 超细 薄荷,540,,https://ribenyan.com/index.php?m=goods&a=list&brand=23&goods_type=1&ftype=2
HARVEST/,外国香烟,2,1,单品,292,HARVEST 超细 经典,540,,https://ribenyan.com/index.php?m=goods&a=list&brand=23&goods_type=1&ftype=2
J.S.P./,外国香烟,2,1,单品,235,J.P.S. KS 硬盒,560,,https://ribenyan.com/index.php?m=goods&a=list&brand=25&goods_type=1&ftype=2
Kent/健牌/箭牌,外国香烟,2,1,单品,176,健牌/箭牌/Kent S系列 Spark 5mg 长支 硬盒,500,,https://ribenyan.com/index.php?m=goods&a=list&brand=44&goods_type=1&ftype=2
Kent/健牌/箭牌,外国香烟,2,1,单品,178,健牌/箭牌/Kent S系列 Spark 薄荷 5mg 长支 硬盒,500,,https://ribenyan.com/index.php?m=goods&a=list&brand=44&goods_type=1&ftype=2
Kent/健牌/箭牌,外国香烟,2,1,单品,172,健牌/箭牌/Kent 6mg 长支 硬盒,520,,https://ribenyan.com/index.php?m=goods&a=list&brand=44&goods_type=1&ftype=2
Kent/健牌/箭牌,外国香烟,2,1,单品,173,健牌/箭牌/Kent 3mg 长支 硬盒,520,,https://ribenyan.com/index.php?m=goods&a=list&brand=44&goods_type=1&ftype=2
Kent/健牌/箭牌,外国香烟,2,1,单品,177,健牌/箭牌/Kent S系列 Spark 薄荷 1mg 长支 硬盒,500,,https://ribenyan.com/index.php?m=goods&a=list&brand=44&goods_type=1&ftype=2
Kent/健牌/箭牌,外国香烟,2,1,单品,181,健牌/箭牌/Kent S系列 1mg 长支 硬盒,500,,https://ribenyan.com/index.php?m=goods&a=list&brand=44&goods_type=1&ftype=2
Kent/健牌/箭牌,外国香烟,2,1,单品,175,健牌/箭牌/Kent S系列 Spark 1mg 长支 硬盒,500,,https://ribenyan.com/index.php?m=goods&a=list&brand=44&goods_type=1&ftype=2
Kent/健牌/箭牌,外国香烟,2,1,单品,182,健牌/箭牌/Kent S系列 3mg 长支 硬盒,500,,https://ribenyan.com/index.php?m=goods&a=list&brand=44&goods_type=1&ftype=2
Kent/健牌/箭牌,外国香烟,2,1,单品,179,健牌/箭牌/Kent S系列 Spark Mellow 1mg 长支 硬盒,500,,https://ribenyan.com/index.php?m=goods&a=list&brand=44&goods_type=1&ftype=2
Kent/健牌/箭牌,外国香烟,2,1,单品,174,健牌/箭牌/Kent I-Boost 1mg 长支 硬盒,520,,https://ribenyan.com/index.php?m=goods&a=list&brand=44&goods_type=1&ftype=2
Kent/健牌/箭牌,外国香烟,2,1,单品,170,健牌/箭牌/Kent 1mg 长支 硬盒,520,,https://ribenyan.com/index.php?m=goods&a=list&brand=44&goods_type=1&ftype=2
Kent/健牌/箭牌,外国香烟,2,1,单品,180,健牌/箭牌/Kent S系列 薄荷 1mg 长支 硬盒,500,,https://ribenyan.com/index.php?m=goods&a=list&brand=44&goods_type=1&ftype=2
Kent/健牌/箭牌,外国香烟,2,1,单品,169,健牌/箭牌/Kent 1mg KS 硬盒,520,,https://ribenyan.com/index.php?m=goods&a=list&brand=44&goods_type=1&ftype=2
KOOL/,外国香烟,2,1,单品,195,KOOL Minty系列 Minty Berry 5mg,500,,https://ribenyan.com/index.php?m=goods&a=list&brand=26&goods_type=1&ftype=2
KOOL/,外国香烟,2,1,单品,194,KOOL Minty系列 Minty Boost 8mg,500,,https://ribenyan.com/index.php?m=goods&a=list&brand=26&goods_type=1&ftype=2
KOOL/,外国香烟,2,1,单品,281,KOOL Looped Sangria,500,,https://ribenyan.com/index.php?m=goods&a=list&brand=26&goods_type=1&ftype=2
KOOL/,外国香烟,2,1,单品,157,KOOL FK 硬盒,580,,https://ribenyan.com/index.php?m=goods&a=list&brand=26&goods_type=1&ftype=2
KOOL/,外国香烟,2,1,单品,282,KOOL Looped Plus,500,,https://ribenyan.com/index.php?m=goods&a=list&brand=26&goods_type=1&ftype=2
KOOL/,外国香烟,2,1,单品,191,KOOL Boost Fresh 8mg  硬盒,580,,https://ribenyan.com/index.php?m=goods&a=list&brand=26&goods_type=1&ftype=2
KOOL/,外国香烟,2,1,单品,190,KOOL Boost Fresh 5mg  硬盒,580,,https://ribenyan.com/index.php?m=goods&a=list&brand=26&goods_type=1&ftype=2
KOOL/,外国香烟,2,1,单品,192,KOOL Milds FK 硬盒,580,,https://ribenyan.com/index.php?m=goods&a=list&brand=26&goods_type=1&ftype=2
KOOL/,外国香烟,2,1,单品,196,KOOL 淡味 硬盒,580,,https://ribenyan.com/index.php?m=goods&a=list&brand=26&goods_type=1&ftype=2
KOOL/,外国香烟,2,1,单品,280,KOOL Looped,500,,https://ribenyan.com/index.php?m=goods&a=list&brand=26&goods_type=1&ftype=2
L.A./,外国香烟,2,1,单品,355,L.A. Bold 12支 23mg,350,12支,https://ribenyan.com/index.php?m=goods&a=list&brand=27&goods_type=1&ftype=2
L.A./,外国香烟,2,1,单品,997,L.A. Ice Mango Boost 16支 18mg,500,16支,https://ribenyan.com/index.php?m=goods&a=list&brand=27&goods_type=1&ftype=2
L.A./,外国香烟,2,1,单品,353,L.A. Ice Purple Boost 16支 16mg,500,16支,https://ribenyan.com/index.php?m=goods&a=list&brand=27&goods_type=1&ftype=2
L.A./,外国香烟,2,1,单品,354,L.A. Ice 16支 13mg,500,16支,https://ribenyan.com/index.php?m=goods&a=list&brand=27&goods_type=1&ftype=2
L.A./,外国香烟,2,1,单品,998,L.A. Light 16支 16mg,500,16支,https://ribenyan.com/index.php?m=goods&a=list&brand=27&goods_type=1&ftype=2
Lark/云雀,外国香烟,2,1,单品,150,云雀/Lark 12mg 长支 硬盒,540,,https://ribenyan.com/index.php?m=goods&a=list&brand=48&goods_type=1&ftype=2
Lark/云雀,外国香烟,2,1,单品,148,云雀/Lark 12mg KS 硬盒,540,,https://ribenyan.com/index.php?m=goods&a=list&brand=48&goods_type=1&ftype=2
Lark/云雀,外国香烟,2,1,单品,158,云雀/Lark Classic Mild KS 硬盒,540,,https://ribenyan.com/index.php?m=goods&a=list&brand=48&goods_type=1&ftype=2
Lark/云雀,外国香烟,2,1,单品,159,云雀/Lark Super Mild 长支 硬盒,540,,https://ribenyan.com/index.php?m=goods&a=list&brand=48&goods_type=1&ftype=2
Lark/云雀,外国香烟,2,1,单品,160,云雀/Lark Super 5mg KS 硬盒,540,,https://ribenyan.com/index.php?m=goods&a=list&brand=48&goods_type=1&ftype=2
Lark/云雀,外国香烟,2,1,单品,164,云雀/Lark Select 薄荷 1mg 长支 硬盒,500,,https://ribenyan.com/index.php?m=goods&a=list&brand=48&goods_type=1&ftype=2
Lark/云雀,外国香烟,2,1,单品,163,云雀/Lark Select Purple 1mg 长支 硬盒,500,,https://ribenyan.com/index.php?m=goods&a=list&brand=48&goods_type=1&ftype=2
Lark/云雀,外国香烟,2,1,单品,166,云雀/Lark Hybrid KS 硬盒,540,,https://ribenyan.com/index.php?m=goods&a=list&brand=48&goods_type=1&ftype=2
Lark/云雀,外国香烟,2,1,单品,154,云雀/Lark Extra 3mg 长支 硬盒,540,,https://ribenyan.com/index.php?m=goods&a=list&brand=48&goods_type=1&ftype=2
Lark/云雀,外国香烟,2,1,单品,153,云雀/Lark Extra 3mg KS 硬盒,540,,https://ribenyan.com/index.php?m=goods&a=list&brand=48&goods_type=1&ftype=2
Lark/云雀,外国香烟,2,1,单品,162,云雀/Lark Super 5mg 长支 硬盒,540,,https://ribenyan.com/index.php?m=goods&a=list&brand=48&goods_type=1&ftype=2
Lark/云雀,外国香烟,2,1,单品,167,云雀/Lark Mild KS 硬盒,540,,https://ribenyan.com/index.php?m=goods&a=list&brand=48&goods_type=1&ftype=2
Lark/云雀,外国香烟,2,1,单品,168,云雀/Lark Mild 长支 硬盒,540,,https://ribenyan.com/index.php?m=goods&a=list&brand=48&goods_type=1&ftype=2
Lark/云雀,外国香烟,2,1,单品,161,云雀/Lark Select 1mg 长支 硬盒,500,,https://ribenyan.com/index.php?m=goods&a=list&brand=48&goods_type=1&ftype=2
Lark/云雀,外国香烟,2,1,单品,152,云雀/Lark Ultra 1mg 长支 硬盒,540,,https://ribenyan.com/index.php?m=goods&a=list&brand=48&goods_type=1&ftype=2
Lark/云雀,外国香烟,2,1,单品,151,云雀/Lark Ultra 1mg KS 硬盒,540,,https://ribenyan.com/index.php?m=goods&a=list&brand=48&goods_type=1&ftype=2
Lark/云雀,外国香烟,2,1,单品,165,云雀/Lark Select 薄荷 5mg 长支 硬盒,500,,https://ribenyan.com/index.php?m=goods&a=list&brand=48&goods_type=1&ftype=2
LuckyStrike/好彩,外国香烟,2,1,单品,211,好彩/LuckyStrike 红 11mg 软盒,620,,https://ribenyan.com/index.php?m=goods&a=list&brand=41&goods_type=1&ftype=2
LuckyStrike/好彩,外国香烟,2,1,单品,223,好彩/LuckyStrike 红 11mg 硬盒,620,,https://ribenyan.com/index.php?m=goods&a=list&brand=41&goods_type=1&ftype=2
LuckyStrike/好彩,外国香烟,2,1,单品,965,好彩/LuckyStrike 10 Box,450,,https://ribenyan.com/index.php?m=goods&a=list&brand=41&goods_type=1&ftype=2
LuckyStrike/好彩,外国香烟,2,1,单品,313,好彩/LuckyStrike 过滤嘴 雪茄型 细支 淡味,470,,https://ribenyan.com/index.php?m=goods&a=list&brand=41&goods_type=1&ftype=2
LuckyStrike/好彩,外国香烟,2,1,单品,217,好彩/LuckyStrike Expert Cut 14mg,470,,https://ribenyan.com/index.php?m=goods&a=list&brand=41&goods_type=1&ftype=2
LuckyStrike/好彩,外国香烟,2,1,单品,224,好彩/LuckyStrike 淡味 6mg 硬盒,620,,https://ribenyan.com/index.php?m=goods&a=list&brand=41&goods_type=1&ftype=2
LuckyStrike/好彩,外国香烟,2,1,单品,222,好彩/LuckyStrike 黑色系列 Chillberry 8mg,450,,https://ribenyan.com/index.php?m=goods&a=list&brand=41&goods_type=1&ftype=2
LuckyStrike/好彩,外国香烟,2,1,单品,221,好彩/LuckyStrike 黑色系列 Chillberry 5mg,450,,https://ribenyan.com/index.php?m=goods&a=list&brand=41&goods_type=1&ftype=2
LuckyStrike/好彩,外国香烟,2,1,单品,964,好彩/LuckyStrike 6 Box,450,,https://ribenyan.com/index.php?m=goods&a=list&brand=41&goods_type=1&ftype=2
LuckyStrike/好彩,外国香烟,2,1,单品,219,好彩/LuckyStrike 黑色系列 薄荷 8mg,450,,https://ribenyan.com/index.php?m=goods&a=list&brand=41&goods_type=1&ftype=2
LuckyStrike/好彩,外国香烟,2,1,单品,218,好彩/LuckyStrike 黑色系列 薄荷 5mg,450,,https://ribenyan.com/index.php?m=goods&a=list&brand=41&goods_type=1&ftype=2
LuckyStrike/好彩,外国香烟,2,1,单品,216,好彩/LuckyStrike Expert Cut 10mg,470,,https://ribenyan.com/index.php?m=goods&a=list&brand=41&goods_type=1&ftype=2
LuckyStrike/好彩,外国香烟,2,1,单品,214,好彩/LuckyStrike Expert Cut 8mg,470,,https://ribenyan.com/index.php?m=goods&a=list&brand=41&goods_type=1&ftype=2
LuckyStrike/好彩,外国香烟,2,1,单品,212,好彩/LuckyStrike Expert Cut 1mg 长支 硬盒,470,,https://ribenyan.com/index.php?m=goods&a=list&brand=41&goods_type=1&ftype=2
LuckyStrike/好彩,外国香烟,2,1,单品,215,好彩/LuckyStrike Expert Cut 6mg,470,,https://ribenyan.com/index.php?m=goods&a=list&brand=41&goods_type=1&ftype=2
LuckyStrike/好彩,外国香烟,2,1,单品,220,好彩/LuckyStrike 黑色系列 Chillberry 1mg 长支,450,,https://ribenyan.com/index.php?m=goods&a=list&brand=41&goods_type=1&ftype=2
LuckyStrike/好彩,外国香烟,2,1,单品,213,好彩/LuckyStrike Expert Cut 3mg,470,,https://ribenyan.com/index.php?m=goods&a=list&brand=41&goods_type=1&ftype=2
Marlboro/万宝路,外国香烟,2,1,单品,133,万宝路/Marlboro 红 12mg 软盒,620,,https://ribenyan.com/index.php?m=goods&a=list&brand=47&goods_type=1&ftype=2
Marlboro/万宝路,外国香烟,2,1,单品,139,万宝路/Marlboro 金 硬盒,620,,https://ribenyan.com/index.php?m=goods&a=list&brand=47&goods_type=1&ftype=2
Marlboro/万宝路,外国香烟,2,1,单品,144,万宝路/Marlboro 中醇 硬盒,620,,https://ribenyan.com/index.php?m=goods&a=list&brand=47&goods_type=1&ftype=2
Marlboro/万宝路,外国香烟,2,1,单品,142,万宝路/Marlboro 热带 激浪 8mg 硬盒,620,,https://ribenyan.com/index.php?m=goods&a=list&brand=47&goods_type=1&ftype=2
Marlboro/万宝路,外国香烟,2,1,单品,140,万宝路/Marlboro 金 长支 硬盒,620,,https://ribenyan.com/index.php?m=goods&a=list&brand=47&goods_type=1&ftype=2
Marlboro/万宝路,外国香烟,2,1,单品,134,万宝路/Marlboro 红 12mg 硬盒,620,,https://ribenyan.com/index.php?m=goods&a=list&brand=47&goods_type=1&ftype=2
Marlboro/万宝路,外国香烟,2,1,单品,141,万宝路/Marlboro 双爆珠 5mg 硬盒,620,,https://ribenyan.com/index.php?m=goods&a=list&brand=47&goods_type=1&ftype=2
Marlboro/万宝路,外国香烟,2,1,单品,149,万宝路/Marlboro 薄荷 12mg 硬盒,620,,https://ribenyan.com/index.php?m=goods&a=list&brand=47&goods_type=1&ftype=2
Marlboro/万宝路,外国香烟,2,1,单品,138,万宝路/Marlboro 清透 混合 ３ＫＳＢ,620,,https://ribenyan.com/index.php?m=goods&a=list&brand=47&goods_type=1&ftype=2
Marlboro/万宝路,外国香烟,2,1,单品,143,万宝路/Marlboro 黑色 薄荷 8mg 硬盒,620,,https://ribenyan.com/index.php?m=goods&a=list&brand=47&goods_type=1&ftype=2
Marlboro/万宝路,外国香烟,2,1,单品,147,万宝路/Marlboro 薄荷 8mg 长支 硬盒,620,,https://ribenyan.com/index.php?m=goods&a=list&brand=47&goods_type=1&ftype=2
Marlboro/万宝路,外国香烟,2,1,单品,146,万宝路/Marlboro 薄荷 8mg 硬盒,620,,https://ribenyan.com/index.php?m=goods&a=list&brand=47&goods_type=1&ftype=2
Marlboro/万宝路,外国香烟,2,1,单品,137,万宝路/Marlboro 冰爆 超劲 8mg 硬盒,620,,https://ribenyan.com/index.php?m=goods&a=list&brand=47&goods_type=1&ftype=2
Marlboro/万宝路,外国香烟,2,1,单品,145,万宝路/Marlboro 薄荷 4mg 硬盒,620,,https://ribenyan.com/index.php?m=goods&a=list&brand=47&goods_type=1&ftype=2
Marlboro/万宝路,外国香烟,2,1,单品,136,万宝路/Marlboro 冰爆 超劲 5mg 硬盒,620,,https://ribenyan.com/index.php?m=goods&a=list&brand=47&goods_type=1&ftype=2
Marlboro/万宝路,外国香烟,2,1,单品,135,万宝路/Marlboro 冰爆 超劲 1mg 硬盒,620,,https://ribenyan.com/index.php?m=goods&a=list&brand=47&goods_type=1&ftype=2
OSMO/,外国香烟,2,1,单品,316,OSMO 14支 10mg,330,14支,https://ribenyan.com/index.php?m=goods&a=list&brand=28&goods_type=1&ftype=2
OSMO/,外国香烟,2,1,单品,317,OSMO 薄荷 14支 6mg,330,14支,https://ribenyan.com/index.php?m=goods&a=list&brand=28&goods_type=1&ftype=2
Parliament/百乐门,外国香烟,2,1,单品,184,百乐门/Parliament 9mg KS 硬盒,580,,https://ribenyan.com/index.php?m=goods&a=list&brand=39&goods_type=1&ftype=2
Parliament/百乐门,外国香烟,2,1,单品,183,百乐门/Parliament 9mg 长支 硬盒,620,,https://ribenyan.com/index.php?m=goods&a=list&brand=39&goods_type=1&ftype=2
Parliament/百乐门,外国香烟,2,1,单品,187,百乐门/Parliament 淡味 6mg KS 硬盒,580,,https://ribenyan.com/index.php?m=goods&a=list&brand=39&goods_type=1&ftype=2
Parliament/百乐门,外国香烟,2,1,单品,188,百乐门/Parliament 淡味 6mg 长支 硬盒,620,,https://ribenyan.com/index.php?m=goods&a=list&brand=39&goods_type=1&ftype=2
Parliament/百乐门,外国香烟,2,1,单品,186,百乐门/Parliament 超淡 3mg 长支 硬盒,620,,https://ribenyan.com/index.php?m=goods&a=list&brand=39&goods_type=1&ftype=2
Parliament/百乐门,外国香烟,2,1,单品,189,百乐门/Parliament One 1mg 长支 硬盒,620,,https://ribenyan.com/index.php?m=goods&a=list&brand=39&goods_type=1&ftype=2
Peel/百乐,外国香烟,2,1,单品,340,百乐/Peel Grape (葡萄),550,,https://ribenyan.com/index.php?m=goods&a=list&brand=38&goods_type=1&ftype=2
Peel/百乐,外国香烟,2,1,单品,947,百乐/Peel Watermelon (西瓜),550,,https://ribenyan.com/index.php?m=goods&a=list&brand=38&goods_type=1&ftype=2
Peel/百乐,外国香烟,2,1,单品,339,百乐/Peel Orange (橙子),550,,https://ribenyan.com/index.php?m=goods&a=list&brand=38&goods_type=1&ftype=2
Peel/百乐,外国香烟,2,1,单品,1015,百乐/Peel Greek Yogurt (希腊酸奶),550,,https://ribenyan.com/index.php?m=goods&a=list&brand=38&goods_type=1&ftype=2
Peel/百乐,外国香烟,2,1,单品,341,百乐/Peel Red Wine (红酒),550,,https://ribenyan.com/index.php?m=goods&a=list&brand=38&goods_type=1&ftype=2
PEPE/,外国香烟,2,1,单品,267,PEPE Organic 18支,540,18支,https://ribenyan.com/index.php?m=goods&a=list&brand=29&goods_type=1&ftype=2
PEPE/,外国香烟,2,1,单品,268,PEPE Rich Green 18支,500,18支,https://ribenyan.com/index.php?m=goods&a=list&brand=29&goods_type=1&ftype=2
PhilipMorris/菲利普莫里斯,外国香烟,2,1,单品,204,菲利普莫里斯/PhilipMorris 14mg KS 硬盒,450,,https://ribenyan.com/index.php?m=goods&a=list&brand=40&goods_type=1&ftype=2
PhilipMorris/菲利普莫里斯,外国香烟,2,1,单品,203,菲利普莫里斯/PhilipMorris 10mg KS 硬盒,450,,https://ribenyan.com/index.php?m=goods&a=list&brand=40&goods_type=1&ftype=2
PhilipMorris/菲利普莫里斯,外国香烟,2,1,单品,156,菲利普莫里斯/PhilipMorris Purple 1mg 长支 超细 N,450,,https://ribenyan.com/index.php?m=goods&a=list&brand=40&goods_type=1&ftype=2
PhilipMorris/菲利普莫里斯,外国香烟,2,1,单品,205,菲利普莫里斯/PhilipMorris Purple 5mg KS 硬盒,450,,https://ribenyan.com/index.php?m=goods&a=list&brand=40&goods_type=1&ftype=2
PhilipMorris/菲利普莫里斯,外国香烟,2,1,单品,201,菲利普莫里斯/PhilipMorris 3mg KS 硬盒,450,,https://ribenyan.com/index.php?m=goods&a=list&brand=40&goods_type=1&ftype=2
PhilipMorris/菲利普莫里斯,外国香烟,2,1,单品,207,菲利普莫里斯/PhilipMorris 1mg 长支 超细 硬盒 N,450,,https://ribenyan.com/index.php?m=goods&a=list&brand=40&goods_type=1&ftype=2
PhilipMorris/菲利普莫里斯,外国香烟,2,1,单品,155,菲利普莫里斯/PhilipMorris 薄荷 1mg 长支 硬盒,450,,https://ribenyan.com/index.php?m=goods&a=list&brand=40&goods_type=1&ftype=2
PhilipMorris/菲利普莫里斯,外国香烟,2,1,单品,208,菲利普莫里斯/PhilipMorris 薄荷 8mg KS 硬盒,450,,https://ribenyan.com/index.php?m=goods&a=list&brand=40&goods_type=1&ftype=2
PhilipMorris/菲利普莫里斯,外国香烟,2,1,单品,210,菲利普莫里斯/PhilipMorris 1mg 长支 硬盒,450,,https://ribenyan.com/index.php?m=goods&a=list&brand=40&goods_type=1&ftype=2
PhilipMorris/菲利普莫里斯,外国香烟,2,1,单品,200,菲利普莫里斯/PhilipMorris 6mg KS 硬盒,450,,https://ribenyan.com/index.php?m=goods&a=list&brand=40&goods_type=1&ftype=2
PhilipMorris/菲利普莫里斯,外国香烟,2,1,单品,202,菲利普莫里斯/PhilipMorris 薄荷 5mg KS 硬盒,450,,https://ribenyan.com/index.php?m=goods&a=list&brand=40&goods_type=1&ftype=2
PUEBLO/普韦布洛,外国香烟,2,1,单品,248,PUEBLO Natural 10 19支,520,19支,https://ribenyan.com/index.php?m=goods&a=list&brand=30&goods_type=1&ftype=2
PUEBLO/普韦布洛,外国香烟,2,1,单品,247,PUEBLO Natural 6 19支,520,19支,https://ribenyan.com/index.php?m=goods&a=list&brand=30&goods_type=1&ftype=2
Republicana/,外国香烟,2,1,单品,969,Republicana Yellow,600,,https://ribenyan.com/index.php?m=goods&a=list&brand=126&goods_type=1&ftype=2
Republicana/,外国香烟,2,1,单品,968,Republicana Black,600,,https://ribenyan.com/index.php?m=goods&a=list&brand=126&goods_type=1&ftype=2
Smokin Joes/,外国香烟,2,1,单品,937,Smokin Joes Full Flavor 13mg,580,,https://ribenyan.com/index.php?m=goods&a=list&brand=122&goods_type=1&ftype=2
Smokin Joes/,外国香烟,2,1,单品,940,Smokin Joes Menthol 12mg,580,,https://ribenyan.com/index.php?m=goods&a=list&brand=122&goods_type=1&ftype=2
Smokin Joes/,外国香烟,2,1,单品,938,Smokin Joes Light 12mg,580,,https://ribenyan.com/index.php?m=goods&a=list&brand=122&goods_type=1&ftype=2
Smokin Joes/,外国香烟,2,1,单品,939,Smokin Joes Ultra Light 11mg,580,,https://ribenyan.com/index.php?m=goods&a=list&brand=122&goods_type=1&ftype=2
Sobranie/寿百年,外国香烟,2,1,单品,335,寿百年/Sobranie Black Russian 7mg,1000,,https://ribenyan.com/index.php?m=goods&a=list&brand=32&goods_type=1&ftype=2
Sobranie/寿百年,外国香烟,2,1,单品,334,寿百年/Sobranie Cocktail 5mg,1000,,https://ribenyan.com/index.php?m=goods&a=list&brand=32&goods_type=1&ftype=2
TREASURER/,外国香烟,2,1,单品,337,TREASURER Executive Black 7mg,680,,https://ribenyan.com/index.php?m=goods&a=list&brand=33&goods_type=1&ftype=2
TREASURER/,外国香烟,2,1,单品,928,TREASURER Premium Black 10mg,4000,,https://ribenyan.com/index.php?m=goods&a=list&brand=33&goods_type=1&ftype=2
TREASURER/,外国香烟,2,1,单品,930,Treasurer Luxury Black 8mg,1500,,https://ribenyan.com/index.php?m=goods&a=list&brand=33&goods_type=1&ftype=2
TREASURER/,外国香烟,2,1,单品,929,TREASURER Premier Gold 8mg,3800,,https://ribenyan.com/index.php?m=goods&a=list&brand=33&goods_type=1&ftype=2
VIBES/,外国香烟,2,1,单品,246,VIBES,540,,https://ribenyan.com/index.php?m=goods&a=list&brand=34&goods_type=1&ftype=2
Virginia/弗吉尼亚,外国香烟,2,1,单品,199,弗吉尼亚/Virginia S Rose 薄荷 1mg,570,,https://ribenyan.com/index.php?m=goods&a=list&brand=35&goods_type=1&ftype=2
Virginia/弗吉尼亚,外国香烟,2,1,单品,198,弗吉尼亚/Virginia S Sophia 6mg,570,,https://ribenyan.com/index.php?m=goods&a=list&brand=35&goods_type=1&ftype=2
Virginia/弗吉尼亚,外国香烟,2,1,单品,197,弗吉尼亚/Virginia S Sophia 1mg,570,,https://ribenyan.com/index.php?m=goods&a=list&brand=35&goods_type=1&ftype=2
WIN/,外国香烟,2,1,单品,225,WIN 1mg,430,,https://ribenyan.com/index.php?m=goods&a=list&brand=36&goods_type=1&ftype=2
WIN/,外国香烟,2,1,单品,226,WIN 3mg,430,,https://ribenyan.com/index.php?m=goods&a=list&brand=36&goods_type=1&ftype=2
WIN/,外国香烟,2,1,单品,227,WIN 5mg,430,,https://ribenyan.com/index.php?m=goods&a=list&brand=36&goods_type=1&ftype=2
中华/,外国香烟,2,1,单品,241,中华 硬盒,630,,https://ribenyan.com/index.php?m=goods&a=list&brand=49&goods_type=1&ftype=2
中华/,外国香烟,2,1,单品,441,中华 软盒,1050,,https://ribenyan.com/index.php?m=goods&a=list&brand=49&goods_type=1&ftype=2
中南海/,外国香烟,2,1,单品,245,中南海 ONE 薄荷 1mg,500,,https://ribenyan.com/index.php?m=goods&a=list&brand=50&goods_type=1&ftype=2
中南海/,外国香烟,2,1,单品,244,中南海 ONE 1mg,520,,https://ribenyan.com/index.php?m=goods&a=list&brand=50&goods_type=1&ftype=2
中南海/,外国香烟,2,1,单品,242,中南海 超淡 3mg,520,,https://ribenyan.com/index.php?m=goods&a=list&brand=50&goods_type=1&ftype=2
中南海/,外国香烟,2,1,单品,243,中南海 淡味 8mg,520,,https://ribenyan.com/index.php?m=goods&a=list&brand=50&goods_type=1&ftype=2
中南海/,外国香烟,2,1,单品,336,中南海 5mg 长支,530,,https://ribenyan.com/index.php?m=goods&a=list&brand=50&goods_type=1&ftype=2
双喜/DoubleHappiness,外国香烟,2,1,单品,287,双喜/DoubleHappiness 薄荷,470,,https://ribenyan.com/index.php?m=goods&a=list&brand=20&goods_type=1&ftype=2
双喜/DoubleHappiness,外国香烟,2,1,单品,284,双喜/DoubleHappiness 16支 原味,380,16支,https://ribenyan.com/index.php?m=goods&a=list&brand=20&goods_type=1&ftype=2
双喜/DoubleHappiness,外国香烟,2,1,单品,286,双喜/DoubleHappiness 原味,470,,https://ribenyan.com/index.php?m=goods&a=list&brand=20&goods_type=1&ftype=2
双喜/DoubleHappiness,外国香烟,2,1,单品,285,双喜/DoubleHappiness 16支 淡味,380,16支,https://ribenyan.com/index.php?m=goods&a=list&brand=20&goods_type=1&ftype=2
双喜/DoubleHappiness,外国香烟,2,1,单品,288,双喜/DoubleHappiness 淡味,470,,https://ribenyan.com/index.php?m=goods&a=list&brand=20&goods_type=1&ftype=2
阿里山/,外国香烟,2,1,单品,347,阿里山 MUSE 5mg 蜜瓜薄荷 硬盒 ,480,,https://ribenyan.com/index.php?m=goods&a=list&brand=37&goods_type=1&ftype=2
阿里山/,外国香烟,2,1,单品,1022,阿里山 MUSE 薄荷&蜜桃双爆珠 5mg,580,,https://ribenyan.com/index.php?m=goods&a=list&brand=37&goods_type=1&ftype=2
阿里山/,外国香烟,2,1,单品,348,阿里山 景泰典蓝 软盒,800,,https://ribenyan.com/index.php?m=goods&a=list&brand=37&goods_type=1&ftype=2
阿里山/,外国香烟,2,1,单品,1021,阿里山 彩韵 橙味爆珠 7mg,600,,https://ribenyan.com/index.php?m=goods&a=list&brand=37&goods_type=1&ftype=2
阿里山/,外国香烟,2,1,单品,131,阿里山 景泰典蓝 中支 硬盒,600,,https://ribenyan.com/index.php?m=goods&a=list&brand=37&goods_type=1&ftype=2
阿里山/,外国香烟,2,1,单品,349,阿里山 景泰典蓝 硬盒,520,,https://ribenyan.com/index.php?m=goods&a=list&brand=37&goods_type=1&ftype=2
阿里山/,外国香烟,2,1,单品,1020,阿里山 彩韵 蜜瓜爆珠 7mg,600,,https://ribenyan.com/index.php?m=goods&a=list&brand=37&goods_type=1&ftype=2
阿里山/,外国香烟,2,1,单品,346,阿里山 MUSE 8mg 硬盒,430,,https://ribenyan.com/index.php?m=goods&a=list&brand=37&goods_type=1&ftype=2
阿里山/,外国香烟,2,1,单品,345,阿里山 MUSE 4mg 硬盒,430,,https://ribenyan.com/index.php?m=goods&a=list&brand=37&goods_type=1&ftype=2
黄鹤楼/,外国香烟,2,1,单品,948,黄鹤楼 四季,770,,https://ribenyan.com/index.php?m=goods&a=list&brand=125&goods_type=1&ftype=2
Camel/骆驼,雪茄,3,2,单品,363,骆驼/Camel 蓝莓爆珠 Berry Option Ploom用,530,,https://ribenyan.com/index.php?m=goods&a=list&brand=7&goods_type=2&ftype=3
Camel/骆驼,雪茄,3,2,单品,368,骆驼/Camel 浓原味 Rich Ploom用,530,,https://ribenyan.com/index.php?m=goods&a=list&brand=7&goods_type=2&ftype=3
Camel/骆驼,雪茄,3,2,单品,364,骆驼/Camel 浓薄荷 Menthol Cold Ploom用,530,,https://ribenyan.com/index.php?m=goods&a=list&brand=7&goods_type=2&ftype=3
Camel/骆驼,雪茄,3,2,单品,367,骆驼/Camel 麝香葡萄 Menthol Muscat Ploom用,530,,https://ribenyan.com/index.php?m=goods&a=list&brand=7&goods_type=2&ftype=3
Camel/骆驼,雪茄,3,2,单品,366,骆驼/Camel 蓝莓薄荷 Menthol Berry Ploom用,530,,https://ribenyan.com/index.php?m=goods&a=list&brand=7&goods_type=2&ftype=3
Camel/骆驼,雪茄,3,2,单品,362,骆驼/Camel 淡原味 Smooth Ploom用,530,,https://ribenyan.com/index.php?m=goods&a=list&brand=7&goods_type=2&ftype=3
Camel/骆驼,雪茄,3,2,单品,365,骆驼/Camel 淡薄荷 Menthol Fresh Ploom用,530,,https://ribenyan.com/index.php?m=goods&a=list&brand=7&goods_type=2&ftype=3
EVO/,雪茄,3,2,单品,359,Evo Tropical Banana Crystal,580,,https://ribenyan.com/index.php?m=goods&a=list&brand=51&goods_type=2&ftype=3
EVO/,雪茄,3,2,单品,360,Evo Tropical Berry Crystal,580,,https://ribenyan.com/index.php?m=goods&a=list&brand=51&goods_type=2&ftype=3
EVO/,雪茄,3,2,单品,984,Evo Sakura Regular,580,,https://ribenyan.com/index.php?m=goods&a=list&brand=51&goods_type=2&ftype=3
EVO/,雪茄,3,2,单品,361,Evo Berry Crystal,580,,https://ribenyan.com/index.php?m=goods&a=list&brand=51&goods_type=2&ftype=3
EVO/,雪茄,3,2,单品,765,Evo Hachimitsu Lemon Crystal,580,,https://ribenyan.com/index.php?m=goods&a=list&brand=51&goods_type=2&ftype=3
EVO/,雪茄,3,2,单品,763,Evo Black Menthol,580,,https://ribenyan.com/index.php?m=goods&a=list&brand=51&goods_type=2&ftype=3
EVO/,雪茄,3,2,单品,358,Evo Deep Regular,580,,https://ribenyan.com/index.php?m=goods&a=list&brand=51&goods_type=2&ftype=3
EVO/,雪茄,3,2,单品,357,Evo Cold Menthol,580,,https://ribenyan.com/index.php?m=goods&a=list&brand=51&goods_type=2&ftype=3
EVO/,雪茄,3,2,单品,764,Evo Fresh Mint,580,,https://ribenyan.com/index.php?m=goods&a=list&brand=51&goods_type=2&ftype=3
Kent/健牌/箭牌,雪茄,3,2,单品,399,健牌/箭牌/Kent True Berry Boost Hyper专用,520,,https://ribenyan.com/index.php?m=goods&a=list&brand=44&goods_type=2&ftype=3
Kent/健牌/箭牌,雪茄,3,2,单品,398,健牌/箭牌/Kent True Tobacco Hyper专用,520,,https://ribenyan.com/index.php?m=goods&a=list&brand=44&goods_type=2&ftype=3
Kent/健牌/箭牌,雪茄,3,2,单品,401,健牌/箭牌/Kent True Rich Tobacco Hyper专用,520,,https://ribenyan.com/index.php?m=goods&a=list&brand=44&goods_type=2&ftype=3
Kent/健牌/箭牌,雪茄,3,2,单品,402,健牌/箭牌/Kent True Rich Menthol Hyper专用,520,,https://ribenyan.com/index.php?m=goods&a=list&brand=44&goods_type=2&ftype=3
Kent/健牌/箭牌,雪茄,3,2,单品,691,Kent Neostick Bright Tobacco JW,580,,https://ribenyan.com/index.php?m=goods&a=list&brand=44&goods_type=2&ftype=3
Kent/健牌/箭牌,雪茄,3,2,单品,400,健牌/箭牌/Kent True Menthol Hyper专用,520,,https://ribenyan.com/index.php?m=goods&a=list&brand=44&goods_type=2&ftype=3
Kent/健牌/箭牌,雪茄,3,2,单品,692,Kent Neostick Smooth Fresh JW,580,,https://ribenyan.com/index.php?m=goods&a=list&brand=44&goods_type=2&ftype=3
Kent/健牌/箭牌,雪茄,3,2,单品,693,Kent Neostick Intensely Fresh JW,580,,https://ribenyan.com/index.php?m=goods&a=list&brand=44&goods_type=2&ftype=3
Kent/健牌/箭牌,雪茄,3,2,单品,694,Kent Neostick Mint Boost XW,550,,https://ribenyan.com/index.php?m=goods&a=list&brand=44&goods_type=2&ftype=3
LuckyStrike/好彩,雪茄,3,2,单品,415,好彩/LuckyStrike Tropical Boost Hyper专用 C,480,,https://ribenyan.com/index.php?m=goods&a=list&brand=41&goods_type=2&ftype=3
LuckyStrike/好彩,雪茄,3,2,单品,417,好彩/LuckyStrike Berry Boost Hyper专用 C,480,,https://ribenyan.com/index.php?m=goods&a=list&brand=41&goods_type=2&ftype=3
LuckyStrike/好彩,雪茄,3,2,单品,420,好彩/LuckyStrike Rich Tobacco Hyper专用 C,480,,https://ribenyan.com/index.php?m=goods&a=list&brand=41&goods_type=2&ftype=3
LuckyStrike/好彩,雪茄,3,2,单品,412,好彩/LuckyStrike Dark Tobacco Hyper专用 C,480,,https://ribenyan.com/index.php?m=goods&a=list&brand=41&goods_type=2&ftype=3
LuckyStrike/好彩,雪茄,3,2,单品,413,好彩/LuckyStrike Dark Menthol Hyper专用 C,480,,https://ribenyan.com/index.php?m=goods&a=list&brand=41&goods_type=2&ftype=3
LuckyStrike/好彩,雪茄,3,2,单品,418,好彩/LuckyStrike Berry Menthol Hyper专用 C,480,,https://ribenyan.com/index.php?m=goods&a=list&brand=41&goods_type=2&ftype=3
LuckyStrike/好彩,雪茄,3,2,单品,419,好彩/LuckyStrike Menthol Hyper专用 C,480,,https://ribenyan.com/index.php?m=goods&a=list&brand=41&goods_type=2&ftype=3
LuckyStrike/好彩,雪茄,3,2,单品,414,好彩/LuckyStrike Tropical Switch Hyper专用,480,,https://ribenyan.com/index.php?m=goods&a=list&brand=41&goods_type=2&ftype=3
LuckyStrike/好彩,雪茄,3,2,单品,416,好彩/LuckyStrike Berry Switch Hyper专用,480,,https://ribenyan.com/index.php?m=goods&a=list&brand=41&goods_type=2&ftype=3
MEVIUS/梅比乌斯,雪茄,3,2,单品,378,梅比乌斯/MEVIUS 蓝莓爆珠 Berry Option Ploom用,550,,https://ribenyan.com/index.php?m=goods&a=list&brand=2&goods_type=2&ftype=3
MEVIUS/梅比乌斯,雪茄,3,2,单品,376,梅比乌斯/MEVIUS 黑薄荷 Black Cold Menthol Ploom用,550,,https://ribenyan.com/index.php?m=goods&a=list&brand=2&goods_type=2&ftype=3
MEVIUS/梅比乌斯,雪茄,3,2,单品,369,梅比乌斯/MEVIUS 苹果爆珠 Apple Option Ploom用,550,,https://ribenyan.com/index.php?m=goods&a=list&brand=2&goods_type=2&ftype=3
MEVIUS/梅比乌斯,雪茄,3,2,单品,370,梅比乌斯/MEVIUS 浓香原味 Aroma Rich Regular Ploom用,550,,https://ribenyan.com/index.php?m=goods&a=list&brand=2&goods_type=2&ftype=3
MEVIUS/梅比乌斯,雪茄,3,2,单品,372,梅比乌斯/MEVIUS 柠檬爆珠 Citrus Option Ploom用,550,,https://ribenyan.com/index.php?m=goods&a=list&brand=2&goods_type=2&ftype=3
MEVIUS/梅比乌斯,雪茄,3,2,单品,374,梅比乌斯/MEVIUS 淡原味 Smooth Regular Ploom用,550,,https://ribenyan.com/index.php?m=goods&a=list&brand=2&goods_type=2&ftype=3
MEVIUS/梅比乌斯,雪茄,3,2,单品,375,梅比乌斯/MEVIUS 浓原味 Deep Regular Ploom用,550,,https://ribenyan.com/index.php?m=goods&a=list&brand=2&goods_type=2&ftype=3
MEVIUS/梅比乌斯,雪茄,3,2,单品,379,梅比乌斯/MEVIUS 麝香葡萄爆珠 Muscat Option Ploom用,550,,https://ribenyan.com/index.php?m=goods&a=list&brand=2&goods_type=2&ftype=3
MEVIUS/梅比乌斯,雪茄,3,2,单品,377,梅比乌斯/MEVIUS 梨爆珠 Pear Option Ploom用,550,,https://ribenyan.com/index.php?m=goods&a=list&brand=2&goods_type=2&ftype=3
MEVIUS/梅比乌斯,雪茄,3,2,单品,380,梅比乌斯/MEVIUS 混合薄荷 Mix Mint Menthol Ploom用,550,,https://ribenyan.com/index.php?m=goods&a=list&brand=2&goods_type=2&ftype=3
MEVIUS/梅比乌斯,雪茄,3,2,单品,371,梅比乌斯/MEVIUS 淡薄荷 Cold Menthol Ploom用,550,,https://ribenyan.com/index.php?m=goods&a=list&brand=2&goods_type=2&ftype=3
MEVIUS/梅比乌斯,雪茄,3,2,单品,373,梅比乌斯/MEVIUS 浓薄荷 Sharp Cold Menthol Ploom用,550,,https://ribenyan.com/index.php?m=goods&a=list&brand=2&goods_type=2&ftype=3
NEO/,雪茄,3,2,单品,409,NEO Brilliant Muscat,530,,https://ribenyan.com/index.php?m=goods&a=list&brand=13&goods_type=2&ftype=3
NEO/,雪茄,3,2,单品,407,NEO Brilliant Tropical Hyper专用,530,,https://ribenyan.com/index.php?m=goods&a=list&brand=13&goods_type=2&ftype=3
NEO/,雪茄,3,2,单品,410,NEO Brilliant Red Fruits Hyper专用,530,,https://ribenyan.com/index.php?m=goods&a=list&brand=13&goods_type=2&ftype=3
NEO/,雪茄,3,2,单品,411,NEO Brilliant Wildberry,530,,https://ribenyan.com/index.php?m=goods&a=list&brand=13&goods_type=2&ftype=3
NEO/,雪茄,3,2,单品,403,NEO Arctic Menthol Hyper专用,530,,https://ribenyan.com/index.php?m=goods&a=list&brand=13&goods_type=2&ftype=3
NEO/,雪茄,3,2,单品,404,NEO Iced Menthol Hyper专用,530,,https://ribenyan.com/index.php?m=goods&a=list&brand=13&goods_type=2&ftype=3
NEO/,雪茄,3,2,单品,405,NEO Classic Tobacco Hyper专用,530,,https://ribenyan.com/index.php?m=goods&a=list&brand=13&goods_type=2&ftype=3
NEO/,雪茄,3,2,单品,129,NEO Brilliant Berry (glo hyper),530,,https://ribenyan.com/index.php?m=goods&a=list&brand=13&goods_type=2&ftype=3
NEO/,雪茄,3,2,单品,406,NEO Chilled Menthol Hyper专用,530,,https://ribenyan.com/index.php?m=goods&a=list&brand=13&goods_type=2&ftype=3
NEO/,雪茄,3,2,单品,701,Neo Chilled Menthol for hyper F,530,,https://ribenyan.com/index.php?m=goods&a=list&brand=13&goods_type=2&ftype=3
SENTIA/,雪茄,3,2,单品,386,SENTIA 西瓜冰 Juicy Red,570,,https://ribenyan.com/index.php?m=goods&a=list&brand=31&goods_type=2&ftype=3
SENTIA/,雪茄,3,2,单品,387,SENTIA 柔和原味 Smooth Gold E,570,,https://ribenyan.com/index.php?m=goods&a=list&brand=31&goods_type=2&ftype=3
SENTIA/,雪茄,3,2,单品,389,SENTIA 超浓原味 Deep Bronze E,570,,https://ribenyan.com/index.php?m=goods&a=list&brand=31&goods_type=2&ftype=3
SENTIA/,雪茄,3,2,单品,993,SENTIA 紫色爆珠 Purple Capsule,570,,https://ribenyan.com/index.php?m=goods&a=list&brand=31&goods_type=2&ftype=3
SENTIA/,雪茄,3,2,单品,391,SENTIA 淡香草原味 Balanced Yellow E,570,,https://ribenyan.com/index.php?m=goods&a=list&brand=31&goods_type=2&ftype=3
SENTIA/,雪茄,3,2,单品,393,SENTIA 浓原味 Pure Teak E,570,,https://ribenyan.com/index.php?m=goods&a=list&brand=31&goods_type=2&ftype=3
SENTIA/,雪茄,3,2,单品,390,SENTIA 热带水果 Tropical Yellow E,570,,https://ribenyan.com/index.php?m=goods&a=list&brand=31&goods_type=2&ftype=3
SENTIA/,雪茄,3,2,单品,397,SENTIA 浓薄荷 Frost Green E,570,,https://ribenyan.com/index.php?m=goods&a=list&brand=31&goods_type=2&ftype=3
SENTIA/,雪茄,3,2,单品,381,SENTIA 黑蓝莓 Icy Purple E,570,,https://ribenyan.com/index.php?m=goods&a=list&brand=31&goods_type=2&ftype=3
SENTIA/,雪茄,3,2,单品,277,SENTIA 黑薄荷 Ice Black E,570,,https://ribenyan.com/index.php?m=goods&a=list&brand=31&goods_type=2&ftype=3
SENTIA/,雪茄,3,2,单品,396,SENTIA 蓝莓 Fresh Purple,570,,https://ribenyan.com/index.php?m=goods&a=list&brand=31&goods_type=2&ftype=3
SENTIA/,雪茄,3,2,单品,384,SENTIA 坚果 Clear Silver E,570,,https://ribenyan.com/index.php?m=goods&a=list&brand=31&goods_type=2&ftype=3
SENTIA/,雪茄,3,2,单品,385,SENTIA 青柠 Citrus Green E,570,,https://ribenyan.com/index.php?m=goods&a=list&brand=31&goods_type=2&ftype=3
SENTIA/,雪茄,3,2,单品,766,SENTIA Icy Red,570,,https://ribenyan.com/index.php?m=goods&a=list&brand=31&goods_type=2&ftype=3
SENTIA/,雪茄,3,2,单品,388,SENTIA 紫罗兰 Smooth Violet,570,,https://ribenyan.com/index.php?m=goods&a=list&brand=31&goods_type=2&ftype=3
SENTIA/,雪茄,3,2,单品,395,SENTIA 珊瑚橙 Fresh Coral,570,,https://ribenyan.com/index.php?m=goods&a=list&brand=31&goods_type=2&ftype=3
SENTIA/,雪茄,3,2,单品,383,SENTIA 薄荷 Cool Jade E,570,,https://ribenyan.com/index.php?m=goods&a=list&brand=31&goods_type=2&ftype=3
SENTIA/,雪茄,3,2,单品,394,SENTIA 温和薄荷 Fresh Emerald,570,,https://ribenyan.com/index.php?m=goods&a=list&brand=31&goods_type=2&ftype=3
TEREA/,雪茄,3,2,单品,113,TEREA 百香果爆珠/绿洲爆珠 Oasis Pearl E,620,,https://ribenyan.com/index.php?m=goods&a=list&brand=12&goods_type=2&ftype=3
TEREA/,雪茄,3,2,单品,114,TEREA 西瓜爆珠 Sun Pearl E,620,,https://ribenyan.com/index.php?m=goods&a=list&brand=12&goods_type=2&ftype=3
TEREA/,雪茄,3,2,单品,279,TEREA 浓原味 Regular E,620,,https://ribenyan.com/index.php?m=goods&a=list&brand=12&goods_type=2&ftype=3
TEREA/,雪茄,3,2,单品,1010,TEREA Blossom Pearl,620,,https://ribenyan.com/index.php?m=goods&a=list&brand=12&goods_type=2&ftype=3
TEREA/,雪茄,3,2,单品,429,TEREA 青提爆珠 Shine Pearl,620,,https://ribenyan.com/index.php?m=goods&a=list&brand=12&goods_type=2&ftype=3
TEREA/,雪茄,3,2,单品,430,TEREA 黑冰水蜜桃/黑蜜桃薄荷 Black Fusia Menthol,620,,https://ribenyan.com/index.php?m=goods&a=list&brand=12&goods_type=2&ftype=3
TEREA/,雪茄,3,2,单品,275,TEREA 超浓原味 Rich Regular E,620,,https://ribenyan.com/index.php?m=goods&a=list&brand=12&goods_type=2&ftype=3
TEREA/,雪茄,3,2,单品,127,TEREA 黑冰蓝莓 Black Purple Menthol E,620,,https://ribenyan.com/index.php?m=goods&a=list&brand=12&goods_type=2&ftype=3
TEREA/,雪茄,3,2,单品,276,TEREA 花香爆珠/樱花爆珠 Riviera Pearl,620,,https://ribenyan.com/index.php?m=goods&a=list&brand=12&goods_type=2&ftype=3
TEREA/,雪茄,3,2,单品,120,TEREA 淡原味 Balanced Regular E,620,,https://ribenyan.com/index.php?m=goods&a=list&brand=12&goods_type=2&ftype=3
TEREA/,雪茄,3,2,单品,122,TEREA 黑冰阳光/柑橘 Black Sunshine Menthol,620,,https://ribenyan.com/index.php?m=goods&a=list&brand=12&goods_type=2&ftype=3
TEREA/,雪茄,3,2,单品,274,TEREA 浓薄荷 Menthol E,620,,https://ribenyan.com/index.php?m=goods&a=list&brand=12&goods_type=2&ftype=3
TEREA/,雪茄,3,2,单品,273,TEREA 淡薄荷 Mint E,620,,https://ribenyan.com/index.php?m=goods&a=list&brand=12&goods_type=2&ftype=3
TEREA/,雪茄,3,2,单品,116,TEREA 坚果 Smooth Regular E,620,,https://ribenyan.com/index.php?m=goods&a=list&brand=12&goods_type=2&ftype=3
TEREA/,雪茄,3,2,单品,579,TEREA 蓝莓爆珠 Velvet Pearl,620,,https://ribenyan.com/index.php?m=goods&a=list&brand=12&goods_type=2&ftype=3
TEREA/,雪茄,3,2,单品,128,TEREA 黑冰野莓/黑莓果 Black Ruby Menthol,620,,https://ribenyan.com/index.php?m=goods&a=list&brand=12&goods_type=2&ftype=3
TEREA/,雪茄,3,2,单品,126,TEREA 黑冰薄荷 Black Menthol E,620,,https://ribenyan.com/index.php?m=goods&a=list&brand=12&goods_type=2&ftype=3
TEREA/,雪茄,3,2,单品,812,TEREA 星光爆珠 Stellar Pearl,620,,https://ribenyan.com/index.php?m=goods&a=list&brand=12&goods_type=2&ftype=3
TEREA/,雪茄,3,2,单品,112,TEREA 蓝莓 Purple Menthol E,620,,https://ribenyan.com/index.php?m=goods&a=list&brand=12&goods_type=2&ftype=3
TEREA/,雪茄,3,2,单品,121,TEREA 水蜜桃/花香 Fusion Menthol E,620,,https://ribenyan.com/index.php?m=goods&a=list&brand=12&goods_type=2&ftype=3
TEREA/,雪茄,3,2,单品,422,TEREA 檀木/雪松 Warm Regular E,620,,https://ribenyan.com/index.php?m=goods&a=list&brand=12&goods_type=2&ftype=3
TEREA/,雪茄,3,2,单品,111,TEREA 青柠 Yellow Menthol E,620,,https://ribenyan.com/index.php?m=goods&a=list&brand=12&goods_type=2&ftype=3
TEREA/,雪茄,3,2,单品,278,TEREA 红宝石/梅子原味 Ruby Regular E,620,,https://ribenyan.com/index.php?m=goods&a=list&brand=12&goods_type=2&ftype=3
TEREA/,雪茄,3,2,单品,124,TEREA 黑冰青柠/黑柠檬 Black Yellow Menthol E,620,,https://ribenyan.com/index.php?m=goods&a=list&brand=12&goods_type=2&ftype=3
TEREA/,雪茄,3,2,单品,117,TEREA 热带水果 Tropical Menthol E,620,,https://ribenyan.com/index.php?m=goods&a=list&brand=12&goods_type=2&ftype=3
TEREA/,雪茄,3,2,单品,689,TEREA 柠檬 Clear Regular,620,,https://ribenyan.com/index.php?m=goods&a=list&brand=12&goods_type=2&ftype=3
TEREA/,雪茄,3,2,单品,435,TEREA 洋梨 Bright Menthol E,620,,https://ribenyan.com/index.php?m=goods&a=list&brand=12&goods_type=2&ftype=3
VIRTO/,雪茄,3,2,单品,574,Virto Berry Click,580,,https://ribenyan.com/index.php?m=goods&a=list&brand=74&goods_type=2&ftype=3
VIRTO/,雪茄,3,2,单品,576,Virto Melon Click,580,,https://ribenyan.com/index.php?m=goods&a=list&brand=74&goods_type=2&ftype=3
VIRTO/,雪茄,3,2,单品,932,Virto Bright Cherry Click,580,,https://ribenyan.com/index.php?m=goods&a=list&brand=74&goods_type=2&ftype=3
VIRTO/,雪茄,3,2,单品,570,Virto Iced Berry Click,580,,https://ribenyan.com/index.php?m=goods&a=list&brand=74&goods_type=2&ftype=3
VIRTO/,雪茄,3,2,单品,572,Virto Dark Tobacco,580,,https://ribenyan.com/index.php?m=goods&a=list&brand=74&goods_type=2&ftype=3
VIRTO/,雪茄,3,2,单品,577,Virto Menthol Click,580,,https://ribenyan.com/index.php?m=goods&a=list&brand=74&goods_type=2&ftype=3
VIRTO/,雪茄,3,2,单品,571,Virto Iced Menthol Click,580,,https://ribenyan.com/index.php?m=goods&a=list&brand=74&goods_type=2&ftype=3
VIRTO/,雪茄,3,2,单品,573,Virto Balanced Tobacco,580,,https://ribenyan.com/index.php?m=goods&a=list&brand=74&goods_type=2&ftype=3
VIRTO/,雪茄,3,2,单品,575,Virto Mint Click,580,,https://ribenyan.com/index.php?m=goods&a=list&brand=74&goods_type=2&ftype=3
glo/,其他,7,9,9,923,glo Hyper Pro 曜石黑,4270,,https://ribenyan.com/index.php?m=goods&a=list&brand=120&goods_type=9&ftype=7
glo/,其他,7,9,9,922,glo Hyper Pro 天青蓝,4270,,https://ribenyan.com/index.php?m=goods&a=list&brand=120&goods_type=9&ftype=7
IQOS/,其他,7,9,9,751,IQOS ILUMA i Prime 翻盖 午夜黑,13980,,https://ribenyan.com/index.php?m=goods&a=list&brand=52&goods_type=9&ftype=7
IQOS/,其他,7,9,9,759,IQOS ILUMA i ONE 一体机 午夜黑 新款,6980,,https://ribenyan.com/index.php?m=goods&a=list&brand=52&goods_type=9&ftype=7
IQOS/,其他,7,9,9,757,IQOS ILUMA i ONE 一体机 微风蓝 新款,6780,,https://ribenyan.com/index.php?m=goods&a=list&brand=52&goods_type=9&ftype=7
IQOS/,其他,7,9,9,745,IQOS ILUMA i 侧开 午夜黑,10980,,https://ribenyan.com/index.php?m=goods&a=list&brand=52&goods_type=9&ftype=7
IQOS/,其他,7,9,9,750,IQOS ILUMA i Prime 翻盖 微风蓝,13780,,https://ribenyan.com/index.php?m=goods&a=list&brand=52&goods_type=9&ftype=7
IQOS/,其他,7,9,9,744,IQOS ILUMA i 侧开 微风蓝,10780,,https://ribenyan.com/index.php?m=goods&a=list&brand=52&goods_type=9&ftype=7
IQOS/,其他,7,9,9,752,IQOS ILUMA i Prime 翻盖 山杨青,14580,,https://ribenyan.com/index.php?m=goods&a=list&brand=52&goods_type=9&ftype=7
IQOS/,其他,7,9,9,761,IQOS ILUMA i 侧开 银河蓝限量版,12980,,https://ribenyan.com/index.php?m=goods&a=list&brand=52&goods_type=9&ftype=7
IQOS/,其他,7,9,9,749,IQOS ILUMA i Prime 翻盖 石榴红,14980,,https://ribenyan.com/index.php?m=goods&a=list&brand=52&goods_type=9&ftype=7
IQOS/,其他,7,9,9,738,IQOS ILUMA i 侧开 电光紫,11580,,https://ribenyan.com/index.php?m=goods&a=list&brand=52&goods_type=9&ftype=7
IQOS/,其他,7,9,9,760,IQOS ILUMA i PRIME 翻盖 电光紫,14980,,https://ribenyan.com/index.php?m=goods&a=list&brand=52&goods_type=9&ftype=7
IQOS/,其他,7,9,9,814,IQOS ILUMA i 侧开 叶片绿,10980,,https://ribenyan.com/index.php?m=goods&a=list&brand=52&goods_type=9&ftype=7
IQOS/,其他,7,9,9,943,IQOS ILUMA i 侧开 数电紫,10980,,https://ribenyan.com/index.php?m=goods&a=list&brand=52&goods_type=9&ftype=7
ploom/,其他,7,9,9,804,ploom aura 亮玄黑,4280,,https://ribenyan.com/index.php?m=goods&a=list&brand=118&goods_type=9&ftype=7
ploom/,其他,7,9,9,805,ploom aura 深海蓝,4280,,https://ribenyan.com/index.php?m=goods&a=list&brand=118&goods_type=9&ftype=7
ploom/,其他,7,9,9,806,ploom aura 玫瑰金,4280,,https://ribenyan.com/index.php?m=goods&a=list&brand=118&goods_type=9&ftype=7
Acrema Blend/,手卷,4,3,单品,786,Acrema Blend 20g装,700,20g,https://ribenyan.com/index.php?m=goods&a=list&brand=113&goods_type=3&ftype=4
Amber Leaf/琥珀,手卷,4,3,单品,511,Amber Leaf Organic Blend 25g装,730,25g,https://ribenyan.com/index.php?m=goods&a=list&brand=67&goods_type=3&ftype=4
Amber Leaf/琥珀,手卷,4,3,单品,551,Amber Leaf Blonde 25g装,700,25g,https://ribenyan.com/index.php?m=goods&a=list&brand=67&goods_type=3&ftype=4
Amsterdamer/阿姆斯特丹,手卷,4,3,单品,532,Amsterdamer Grape Ice 25g装,700,25g,https://ribenyan.com/index.php?m=goods&a=list&brand=69&goods_type=3&ftype=4
Amsterdamer/阿姆斯特丹,手卷,4,3,单品,531,Amsterdamer Coffee Ice 25g装,700,25g,https://ribenyan.com/index.php?m=goods&a=list&brand=69&goods_type=3&ftype=4
Amsterdamer/阿姆斯特丹,手卷,4,3,单品,534,Amsterdamer Apple Ice 25g装,700,25g,https://ribenyan.com/index.php?m=goods&a=list&brand=69&goods_type=3&ftype=4
Amsterdamer/阿姆斯特丹,手卷,4,3,单品,542,Amsterdamer Vanilla Ice 25g装,700,25g,https://ribenyan.com/index.php?m=goods&a=list&brand=69&goods_type=3&ftype=4
Amsterdamer/阿姆斯特丹,手卷,4,3,单品,530,Amsterdamer Menthol Ice 25g装,700,25g,https://ribenyan.com/index.php?m=goods&a=list&brand=69&goods_type=3&ftype=4
Amsterdamer/阿姆斯特丹,手卷,4,3,单品,533,Amsterdamer Original 25g装,700,25g,https://ribenyan.com/index.php?m=goods&a=list&brand=69&goods_type=3&ftype=4
Amsterdamer/阿姆斯特丹,手卷,4,3,单品,536,Amsterdamer XXX Honest 25g装,700,25g,https://ribenyan.com/index.php?m=goods&a=list&brand=69&goods_type=3&ftype=4
Amsterdamer/阿姆斯特丹,手卷,4,3,单品,535,Amsterdamer XXX Plain 25g装,700,25g,https://ribenyan.com/index.php?m=goods&a=list&brand=69&goods_type=3&ftype=4
Ark Royal/老船长,手卷,4,3,单品,540,老船长/Ark Royal Berry Rose Iced Tea Shag 30g装,840,30g,https://ribenyan.com/index.php?m=goods&a=list&brand=46&goods_type=3&ftype=4
Ark Royal/老船长,手卷,4,3,单品,541,老船长/Ark Royal Berry Mix Ice Shag 30g装,840,30g,https://ribenyan.com/index.php?m=goods&a=list&brand=46&goods_type=3&ftype=4
Ark Royal/老船长,手卷,4,3,单品,546,老船长/Ark Royal Vanilla Cream Shag 30g装,840,30g,https://ribenyan.com/index.php?m=goods&a=list&brand=46&goods_type=3&ftype=4
Ark Royal/老船长,手卷,4,3,单品,539,老船长/Ark Royal Berry Rosetea Shag 30g装,840,30g,https://ribenyan.com/index.php?m=goods&a=list&brand=46&goods_type=3&ftype=4
Ark Royal/老船长,手卷,4,3,单品,547,老船长/Ark Royal Paradise Tea Shag 30g装,840,30g,https://ribenyan.com/index.php?m=goods&a=list&brand=46&goods_type=3&ftype=4
Ark Royal/老船长,手卷,4,3,单品,538,老船长/Ark Royal Wineberry Shag 30g装,840,30g,https://ribenyan.com/index.php?m=goods&a=list&brand=46&goods_type=3&ftype=4
Ark Royal/老船长,手卷,4,3,单品,544,老船长/Ark Royal Ice Menthol Shag 30g装,840,30g,https://ribenyan.com/index.php?m=goods&a=list&brand=46&goods_type=3&ftype=4
Ark Royal/老船长,手卷,4,3,单品,545,老船长/Ark Royal Original Shag 30g装,840,30g,https://ribenyan.com/index.php?m=goods&a=list&brand=46&goods_type=3&ftype=4
Ark Royal/老船长,手卷,4,3,单品,549,老船长/Ark Royal Virginia Gold Shag 30g装,880,30g,https://ribenyan.com/index.php?m=goods&a=list&brand=46&goods_type=3&ftype=4
Ark Royal/老船长,手卷,4,3,单品,550,老船长/Ark Royal Pina Colada Shag 30g装,840,30g,https://ribenyan.com/index.php?m=goods&a=list&brand=46&goods_type=3&ftype=4
Ark Royal/老船长,手卷,4,3,单品,537,老船长/Ark Royal Latakia Shag 30g装,880,30g,https://ribenyan.com/index.php?m=goods&a=list&brand=46&goods_type=3&ftype=4
Ark Royal/老船长,手卷,4,3,单品,548,老船长/Ark Royal Turkish Blend Shag 30g装,880,30g,https://ribenyan.com/index.php?m=goods&a=list&brand=46&goods_type=3&ftype=4
Bali Shag/巴厘岛,手卷,4,3,单品,521,Bali Shag Halfzwal 40g装,1210,40g,https://ribenyan.com/index.php?m=goods&a=list&brand=60&goods_type=3&ftype=4
Bali Shag/巴厘岛,手卷,4,3,单品,520,Bali Shag Rounded Virginia 40g装,1210,40g,https://ribenyan.com/index.php?m=goods&a=list&brand=60&goods_type=3&ftype=4
Bali Shag/巴厘岛,手卷,4,3,单品,518,Bali Shag Rich Virginia 40g装,1210,40g,https://ribenyan.com/index.php?m=goods&a=list&brand=60&goods_type=3&ftype=4
Bali Shag/巴厘岛,手卷,4,3,单品,466,Bali Shag Premium Virginia 40g装,1260,40g,https://ribenyan.com/index.php?m=goods&a=list&brand=60&goods_type=3&ftype=4
Bi Bo/,手卷,4,3,单品,669,Bi Bo Fine Cut 40g装,1500,40g,https://ribenyan.com/index.php?m=goods&a=list&brand=92&goods_type=3&ftype=4
Black Hawk/黑鹰,手卷,4,3,单品,942,Black Hawk Cappuccino 100g 罐装,3000,100g,https://ribenyan.com/index.php?m=goods&a=list&brand=124&goods_type=3&ftype=4
Black Spider/黑蜘蛛,手卷,4,3,单品,639,Black Spider Shag Coconut Milk 30g装,830,30g,https://ribenyan.com/index.php?m=goods&a=list&brand=89&goods_type=3&ftype=4
Black Spider/黑蜘蛛,手卷,4,3,单品,934,Black Spider Shag Melon Menthol 30g装,830,30g,https://ribenyan.com/index.php?m=goods&a=list&brand=89&goods_type=3&ftype=4
Black Spider/黑蜘蛛,手卷,4,3,单品,652,Black Spider Shag Menthol Max 30g装,830,30g,https://ribenyan.com/index.php?m=goods&a=list&brand=89&goods_type=3&ftype=4
Black Spider/黑蜘蛛,手卷,4,3,单品,630,Black Spider Shag Ice Vanilla 30g装,830,30g,https://ribenyan.com/index.php?m=goods&a=list&brand=89&goods_type=3&ftype=4
Black Spider/黑蜘蛛,手卷,4,3,单品,647,Black Spider Shag Frozen Mojito 30g装,830,30g,https://ribenyan.com/index.php?m=goods&a=list&brand=89&goods_type=3&ftype=4
Black Spider/黑蜘蛛,手卷,4,3,单品,644,Black Spider Shag Tropical Menthol 30g装,830,30g,https://ribenyan.com/index.php?m=goods&a=list&brand=89&goods_type=3&ftype=4
Black Spider/黑蜘蛛,手卷,4,3,单品,635,Black Spider Shag Cafe Vanilla 30g装,830,30g,https://ribenyan.com/index.php?m=goods&a=list&brand=89&goods_type=3&ftype=4
Black Spider/黑蜘蛛,手卷,4,3,单品,656,Black Spider Shag Lemon Tea 30g装,830,30g,https://ribenyan.com/index.php?m=goods&a=list&brand=89&goods_type=3&ftype=4
Black Spider/黑蜘蛛,手卷,4,3,单品,642,Black Spider Shag Cherry Cola 30g装,830,30g,https://ribenyan.com/index.php?m=goods&a=list&brand=89&goods_type=3&ftype=4
Black Spider/黑蜘蛛,手卷,4,3,单品,646,Black Spider Shag Peach 30g装,830,30g,https://ribenyan.com/index.php?m=goods&a=list&brand=89&goods_type=3&ftype=4
Black Spider/黑蜘蛛,手卷,4,3,单品,651,Black Spider Shag Mixed Nuts 30g装,830,30g,https://ribenyan.com/index.php?m=goods&a=list&brand=89&goods_type=3&ftype=4
Black Spider/黑蜘蛛,手卷,4,3,单品,935,Black Spider Shag Orange Peel Menthol 30g装,830,30g,https://ribenyan.com/index.php?m=goods&a=list&brand=89&goods_type=3&ftype=4
Black Spider/黑蜘蛛,手卷,4,3,单品,654,Black Spider Shag Lychee Menthol 30g装,830,30g,https://ribenyan.com/index.php?m=goods&a=list&brand=89&goods_type=3&ftype=4
Black Spider/黑蜘蛛,手卷,4,3,单品,933,Black Spider Shag Strawberry Candy 30g装,830,30g,https://ribenyan.com/index.php?m=goods&a=list&brand=89&goods_type=3&ftype=4
Black Spider/黑蜘蛛,手卷,4,3,单品,643,Black Spider Shag Chocolate 30g装,830,30g,https://ribenyan.com/index.php?m=goods&a=list&brand=89&goods_type=3&ftype=4
Black Spider/黑蜘蛛,手卷,4,3,单品,650,Black Spider Shag Mango Lassi 30g装,830,30g,https://ribenyan.com/index.php?m=goods&a=list&brand=89&goods_type=3&ftype=4
Black Spider/黑蜘蛛,手卷,4,3,单品,638,Black Spider Shag Green Tea 30g装,830,30g,https://ribenyan.com/index.php?m=goods&a=list&brand=89&goods_type=3&ftype=4
Black Spider/黑蜘蛛,手卷,4,3,单品,641,Black Spider Shag Double Rich Custard 30g装,830,30g,https://ribenyan.com/index.php?m=goods&a=list&brand=89&goods_type=3&ftype=4
Black Spider/黑蜘蛛,手卷,4,3,单品,637,Black Spider Shag Kyoho Menthol 30g装,830,30g,https://ribenyan.com/index.php?m=goods&a=list&brand=89&goods_type=3&ftype=4
Black Spider/黑蜘蛛,手卷,4,3,单品,649,Black Spider Shag Marron Glace 30g装,830,30g,https://ribenyan.com/index.php?m=goods&a=list&brand=89&goods_type=3&ftype=4
Black Spider/黑蜘蛛,手卷,4,3,单品,632,Black Spider Shag Afternoon Tea 30g装,830,30g,https://ribenyan.com/index.php?m=goods&a=list&brand=89&goods_type=3&ftype=4
Black Spider/黑蜘蛛,手卷,4,3,单品,655,Black Spider Shag Ramune 30g装,830,30g,https://ribenyan.com/index.php?m=goods&a=list&brand=89&goods_type=3&ftype=4
Black Spider/黑蜘蛛,手卷,4,3,单品,640,Black Spider Shag Ginger Ale 30g装,830,30g,https://ribenyan.com/index.php?m=goods&a=list&brand=89&goods_type=3&ftype=4
Black Spider/黑蜘蛛,手卷,4,3,单品,648,Black Spider Shag Muscat 30g装,830,30g,https://ribenyan.com/index.php?m=goods&a=list&brand=89&goods_type=3&ftype=4
Black Spider/黑蜘蛛,手卷,4,3,单品,633,Black Spider Shag Amazon Guarana 30g装,830,30g,https://ribenyan.com/index.php?m=goods&a=list&brand=89&goods_type=3&ftype=4
Black Spider/黑蜘蛛,手卷,4,3,单品,653,Black Spider Shag Yuzu 30g装,830,30g,https://ribenyan.com/index.php?m=goods&a=list&brand=89&goods_type=3&ftype=4
Black Spider/黑蜘蛛,手卷,4,3,单品,645,Black Spider Shag Virginia Plus 30g装,830,30g,https://ribenyan.com/index.php?m=goods&a=list&brand=89&goods_type=3&ftype=4
Black Spider/黑蜘蛛,手卷,4,3,单品,636,Black Spider Shag Kir Royale 30g装,830,30g,https://ribenyan.com/index.php?m=goods&a=list&brand=89&goods_type=3&ftype=4
Black Spider/黑蜘蛛,手卷,4,3,单品,631,Black Spider Shag Apple Pie 30g装,830,30g,https://ribenyan.com/index.php?m=goods&a=list&brand=89&goods_type=3&ftype=4
BlackDevil/黑魔鬼,手卷,4,3,单品,670,Black Devil Original Shag Coconut Milk 40g装,1100,40g,https://ribenyan.com/index.php?m=goods&a=list&brand=43&goods_type=3&ftype=4
Blue Note/蓝色音符,手卷,4,3,单品,680,Blue Note Fine Cut 40g装,1500,40g,https://ribenyan.com/index.php?m=goods&a=list&brand=71&goods_type=3&ftype=4
Cappuccino/卡布奇诺,手卷,4,3,单品,423,卡布奇诺/Cappuccino 巧克力 40g装,1260,40g,https://ribenyan.com/index.php?m=goods&a=list&brand=79&goods_type=3&ftype=4
Cappuccino/卡布奇诺,手卷,4,3,单品,432,卡布奇诺/Cappuccino 40g装,1260,40g,https://ribenyan.com/index.php?m=goods&a=list&brand=79&goods_type=3&ftype=4
CHOICE/,手卷,4,3,单品,476,Choice Kir Royale 30g装,830,30g,https://ribenyan.com/index.php?m=goods&a=list&brand=62&goods_type=3&ftype=4
CHOICE/,手卷,4,3,单品,515,Choice Cafe 30g装,830,30g,https://ribenyan.com/index.php?m=goods&a=list&brand=62&goods_type=3&ftype=4
CHOICE/,手卷,4,3,单品,480,Choice Original 30g装,830,30g,https://ribenyan.com/index.php?m=goods&a=list&brand=62&goods_type=3&ftype=4
CHOICE/,手卷,4,3,单品,481,Choice Rhubarb 30g装,830,30g,https://ribenyan.com/index.php?m=goods&a=list&brand=62&goods_type=3&ftype=4
COLTS/,手卷,4,3,单品,509,Colts Vanilla 30g装,850,30g,https://ribenyan.com/index.php?m=goods&a=list&brand=66&goods_type=3&ftype=4
COLTS/,手卷,4,3,单品,506,Colts Fruity Jasmine 30g装,850,30g,https://ribenyan.com/index.php?m=goods&a=list&brand=66&goods_type=3&ftype=4
COLTS/,手卷,4,3,单品,508,Colts Green Tea 30g装,850,30g,https://ribenyan.com/index.php?m=goods&a=list&brand=66&goods_type=3&ftype=4
COLTS/,手卷,4,3,单品,505,Colts Lychee 30g装,850,30g,https://ribenyan.com/index.php?m=goods&a=list&brand=66&goods_type=3&ftype=4
COLTS/,手卷,4,3,单品,510,Colts Apple & Cinnamon 30g装,850,30g,https://ribenyan.com/index.php?m=goods&a=list&brand=66&goods_type=3&ftype=4
COLTS/,手卷,4,3,单品,504,Colts 100% Natural 30g装,850,30g,https://ribenyan.com/index.php?m=goods&a=list&brand=66&goods_type=3&ftype=4
COLTS/,手卷,4,3,单品,512,Colts Clear Menthol 30g装,850,30g,https://ribenyan.com/index.php?m=goods&a=list&brand=66&goods_type=3&ftype=4
COLTS/,手卷,4,3,单品,507,Colts Cherry 30g装,850,30g,https://ribenyan.com/index.php?m=goods&a=list&brand=66&goods_type=3&ftype=4
COLTS/,手卷,4,3,单品,598,Colts Smooth Taste 30g装,850,30g,https://ribenyan.com/index.php?m=goods&a=list&brand=66&goods_type=3&ftype=4
DORA/,手卷,4,3,单品,690,Dora Watermelon 30g装,900,30g,https://ribenyan.com/index.php?m=goods&a=list&brand=86&goods_type=3&ftype=4
DORA/,手卷,4,3,单品,625,Dora Peach Cream 30g装,900,30g,https://ribenyan.com/index.php?m=goods&a=list&brand=86&goods_type=3&ftype=4
DORA/,手卷,4,3,单品,624,Dora Walnut Cream 30g装,900,30g,https://ribenyan.com/index.php?m=goods&a=list&brand=86&goods_type=3&ftype=4
DORA/,手卷,4,3,单品,815,Dora Ice 30g装,900,30g,https://ribenyan.com/index.php?m=goods&a=list&brand=86&goods_type=3&ftype=4
DORA/,手卷,4,3,单品,818,Dora Creme Brulee 30g装,900,30g,https://ribenyan.com/index.php?m=goods&a=list&brand=86&goods_type=3&ftype=4
DORA/,手卷,4,3,单品,816,Dora  Acai 30g装,900,30g,https://ribenyan.com/index.php?m=goods&a=list&brand=86&goods_type=3&ftype=4
DORA/,手卷,4,3,单品,817,Dora Cherry 30g装,900,30g,https://ribenyan.com/index.php?m=goods&a=list&brand=86&goods_type=3&ftype=4
DORA/,手卷,4,3,单品,623,Dora Yellow Virginia 30g装,900,30g,https://ribenyan.com/index.php?m=goods&a=list&brand=86&goods_type=3&ftype=4
DRUM/,手卷,4,3,单品,569,Drum 50g装,1400,50g,https://ribenyan.com/index.php?m=goods&a=list&brand=73&goods_type=3&ftype=4
Flandria/佛朗德里亚,手卷,4,3,单品,674,Flandria Spanish Virginia 25g装,760,25g,https://ribenyan.com/index.php?m=goods&a=list&brand=93&goods_type=3&ftype=4
Flandria/佛朗德里亚,手卷,4,3,单品,672,Flandria Original 25g装,760,25g,https://ribenyan.com/index.php?m=goods&a=list&brand=93&goods_type=3&ftype=4
Flandria/佛朗德里亚,手卷,4,3,单品,677,Flandria Virginia 25g装,760,25g,https://ribenyan.com/index.php?m=goods&a=list&brand=93&goods_type=3&ftype=4
Flandria/佛朗德里亚,手卷,4,3,单品,678,Flandria Vanilla 25g装,760,25g,https://ribenyan.com/index.php?m=goods&a=list&brand=93&goods_type=3&ftype=4
Flandria/佛朗德里亚,手卷,4,3,单品,673,Flandria Gold 25g装,760,25g,https://ribenyan.com/index.php?m=goods&a=list&brand=93&goods_type=3&ftype=4
Flandria/佛朗德里亚,手卷,4,3,单品,679,Flandria Black 25g装,760,25g,https://ribenyan.com/index.php?m=goods&a=list&brand=93&goods_type=3&ftype=4
Flandria/佛朗德里亚,手卷,4,3,单品,675,Flandria Silver 25g装,760,25g,https://ribenyan.com/index.php?m=goods&a=list&brand=93&goods_type=3&ftype=4
Flandria/佛朗德里亚,手卷,4,3,单品,676,Flandria Natural 25g装,760,25g,https://ribenyan.com/index.php?m=goods&a=list&brand=93&goods_type=3&ftype=4
Golden Blend's/金色混合,手卷,4,3,单品,601,金色混合/Golden Blend's Virginia 30g装,900,30g,https://ribenyan.com/index.php?m=goods&a=list&brand=81&goods_type=3&ftype=4
Golden Blend's/金色混合,手卷,4,3,单品,600,金色混合/Golden Blend's Aromatic Shag 30g装,900,30g,https://ribenyan.com/index.php?m=goods&a=list&brand=81&goods_type=3&ftype=4
Golden Virginia/金色佛吉尼亚,手卷,4,3,单品,443,Golden Virginia 50g装,1400,50g,https://ribenyan.com/index.php?m=goods&a=list&brand=54&goods_type=3&ftype=4
HARVEST/,手卷,4,3,单品,627,Harvest Shag Cherry 30g装,830,30g,https://ribenyan.com/index.php?m=goods&a=list&brand=23&goods_type=3&ftype=4
HARVEST/,手卷,4,3,单品,628,Harvest Shag Vanilla 30g装,830,30g,https://ribenyan.com/index.php?m=goods&a=list&brand=23&goods_type=3&ftype=4
Hi-Tabaco/,手卷,4,3,单品,467,Hi-Tabaco Virginia Gold 30g装,1080,30g,https://ribenyan.com/index.php?m=goods&a=list&brand=61&goods_type=3&ftype=4
Hi-Tabaco/,手卷,4,3,单品,468,Hi-Tabaco Non-Additive Premium 30g装,1080,30g,https://ribenyan.com/index.php?m=goods&a=list&brand=61&goods_type=3&ftype=4
Hi-Tabaco/,手卷,4,3,单品,469,Hi-Tabaco Dark Fire 30g装,940,30g,https://ribenyan.com/index.php?m=goods&a=list&brand=61&goods_type=3&ftype=4
JBR/,手卷,4,3,单品,607,JBR Vanilla 30g装,900,30g,https://ribenyan.com/index.php?m=goods&a=list&brand=82&goods_type=3&ftype=4
JBR/,手卷,4,3,单品,608,JBR Blueberry Mint 30g装,900,30g,https://ribenyan.com/index.php?m=goods&a=list&brand=82&goods_type=3&ftype=4
JBR/,手卷,4,3,单品,606,JBR Two Apple 30g装,900,30g,https://ribenyan.com/index.php?m=goods&a=list&brand=82&goods_type=3&ftype=4
JBR/,手卷,4,3,单品,605,JBR Grape 30g装,900,30g,https://ribenyan.com/index.php?m=goods&a=list&brand=82&goods_type=3&ftype=4
Lumber Jack/伐木工,手卷,4,3,单品,459,伐木工/Lumber Jack Original 25g装,700,25g,https://ribenyan.com/index.php?m=goods&a=list&brand=59&goods_type=3&ftype=4
Lumber Jack/伐木工,手卷,4,3,单品,458,伐木工/Lumber Jack Light 25g装,700,25g,https://ribenyan.com/index.php?m=goods&a=list&brand=59&goods_type=3&ftype=4
Manitou/曼尼顿,手卷,4,3,单品,560,曼尼顿/Manitou Gold 80g罐装,2420,80g,https://ribenyan.com/index.php?m=goods&a=list&brand=72&goods_type=3&ftype=4
Manitou/曼尼顿,手卷,4,3,单品,561,曼尼顿/Manitou Gold 30g装,910,30g,https://ribenyan.com/index.php?m=goods&a=list&brand=72&goods_type=3&ftype=4
Manitou/曼尼顿,手卷,4,3,单品,562,曼尼顿/Manitou Organic 25g装,910,25g,https://ribenyan.com/index.php?m=goods&a=list&brand=72&goods_type=3&ftype=4
PEPE/,手卷,4,3,单品,460,Pepe Dark Green 30g装,840,30g,https://ribenyan.com/index.php?m=goods&a=list&brand=29&goods_type=3&ftype=4
PEPE/,手卷,4,3,单品,522,Pepe Rich Green 30g装,840,30g,https://ribenyan.com/index.php?m=goods&a=list&brand=29&goods_type=3&ftype=4
PEPE/,手卷,4,3,单品,461,Pepe Organic Shag 30g装,900,30g,https://ribenyan.com/index.php?m=goods&a=list&brand=29&goods_type=3&ftype=4
PEPE/,手卷,4,3,单品,462,Pepe Easy Green 30g装,840,30g,https://ribenyan.com/index.php?m=goods&a=list&brand=29&goods_type=3&ftype=4
PEPE/,手卷,4,3,单品,982,Pepe Rich Green Shag 100g 罐装,2720,100g,https://ribenyan.com/index.php?m=goods&a=list&brand=29&goods_type=3&ftype=4
PEPE/,手卷,4,3,单品,980,Pepe Dark Green Shag 100g 罐装,2720,100g,https://ribenyan.com/index.php?m=goods&a=list&brand=29&goods_type=3&ftype=4
PEPE/,手卷,4,3,单品,983,Pepe Easy Green Shag 100g 罐装,2720,100g,https://ribenyan.com/index.php?m=goods&a=list&brand=29&goods_type=3&ftype=4
PEPE/,手卷,4,3,单品,981,Pepe Organic Shag 100g 罐装,2720,100g,https://ribenyan.com/index.php?m=goods&a=list&brand=29&goods_type=3&ftype=4
Perfect Blend/完美混合,手卷,4,3,单品,629,Perfect Blend Fine Cut 40g装,1410,40g,https://ribenyan.com/index.php?m=goods&a=list&brand=88&goods_type=3&ftype=4
PUEBLO/普韦布洛,手卷,4,3,单品,519,Pueblo Natural Shag 30g装,900,30g,https://ribenyan.com/index.php?m=goods&a=list&brand=30&goods_type=3&ftype=4
PUEBLO/普韦布洛,手卷,4,3,单品,463,Pueblo Natural Shag Blue 30g装,900,30g,https://ribenyan.com/index.php?m=goods&a=list&brand=30&goods_type=3&ftype=4
PUEBLO/普韦布洛,手卷,4,3,单品,465,Pueblo Natural Shag Orange 30g装,900,30g,https://ribenyan.com/index.php?m=goods&a=list&brand=30&goods_type=3&ftype=4
PUEBLO/普韦布洛,手卷,4,3,单品,464,Pueblo Natural Shag Pink 30g装,900,30g,https://ribenyan.com/index.php?m=goods&a=list&brand=30&goods_type=3&ftype=4
PUEBLO/普韦布洛,手卷,4,3,单品,976,Pueblo Natural Shag 100g装,2900,100g,https://ribenyan.com/index.php?m=goods&a=list&brand=30&goods_type=3&ftype=4
PUEBLO/普韦布洛,手卷,4,3,单品,975,Pueblo Natural Shag Blue 100g装,2900,100g,https://ribenyan.com/index.php?m=goods&a=list&brand=30&goods_type=3&ftype=4
R&W/,手卷,4,3,单品,584,R&W Gold 30g装,1090,30g,https://ribenyan.com/index.php?m=goods&a=list&brand=75&goods_type=3&ftype=4
R&W/,手卷,4,3,单品,582,R&W Premium 30g装,1090,30g,https://ribenyan.com/index.php?m=goods&a=list&brand=75&goods_type=3&ftype=4
R&W/,手卷,4,3,单品,583,R&W Classic 30g装,1090,30g,https://ribenyan.com/index.php?m=goods&a=list&brand=75&goods_type=3&ftype=4
R&W/,手卷,4,3,单品,581,R&W Green 30g装,1090,30g,https://ribenyan.com/index.php?m=goods&a=list&brand=75&goods_type=3&ftype=4
R&W/,手卷,4,3,单品,926,R&W Classic Shag 100g Paper Can,3550,100g,https://ribenyan.com/index.php?m=goods&a=list&brand=75&goods_type=3&ftype=4
R&W/,手卷,4,3,单品,924,R&W Green 100g Paper Can,3550,100g,https://ribenyan.com/index.php?m=goods&a=list&brand=75&goods_type=3&ftype=4
R&W/,手卷,4,3,单品,925,R&W Premium 100g Paper Can,3550,100g,https://ribenyan.com/index.php?m=goods&a=list&brand=75&goods_type=3&ftype=4
RED BULL/红牛,手卷,4,3,单品,986,红牛/RED BULL Blueberry Mint 40g装,1200,40g,https://ribenyan.com/index.php?m=goods&a=list&brand=130&goods_type=3&ftype=4
RED BULL/红牛,手卷,4,3,单品,990,红牛/RED BULL Two Apple 40g装,1200,40g,https://ribenyan.com/index.php?m=goods&a=list&brand=130&goods_type=3&ftype=4
RED BULL/红牛,手卷,4,3,单品,989,红牛/RED BULL Halfzware Shag 40g装,1200,40g,https://ribenyan.com/index.php?m=goods&a=list&brand=130&goods_type=3&ftype=4
RED BULL/红牛,手卷,4,3,单品,987,红牛/RED BULL Blond Shag 40g装,1200,40g,https://ribenyan.com/index.php?m=goods&a=list&brand=130&goods_type=3&ftype=4
RED BULL/红牛,手卷,4,3,单品,988,红牛/RED BULL Zware Shag 40g装,1200,40g,https://ribenyan.com/index.php?m=goods&a=list&brand=130&goods_type=3&ftype=4
RED FiELD/红场,手卷,4,3,单品,456,红场/Red Field Honey 20g装,560,20g,https://ribenyan.com/index.php?m=goods&a=list&brand=58&goods_type=3&ftype=4
RED FiELD/红场,手卷,4,3,单品,452,红场/Red Field Plum 20g装,560,20g,https://ribenyan.com/index.php?m=goods&a=list&brand=58&goods_type=3&ftype=4
RED FiELD/红场,手卷,4,3,单品,457,红场/Red Field Natural 20g装,560,20g,https://ribenyan.com/index.php?m=goods&a=list&brand=58&goods_type=3&ftype=4
RED FiELD/红场,手卷,4,3,单品,451,红场/Red Field Maple 20g装,560,20g,https://ribenyan.com/index.php?m=goods&a=list&brand=58&goods_type=3&ftype=4
RED FiELD/红场,手卷,4,3,单品,453,红场/Red Field Vanilla Caramel 20g装,560,20g,https://ribenyan.com/index.php?m=goods&a=list&brand=58&goods_type=3&ftype=4
RED FiELD/红场,手卷,4,3,单品,454,红场/Red Field Virginia 20g装,560,20g,https://ribenyan.com/index.php?m=goods&a=list&brand=58&goods_type=3&ftype=4
RED FiELD/红场,手卷,4,3,单品,455,红场/Red Field Arctic Menthol 20g装,560,20g,https://ribenyan.com/index.php?m=goods&a=list&brand=58&goods_type=3&ftype=4
SPADE/,手卷,4,3,单品,487,Spade New York Blend 20g装,500,20g,https://ribenyan.com/index.php?m=goods&a=list&brand=63&goods_type=3&ftype=4
SPADE/,手卷,4,3,单品,488,Spade Air Blend 20g装,500,20g,https://ribenyan.com/index.php?m=goods&a=list&brand=63&goods_type=3&ftype=4
STANLEY/斯坦利,手卷,4,3,单品,617,Stanley Double Chocolate 25g装,720,25g,https://ribenyan.com/index.php?m=goods&a=list&brand=64&goods_type=3&ftype=4
STANLEY/斯坦利,手卷,4,3,单品,616,Stanley Double Coffee 25g装,720,25g,https://ribenyan.com/index.php?m=goods&a=list&brand=64&goods_type=3&ftype=4
STANLEY/斯坦利,手卷,4,3,单品,613,Stanley Double Apple 25g装,720,25g,https://ribenyan.com/index.php?m=goods&a=list&brand=64&goods_type=3&ftype=4
STANLEY/斯坦利,手卷,4,3,单品,618,Stanley Double Vanilla 25g装,720,25g,https://ribenyan.com/index.php?m=goods&a=list&brand=64&goods_type=3&ftype=4
STANLEY/斯坦利,手卷,4,3,单品,614,Stanley Double Orange 25g装,720,25g,https://ribenyan.com/index.php?m=goods&a=list&brand=64&goods_type=3&ftype=4
STANLEY/斯坦利,手卷,4,3,单品,620,Stanley Double Raspberry 25g装,720,25g,https://ribenyan.com/index.php?m=goods&a=list&brand=64&goods_type=3&ftype=4
STANLEY/斯坦利,手卷,4,3,单品,615,Stanley Double Cassis 25g装,720,25g,https://ribenyan.com/index.php?m=goods&a=list&brand=64&goods_type=3&ftype=4
STANLEY/斯坦利,手卷,4,3,单品,974,Stanley Vanilla 100g 罐装,2800,100g,https://ribenyan.com/index.php?m=goods&a=list&brand=64&goods_type=3&ftype=4
STANLEY/斯坦利,手卷,4,3,单品,612,Stanley Double Ice Mint 25g装,720,25g,https://ribenyan.com/index.php?m=goods&a=list&brand=64&goods_type=3&ftype=4
STANLEY/斯坦利,手卷,4,3,单品,492,Stanley Hazelnut 30g装,830,30g,https://ribenyan.com/index.php?m=goods&a=list&brand=64&goods_type=3&ftype=4
STANLEY/斯坦利,手卷,4,3,单品,619,Stanley Double Hazelnut 25g装,720,25g,https://ribenyan.com/index.php?m=goods&a=list&brand=64&goods_type=3&ftype=4
STANLEY/斯坦利,手卷,4,3,单品,490,Stanley Liquorice 30g装,830,30g,https://ribenyan.com/index.php?m=goods&a=list&brand=64&goods_type=3&ftype=4
STANLEY/斯坦利,手卷,4,3,单品,611,Stanley Double Earl Grey Tea 25g装,720,25g,https://ribenyan.com/index.php?m=goods&a=list&brand=64&goods_type=3&ftype=4
STANLEY/斯坦利,手卷,4,3,单品,493,Stanley Double Licorice 25g装,720,25g,https://ribenyan.com/index.php?m=goods&a=list&brand=64&goods_type=3&ftype=4
Three Dogs/三只狗,手卷,4,3,单品,382,三只狗/Three Dogs Cigar Blend 30g装,1000,30g,https://ribenyan.com/index.php?m=goods&a=list&brand=77&goods_type=3&ftype=4
Three Dogs/三只狗,手卷,4,3,单品,588,三只狗/Three Dogs Latakia Blend 30g装,1000,30g,https://ribenyan.com/index.php?m=goods&a=list&brand=77&goods_type=3&ftype=4
Three Dogs/三只狗,手卷,4,3,单品,440,三只狗/Three Dogs Cavendish Blend 30g装,1000,30g,https://ribenyan.com/index.php?m=goods&a=list&brand=77&goods_type=3&ftype=4
Three Dogs/三只狗,手卷,4,3,单品,589,三只狗/Three Dogs Madagascar Vanilla 30g装,1000,30g,https://ribenyan.com/index.php?m=goods&a=list&brand=77&goods_type=3&ftype=4
Three Dogs/三只狗,手卷,4,3,单品,434,三只狗/Three Dogs Kretek Blend 30g装,1000,30g,https://ribenyan.com/index.php?m=goods&a=list&brand=77&goods_type=3&ftype=4
Three Dogs/三只狗,手卷,4,3,单品,590,三只狗/Three Dogs Perique Blend 30g装,1000,30g,https://ribenyan.com/index.php?m=goods&a=list&brand=77&goods_type=3&ftype=4
Three Dogs/三只狗,手卷,4,3,单品,591,三只狗/Three Dogs Turkish Blend 30g装,1000,30g,https://ribenyan.com/index.php?m=goods&a=list&brand=77&goods_type=3&ftype=4
TP-77/,手卷,4,3,单品,979,TP-77 American Blend 150g装,3990,150g,https://ribenyan.com/index.php?m=goods&a=list&brand=129&goods_type=3&ftype=4
TP-77/,手卷,4,3,单品,977,TP-77 Virginia Blend 150g装,3990,150g,https://ribenyan.com/index.php?m=goods&a=list&brand=129&goods_type=3&ftype=4
TP-77/,手卷,4,3,单品,978,TP-77 Menthol 150g装,3990,150g,https://ribenyan.com/index.php?m=goods&a=list&brand=129&goods_type=3&ftype=4
TP-77/,手卷,4,3,单品,985,TP-77 Omega Menthol 150g装,3990,150g,https://ribenyan.com/index.php?m=goods&a=list&brand=129&goods_type=3&ftype=4
Wild Bison/,手卷,4,3,单品,687,Wild Bison 35g装,1000,35g,https://ribenyan.com/index.php?m=goods&a=list&brand=96&goods_type=3&ftype=4
Wild Bison/,手卷,4,3,单品,688,Wild Bison 150g装,4200,150g,https://ribenyan.com/index.php?m=goods&a=list&brand=96&goods_type=3&ftype=4
ZIG-ZAG/,手卷,4,3,单品,503,ZIG-ZAG Golden Shag 25g装,680,25g,https://ribenyan.com/index.php?m=goods&a=list&brand=65&goods_type=3&ftype=4
ZIG-ZAG/,手卷,4,3,单品,502,ZIG-ZAG Mint Shag 25g装,680,25g,https://ribenyan.com/index.php?m=goods&a=list&brand=65&goods_type=3&ftype=4
7seas/Seven Seas,烟斗丝,5,4,单品,445,Seven Seas Regular Blend 40g装,1250,40g,https://ribenyan.com/index.php?m=goods&a=list&brand=55&goods_type=4&ftype=5
7seas/Seven Seas,烟斗丝,5,4,单品,446,Seven Seas Cherry 40g装,1250,40g,https://ribenyan.com/index.php?m=goods&a=list&brand=55&goods_type=4&ftype=5
7seas/Seven Seas,烟斗丝,5,4,单品,444,Seven Seas Royal Blend 40g装,1250,40g,https://ribenyan.com/index.php?m=goods&a=list&brand=55&goods_type=4&ftype=5
7seas/Seven Seas,烟斗丝,5,4,单品,447,Seven Seas Gold Blend 40g装,1250,40g,https://ribenyan.com/index.php?m=goods&a=list&brand=55&goods_type=4&ftype=5
AMPHORA/,烟斗丝,5,4,单品,526,Amphora Full Aromatek 50g装,1490,50g,https://ribenyan.com/index.php?m=goods&a=list&brand=68&goods_type=4&ftype=5
AMPHORA/,烟斗丝,5,4,单品,527,Amphora Black Cavendish 50g装,1490,50g,https://ribenyan.com/index.php?m=goods&a=list&brand=68&goods_type=4&ftype=5
AMPHORA/,烟斗丝,5,4,单品,525,Amphora Rich Aroma 50g装,1490,50g,https://ribenyan.com/index.php?m=goods&a=list&brand=68&goods_type=4&ftype=5
AMPHORA/,烟斗丝,5,4,单品,528,Amphora English Blend 50g装,1490,50g,https://ribenyan.com/index.php?m=goods&a=list&brand=68&goods_type=4&ftype=5
Ark Royal/老船长,烟斗丝,5,4,单品,552,老船长/Ark Royal Full Aroma Pipe 50g装,1470,50g,https://ribenyan.com/index.php?m=goods&a=list&brand=46&goods_type=4&ftype=5
Bi Bo/,烟斗丝,5,4,单品,971,Bi Bo Pipe Tobacco 50g装,2950,50g,https://ribenyan.com/index.php?m=goods&a=list&brand=92&goods_type=4&ftype=5
Bi Bo/,烟斗丝,5,4,单品,1012,Bi Bo Pipe Tobacco Other Brother 50g装,3000,50g,https://ribenyan.com/index.php?m=goods&a=list&brand=92&goods_type=4&ftype=5
Blue Note/蓝色音符,烟斗丝,5,4,单品,559,Blue Note 50g装,2950,50g,https://ribenyan.com/index.php?m=goods&a=list&brand=71&goods_type=4&ftype=5
BORKUM RIFF/,烟斗丝,5,4,单品,684,BORKUM RIFF Vanilla 50g装,1590,50g,https://ribenyan.com/index.php?m=goods&a=list&brand=94&goods_type=4&ftype=5
BORKUM RIFF/,烟斗丝,5,4,单品,683,BORKUM RIFF Cherry Cavendish 50g装,1590,50g,https://ribenyan.com/index.php?m=goods&a=list&brand=94&goods_type=4&ftype=5
BORKUM RIFF/,烟斗丝,5,4,单品,681,BORKUM RIFF 50g装,1590,50g,https://ribenyan.com/index.php?m=goods&a=list&brand=94&goods_type=4&ftype=5
BORKUM RIFF/,烟斗丝,5,4,单品,682,BORKUM RIFF Original (原 Ultra Light) 50g装,1590,50g,https://ribenyan.com/index.php?m=goods&a=list&brand=94&goods_type=4&ftype=5
CAPITO /,烟斗丝,5,4,单品,592,Capito Mellow Light 40g装,1350,40g,https://ribenyan.com/index.php?m=goods&a=list&brand=78&goods_type=4&ftype=5
Captain Black/黑船长,烟斗丝,5,4,单品,594,黑船长/Captain Black Gold 42.5g装,1400,42.5g,https://ribenyan.com/index.php?m=goods&a=list&brand=80&goods_type=4&ftype=5
Captain Black/黑船长,烟斗丝,5,4,单品,597,黑船长/Captain Black Pipe Royal 42.5g装,1400,42.5g,https://ribenyan.com/index.php?m=goods&a=list&brand=80&goods_type=4&ftype=5
Captain Black/黑船长,烟斗丝,5,4,单品,593,黑船长/Captain Black Original 42.5g装,1400,42.5g,https://ribenyan.com/index.php?m=goods&a=list&brand=80&goods_type=4&ftype=5
Captain Black/黑船长,烟斗丝,5,4,单品,596,黑船长/Captain Black Pipe Cherry 42.5g装,1400,42.5g,https://ribenyan.com/index.php?m=goods&a=list&brand=80&goods_type=4&ftype=5
Captain Black/黑船长,烟斗丝,5,4,单品,715,黑船长/Captain Black Pipe Watermelon 42.5g装,1400,42.5g,https://ribenyan.com/index.php?m=goods&a=list&brand=80&goods_type=4&ftype=5
Captain Black/黑船长,烟斗丝,5,4,单品,595,黑船长/Captain Black Pipe Green Apple 42.5g装,1400,42.5g,https://ribenyan.com/index.php?m=goods&a=list&brand=80&goods_type=4&ftype=5
DTM/,烟斗丝,5,4,单品,1023,DTM Treasures of Ireland Sligo Bay 50g装,3000,50g,https://ribenyan.com/index.php?m=goods&a=list&brand=91&goods_type=4&ftype=5
Golden Blend's/金色混合,烟斗丝,5,4,单品,599,金色混合/Golden Blend's Amaretto 50g装,1650,50g,https://ribenyan.com/index.php?m=goods&a=list&brand=81&goods_type=4&ftype=5
Golden Blend's/金色混合,烟斗丝,5,4,单品,603,金色混合/Golden Blend's Vanilla 50g装,1650,50g,https://ribenyan.com/index.php?m=goods&a=list&brand=81&goods_type=4&ftype=5
HALF AND HALF/,烟斗丝,5,4,单品,626,Half and Half 50g装,1620,50g,https://ribenyan.com/index.php?m=goods&a=list&brand=87&goods_type=4&ftype=5
Mac Baren/马坝,烟斗丝,5,4,单品,566,马坝/Mac Baren Mixture 50g装,1600,50g,https://ribenyan.com/index.php?m=goods&a=list&brand=70&goods_type=4&ftype=5
Momoyama/桃山,烟斗丝,5,4,单品,718,桃山/Momoyama 100g装,3400,100g,https://ribenyan.com/index.php?m=goods&a=list&brand=100&goods_type=4&ftype=5
Momoyama/桃山,烟斗丝,5,4,单品,717,桃山/Momoyama 40g装,1350,40g,https://ribenyan.com/index.php?m=goods&a=list&brand=100&goods_type=4&ftype=5
Perfect Blend/完美混合,烟斗丝,5,4,单品,973,Perfect Blend 100g装,4900,100g,https://ribenyan.com/index.php?m=goods&a=list&brand=88&goods_type=4&ftype=5
Pesse Canoe/,烟斗丝,5,4,单品,1024,Pesse Canoe Oriental Flake 50g装,3000,50g,https://ribenyan.com/index.php?m=goods&a=list&brand=132&goods_type=4&ftype=5
Pesse Canoe/,烟斗丝,5,4,单品,1025,Pesse Canoe Latakia Flake - 40 [50g装],3000,50g,https://ribenyan.com/index.php?m=goods&a=list&brand=132&goods_type=4&ftype=5
Pesse Canoe/,烟斗丝,5,4,单品,1026,Pesse Canoe South 50g装,3200,50g,https://ribenyan.com/index.php?m=goods&a=list&brand=132&goods_type=4&ftype=5
Pesse Canoe/,烟斗丝,5,4,单品,1027,Pesse Canoe East 50g装,3200,50g,https://ribenyan.com/index.php?m=goods&a=list&brand=132&goods_type=4&ftype=5
Pesse Canoe/,烟斗丝,5,4,单品,1028,Pesse Canoe West 50g装,3200,50g,https://ribenyan.com/index.php?m=goods&a=list&brand=132&goods_type=4&ftype=5
Pesse Canoe/,烟斗丝,5,4,单品,1029,Pesse Canoe North 50g装,3200,50g,https://ribenyan.com/index.php?m=goods&a=list&brand=132&goods_type=4&ftype=5
Pesse Canoe/,烟斗丝,5,4,单品,1030,Pesse Canoe Latakia Flake - 20 [50g装],3000,50g,https://ribenyan.com/index.php?m=goods&a=list&brand=132&goods_type=4&ftype=5
Peterson/彼得森,烟斗丝,5,4,单品,664,Peterson Flake 50g装,2600,50g,https://ribenyan.com/index.php?m=goods&a=list&brand=90&goods_type=4&ftype=5
Peterson/彼得森,烟斗丝,5,4,单品,657,Peterson Early Morning 50g装,2600,50g,https://ribenyan.com/index.php?m=goods&a=list&brand=90&goods_type=4&ftype=5
Peterson/彼得森,烟斗丝,5,4,单品,665,Peterson My Mixture 965 50g装,2600,50g,https://ribenyan.com/index.php?m=goods&a=list&brand=90&goods_type=4&ftype=5
Peterson/彼得森,烟斗丝,5,4,单品,994,Peterson Old Dublin 50g装,2300,50g,https://ribenyan.com/index.php?m=goods&a=list&brand=90&goods_type=4&ftype=5
Peterson/彼得森,烟斗丝,5,4,单品,659,Peterson Aran 40g装,1520,40g,https://ribenyan.com/index.php?m=goods&a=list&brand=90&goods_type=4&ftype=5
Peterson/彼得森,烟斗丝,5,4,单品,995,Peterson Sherlock Holmes 50g装,2300,50g,https://ribenyan.com/index.php?m=goods&a=list&brand=90&goods_type=4&ftype=5
Peterson/彼得森,烟斗丝,5,4,单品,658,Peterson Irish Dew 40g装,1520,40g,https://ribenyan.com/index.php?m=goods&a=list&brand=90&goods_type=4&ftype=5
Peterson/彼得森,烟斗丝,5,4,单品,667,Peterson Wild Atlantic 40g装,1520,40g,https://ribenyan.com/index.php?m=goods&a=list&brand=90&goods_type=4&ftype=5
Peterson/彼得森,烟斗丝,5,4,单品,671,Peterson Connoisseur's Choice Black,1520,,https://ribenyan.com/index.php?m=goods&a=list&brand=90&goods_type=4&ftype=5
PROMENADE/,烟斗丝,5,4,单品,716,Promenade 40g装,1350,40g,https://ribenyan.com/index.php?m=goods&a=list&brand=99&goods_type=4&ftype=5
ROCK'N CHAIR/,烟斗丝,5,4,单品,722,ROCK'N CHAIR 40g装,1350,40g,https://ribenyan.com/index.php?m=goods&a=list&brand=101&goods_type=4&ftype=5
Samuel Gawith/塞缪尔加维,烟斗丝,5,4,单品,1000,Samuel Gawith Kendal Cream Deluxe flake 50g装,3200,50g,https://ribenyan.com/index.php?m=goods&a=list&brand=131&goods_type=4&ftype=5
Samuel Gawith/塞缪尔加维,烟斗丝,5,4,单品,1001,Samuel Gawith Golden Glow 50g装,3200,50g,https://ribenyan.com/index.php?m=goods&a=list&brand=131&goods_type=4&ftype=5
Samuel Gawith/塞缪尔加维,烟斗丝,5,4,单品,1005,Samuel Gawith Perfection 50g装,3200,50g,https://ribenyan.com/index.php?m=goods&a=list&brand=131&goods_type=4&ftype=5
Samuel Gawith/塞缪尔加维,烟斗丝,5,4,单品,1007,Samuel Gawith Fire Dance Flake 50g装,3200,50g,https://ribenyan.com/index.php?m=goods&a=list&brand=131&goods_type=4&ftype=5
Samuel Gawith/塞缪尔加维,烟斗丝,5,4,单品,999,Samuel Gawith Grousemoor 50g装,3200,50g,https://ribenyan.com/index.php?m=goods&a=list&brand=131&goods_type=4&ftype=5
Samuel Gawith/塞缪尔加维,烟斗丝,5,4,单品,1008,Samuel Gawith Commonwealth 50g装,3200,50g,https://ribenyan.com/index.php?m=goods&a=list&brand=131&goods_type=4&ftype=5
Samuel Gawith/塞缪尔加维,烟斗丝,5,4,单品,1002,Samuel Gawith Skiff Mixture 50g装,3200,50g,https://ribenyan.com/index.php?m=goods&a=list&brand=131&goods_type=4&ftype=5
Samuel Gawith/塞缪尔加维,烟斗丝,5,4,单品,1003,Samuel Gawith Squadron Leader 50g装,3200,50g,https://ribenyan.com/index.php?m=goods&a=list&brand=131&goods_type=4&ftype=5
Samuel Gawith/塞缪尔加维,烟斗丝,5,4,单品,1004,Samuel Gawith Balkan Flake 50g装,3200,50g,https://ribenyan.com/index.php?m=goods&a=list&brand=131&goods_type=4&ftype=5
Samuel Gawith/塞缪尔加维,烟斗丝,5,4,单品,1006,Samuel Gawith Bothy Flake 50g装,3200,50g,https://ribenyan.com/index.php?m=goods&a=list&brand=131&goods_type=4&ftype=5
SILK ROAD/丝绸之路,烟斗丝,5,4,单品,609,SILK ROAD 40g装,1350,40g,https://ribenyan.com/index.php?m=goods&a=list&brand=83&goods_type=4&ftype=5
SOL/,烟斗丝,5,4,单品,585,SOL Gold 30g装,960,30g,https://ribenyan.com/index.php?m=goods&a=list&brand=76&goods_type=4&ftype=5
SOL/,烟斗丝,5,4,单品,586,SOL Gold 80g装,2480,80g,https://ribenyan.com/index.php?m=goods&a=list&brand=76&goods_type=4&ftype=5
SOL/,烟斗丝,5,4,单品,587,SOL Mint 30g装,960,30g,https://ribenyan.com/index.php?m=goods&a=list&brand=76&goods_type=4&ftype=5
Sweet Dublin/甜都柏林,烟斗丝,5,4,单品,610,Sweet Dublin 50g装,1620,50g,https://ribenyan.com/index.php?m=goods&a=list&brand=84&goods_type=4&ftype=5
Take Your Time/,烟斗丝,5,4,单品,622,Take Your Time 50g装,2950,50g,https://ribenyan.com/index.php?m=goods&a=list&brand=85&goods_type=4&ftype=5
W.Ø.LARSEN/,烟斗丝,5,4,单品,719,Larsen The Master's Blend 50g装,1690,50g,https://ribenyan.com/index.php?m=goods&a=list&brand=102&goods_type=4&ftype=5
W.Ø.LARSEN/,烟斗丝,5,4,单品,996,Larsen Signature 100g装,4700,100g,https://ribenyan.com/index.php?m=goods&a=list&brand=102&goods_type=4&ftype=5
W.Ø.LARSEN/,烟斗丝,5,4,单品,720,Larsen Fine and Elegant 50g装,1690,50g,https://ribenyan.com/index.php?m=goods&a=list&brand=102&goods_type=4&ftype=5
W.Ø.LARSEN/,烟斗丝,5,4,单品,721,Larsen Mellow and Tasty 50g装,1690,50g,https://ribenyan.com/index.php?m=goods&a=list&brand=102&goods_type=4&ftype=5
飞鸟/,烟斗丝,5,4,单品,450,飞鸟 100g罐装,3600,100g,https://ribenyan.com/index.php?m=goods&a=list&brand=57&goods_type=4&ftype=5
Amsterdamer/阿姆斯特丹,烟丝,6,8,单品,724,阿姆斯特丹/Amsterdamer Original Virginia 30g装,550,30g,https://ribenyan.com/index.php?m=goods&a=list&brand=69&goods_type=8&ftype=6
Amsterdamer/阿姆斯特丹,烟丝,6,8,单品,725,阿姆斯特丹/Amsterdamer Dark Virginia 30g装,550,30g,https://ribenyan.com/index.php?m=goods&a=list&brand=69&goods_type=8&ftype=6
Amsterdamer/阿姆斯特丹,烟丝,6,8,单品,726,阿姆斯特丹/Amsterdamer Bright Virginia 30g装,550,30g,https://ribenyan.com/index.php?m=goods&a=list&brand=69&goods_type=8&ftype=6
Bragilian Spirit/,烟丝,6,8,单品,733,Bragilian Spirit Classic 20g装,480,20g,https://ribenyan.com/index.php?m=goods&a=list&brand=105&goods_type=8&ftype=6
Bragilian Spirit/,烟丝,6,8,单品,732,Bragilian Spirit American Blend 20g装,480,20g,https://ribenyan.com/index.php?m=goods&a=list&brand=105&goods_type=8&ftype=6
Bragilian Spirit/,烟丝,6,8,单品,734,Bragilian Spirit Dark Fired 20g装,480,20g,https://ribenyan.com/index.php?m=goods&a=list&brand=105&goods_type=8&ftype=6
Bragilian Spirit/,烟丝,6,8,单品,735,Bragilian Spirit Virginia Blend 20g装,480,20g,https://ribenyan.com/index.php?m=goods&a=list&brand=105&goods_type=8&ftype=6
IROHA/,烟丝,6,8,单品,727,IROHA 30g装,750,30g,https://ribenyan.com/index.php?m=goods&a=list&brand=103&goods_type=8&ftype=6
RYTUA/,烟丝,6,8,单品,737,RYTUA Jatim 25g装,650,25g,https://ribenyan.com/index.php?m=goods&a=list&brand=104&goods_type=8&ftype=6
RYTUA/,烟丝,6,8,单品,736,RYTUA Zambesi 25g装,650,25g,https://ribenyan.com/index.php?m=goods&a=list&brand=104&goods_type=8&ftype=6
大江户刻/,烟丝,6,8,单品,972,大江戸刻 OH·EDO KIZAMI 30g装,1650,30g,https://ribenyan.com/index.php?m=goods&a=list&brand=128&goods_type=8&ftype=6
宝船/,烟丝,6,8,单品,730,宝船 Gold 20g装,590,20g,https://ribenyan.com/index.php?m=goods&a=list&brand=107&goods_type=8&ftype=6
宝船/,烟丝,6,8,单品,729,宝船 20g装,590,20g,https://ribenyan.com/index.php?m=goods&a=list&brand=107&goods_type=8&ftype=6
小粹/,烟丝,6,8,单品,728,小粹 10g装,600,10g,https://ribenyan.com/index.php?m=goods&a=list&brand=106&goods_type=8&ftype=6
松风/,烟丝,6,8,单品,731,松风 30g装,830,30g,https://ribenyan.com/index.php?m=goods&a=list&brand=108&goods_type=8&ftype=6
